06247 19980430 5 259.59
94496 19970218 11 23.99
26895 19970902 1 87.68
97671 19980211 11 428.57
81020 19970428 6 248.94
25385 19970118 4 159.84
45828 19981224 3 269.09
26314 19980320 4 379.00
88099 19970705 12 325.16
15041 19970812 9 446.91
89184 19971127 11 362.28
70063 19980228 8 395.36
56403 19981104 12 408.87
99984 19980706 1 334.10
61222 19970609 8 397.94
71446 19971205 6 396.24
14841 19970828 2 439.94
30866 19970914 7 390.36
37572 19970810 2 302.99
24429 19970802 4 306.89
28335 19980121 6 258.97
22330 19980613 3 134.39
87346 19980517 9 125.20
70530 19980704 2 440.01
18702 19970329 9 294.66
70016 19971228 10 287.02
78868 19981120 8 197.11
01656 19970916 5 94.85
37890 19980202 5 390.65
81794 19980518 2 196.28
62475 19980224 7 456.00
92531 19971105 12 306.35
65559 19970727 11 369.29
67136 19981202 2 383.97
22922 19970301 4 195.14
32195 19970419 1 15.96
07071 19970225 4 185.38
41793 19980517 12 13.39
44204 19981217 2 115.93
24045 19970927 3 440.12
47725 19980628 5 84.01
30027 19970613 9 456.14
47971 19980926 10 473.96
47886 19970710 9 480.67
16305 19980227 8 66.48
28583 19970816 4 345.70
47680 19981214 9 478.66
41392 19980209 7 441.07
99163 19981210 11 197.16
14809 19971118 2 149.66
88955 19981021 10 318.79
75229 19980615 4 266.32
70686 19980517 3 444.15
15473 19970422 2 81.68
56105 19971207 10 432.76
49463 19980419 6 274.61
08755 19980518 7 446.31
90069 19971016 7 96.20
99400 19970419 2 343.92
99628 19980422 1 256.32
14083 19980907 8 347.54
23023 19970909 11 236.79
44304 19980303 9 366.89
43385 19980721 2 281.21
31359 19990101 12 216.03
60413 19980212 11 470.78
86410 19970922 3 195.70
74427 19970410 1 47.74
65765 19970208 11 244.18
63706 19980814 7 293.11
32066 19970811 3 228.59
40430 19971007 3 216.44
10885 19981018 3 302.05
28058 19971206 3 91.10
52222 19970521 4 140.49
55049 19970609 9 252.65
05025 19980112 8 6.85
16828 19970126 9 66.32
69604 19980110 12 385.83
15093 19980917 9 32.02
52456 19970312 4 337.98
90395 19980322 1 267.49
03624 19980420 7 275.09
33905 19970721 7 160.53
33250 19970807 8 98.56
85151 19980924 12 471.72
04764 19981026 1 448.07
95496 19971214 11 174.34
61269 19980710 10 318.32
19855 19981223 9 113.86
87101 19980314 10 313.38
18178 19970916 9 351.44
58624 19980116 9 332.11
49834 19980514 9 406.19
34234 19980828 3 459.63
33859 19971205 2 382.35
22006 19980926 6 42.46
18102 19971225 9 129.22
95751 19980611 9 389.51
13658 19970108 2 234.94
32959 19980131 9 56.68
80035 19970728 4 89.24
38061 19971210 1 200.26
14476 19970310 2 98.62
01128 19980123 12 216.22
71516 19980325 9 204.04
95810 19980428 1 334.54
37352 19980325 9 371.32
40439 19971019 1 376.13
54305 19971213 1 214.48
71441 19980928 3 361.30
75580 19970624 10 395.26
03223 19971216 3 230.79
39871 19970426 11 119.57
40087 19970603 6 256.09
54620 19970827 3 321.12
42230 19981215 11 487.79
49044 19980130 12 438.25
91370 19981012 5 178.89
21504 19970619 9 215.71
32783 19970612 3 401.27
04161 19980824 1 348.39
54904 19970320 5 255.23
60293 19971108 2 170.56
85732 19970908 2 277.42
49319 19980521 10 59.85
87499 19971108 5 497.78
50962 19971014 1 182.48
41271 19971125 8 244.02
49121 19980422 8 334.49
74605 19970726 11 177.18
43624 19981124 12 20.51
14639 19981123 6 395.35
78347 19981017 1 273.51
20704 19980504 3 482.17
89802 19981010 9 424.95
63440 19980527 9 327.66
27517 19970409 9 225.81
87644 19970127 8 379.60
71009 19980907 4 276.83
60041 19970409 12 359.50
88394 19980622 6 11.19
93006 19980318 9 195.46
53386 19970321 7 490.27
11236 19970826 6 60.21
22111 19980905 12 59.17
71250 19971020 2 415.38
71040 19970912 10 416.45
79380 19980814 11 168.39
97000 19980222 7 84.36
84848 19981025 12 56.68
86042 19980329 8 106.06
43244 19981111 2 157.70
67278 19980930 2 406.45
06018 19981230 7 224.75
20136 19980811 11 472.73
61680 19970116 3 493.83
87263 19980529 12 481.22
95895 19980710 5 471.34
71729 19980413 5 109.41
85380 19970828 6 8.90
76767 19970719 2 279.96
37532 19980727 9 217.21
92205 19980410 4 270.36
33293 19980714 6 457.43
47353 19970326 4 300.04
34793 19981202 6 36.02
58798 19970221 5 411.01
88490 19980514 9 25.62
00104 19971021 1 266.98
52219 19980322 11 487.71
76039 19980109 4 113.18
07979 19980131 12 74.80
54465 19971216 10 424.84
48874 19980109 10 162.08
58247 19971207 7 253.55
12163 19980330 9 202.88
39657 19981019 4 493.51
36901 19981223 4 442.32
81851 19970922 1 471.34
70969 19980924 7 276.56
64358 19981029 2 75.67
62020 19970203 5 403.00
16925 19970806 1 269.07
68768 19980530 5 17.82
29913 19980304 12 143.18
22465 19970618 4 462.41
63722 19970225 1 299.23
75742 19981007 2 31.95
66574 19980514 10 298.87
88413 19980226 3 210.65
69460 19981109 3 236.63
76303 19980214 3 235.64
01104 19970108 11 293.79
20064 19970710 2 6.34
05923 19970415 5 359.36
60080 19970928 11 402.88
02942 19980117 10 340.50
56518 19970627 8 335.81
81647 19970806 3 297.03
22948 19970830 1 470.27
85323 19981020 10 131.33
64636 19971007 5 125.48
06289 19980723 2 137.89
77756 19980910 9 384.52
90064 19970707 5 147.42
16180 19981118 5 379.59
98630 19980310 4 229.99
97439 19980414 6 157.83
90001 19981204 9 399.46
26383 19970625 3 381.25
54696 19980614 12 479.18
15212 19970805 6 285.33
69525 19970502 7 385.64
60933 19971120 1 11.88
29384 19981020 10 226.19
44262 19980319 1 272.83
34995 19970811 3 407.67
89505 19971214 8 133.98
37393 19980601 10 397.34
26703 19980206 4 224.42
51991 19971127 6 128.00
76885 19980926 9 468.23
64581 19971210 6 421.04
18994 19970509 2 303.36
91236 19970227 9 176.78
96236 19980325 3 35.65
12292 19980707 9 279.93
34738 19980611 1 445.62
85182 19980319 12 239.23
32788 19970508 11 365.73
31469 19980330 7 66.94
31134 19981116 7 75.72
43948 19970927 5 259.35
57956 19980828 11 190.30
55949 19980524 12 490.91
48388 19970225 9 291.93
42235 19971214 1 128.67
95310 19980130 8 427.83
58042 19980406 12 333.05
08095 19980716 5 169.23
55956 19981210 2 301.70
44520 19980414 6 185.45
49451 19980616 9 300.82
50432 19970623 11 383.28
08722 19980513 6 304.27
43569 19970101 1 468.25
59722 19981001 2 150.65
77936 19980508 1 419.76
41691 19981030 12 182.54
82393 19970502 3 472.07
22347 19980318 1 391.96
27606 19981109 10 140.64
41090 19980402 10 221.22
29803 19970721 1 232.72
61927 19980826 1 11.93
84593 19980627 5 498.89
23849 19980512 6 416.20
60994 19970314 10 239.80
42286 19971223 6 236.63
39834 19971227 7 118.67
02237 19981117 8 207.34
99853 19980903 3 302.90
18013 19970622 5 24.99
95003 19980107 2 447.13
04016 19970806 10 477.86
61387 19980222 6 275.66
16015 19970606 5 211.14
75590 19971130 12 394.35
75321 19970205 8 499.45
12530 19971230 5 42.46
04953 19970114 7 258.05
79033 19980720 7 449.35
95380 19980926 9 121.81
11381 19970618 3 225.02
37182 19980413 11 36.87
54734 19970410 1 423.34
63525 19971116 6 49.00
71229 19970809 2 407.90
47052 19980506 7 350.98
09301 19970514 5 161.73
69965 19971218 9 182.96
99650 19970130 11 349.62
36643 19970926 9 412.05
68386 19970122 1 220.88
96614 19970223 11 463.85
72737 19970817 6 179.02
48058 19970521 7 434.02
58104 19980426 1 466.92
27942 19980815 1 139.34
67928 19971003 4 49.86
60338 19980621 5 413.66
42581 19970122 5 372.81
59565 19980831 11 95.64
26711 19981222 5 177.55
29557 19971116 8 464.03
28877 19970102 12 79.09
96330 19971006 12 209.73
95364 19980205 7 442.44
69144 19971105 11 348.58
98887 19980615 1 396.22
20856 19971122 7 340.73
97724 19980419 12 75.95
63175 19980315 11 6.11
14443 19970526 2 158.06
48137 19980729 2 204.91
36822 19970209 4 120.28
79677 19970511 10 454.30
77407 19980712 7 326.13
56711 19980426 8 489.57
38689 19970525 1 422.76
97868 19970729 3 463.85
26681 19980303 6 25.44
23308 19970703 9 108.44
17847 19971011 10 261.46
29979 19970205 2 194.67
06249 19980304 1 34.66
49371 19980823 1 130.26
10020 19970319 10 179.42
27135 19971023 7 73.52
61835 19980831 8 178.94
53937 19970820 6 59.00
43800 19971216 1 473.44
37067 19980625 7 105.02
76319 19980224 10 470.54
53504 19981027 9 383.18
53385 19970207 5 183.43
49861 19970714 8 37.31
03386 19980531 2 413.39
34252 19980710 8 49.19
47078 19980722 4 259.06
88649 19970207 8 389.86
03766 19970723 2 476.72
16476 19971130 8 318.25
51221 19980123 8 306.69
26788 19981015 10 157.33
65375 19970815 6 488.58
85223 19980120 8 432.38
61118 19980606 4 122.32
91490 19980731 6 419.81
42766 19981009 12 176.08
17752 19970915 1 343.99
45417 19981111 11 455.81
15580 19970216 5 200.77
06806 19970609 10 194.84
98858 19981215 10 21.22
10608 19970213 7 342.83
89299 19971130 11 5.99
26278 19980816 1 59.15
73693 19981001 8 222.93
96699 19970601 9 95.65
58674 19981010 11 470.84
35820 19981102 5 401.46
67559 19970415 6 343.38
02014 19980105 9 292.78
39851 19980207 7 419.09
93523 19970310 6 85.77
47050 19980506 2 54.99
09263 19980306 12 120.92
39155 19980706 2 285.83
53385 19970710 1 485.20
88655 19980404 5 286.36
59872 19980704 8 212.49
83413 19980301 6 183.42
48610 19970218 6 239.34
88439 19980911 12 174.61
50397 19970130 10 37.81
78028 19970407 10 433.41
32810 19970401 9 96.35
02599 19970807 3 208.59
12077 19970903 4 231.93
81054 19970318 8 186.46
46591 19971124 4 442.10
90783 19980608 11 260.66
81191 19970223 4 146.12
63677 19971129 1 147.90
99439 19981020 5 455.73
69280 19980817 5 344.09
50390 19970720 11 78.21
43404 19980602 10 395.19
13332 19970604 11 352.12
76608 19981007 3 251.33
22273 19980415 6 82.86
30221 19970526 3 466.26
69093 19980401 6 454.69
28170 19980517 2 47.91
28995 19970118 7 277.90
31795 19980404 11 256.08
46646 19971214 11 187.59
04612 19971206 6 16.17
43662 19980204 7 488.88
92305 19970115 5 423.99
62483 19980423 7 205.45
20482 19980404 8 209.70
01621 19971226 3 437.41
44024 19981022 12 70.78
17835 19971208 12 473.24
04738 19980908 7 202.25
35214 19971206 2 251.53
04490 19980219 2 497.71
59731 19970313 12 33.69
52225 19980906 12 164.53
88300 19980916 1 38.86
27724 19970527 6 252.56
19519 19980717 11 49.52
80301 19980429 10 368.17
64590 19980705 10 286.53
71016 19971029 6 361.79
01518 19980120 7 58.66
94400 19981213 11 415.31
56384 19970430 1 476.35
14834 19970929 10 46.04
79047 19970302 2 116.52
91492 19980825 11 171.50
13905 19970327 2 103.61
24212 19970325 12 478.63
94795 19980223 10 33.18
23879 19970319 7 289.07
85211 19980325 7 265.40
64621 19970531 11 490.20
42170 19970115 8 14.73
38643 19980726 2 231.34
93369 19980723 5 35.80
17703 19970725 10 271.58
55360 19980630 5 137.97
46188 19981024 2 52.44
35051 19980628 10 394.71
83369 19980212 3 459.46
99908 19970624 5 184.01
38807 19970602 11 28.83
30116 19981027 9 129.22
25370 19980927 8 252.68
16169 19980714 1 462.74
49827 19980811 4 339.39
28700 19970722 7 269.58
99729 19980102 12 46.05
81223 19970216 7 333.01
74516 19980508 2 222.38
01595 19970601 1 117.64
78784 19970316 3 482.07
24527 19970919 9 476.67
02250 19980213 9 477.43
47835 19980310 2 446.50
07100 19970601 6 464.34
91170 19970227 4 453.33
38759 19970908 4 55.29
54792 19980926 11 412.54
47655 19970817 11 28.63
89432 19970509 3 109.64
10733 19980825 5 210.08
32926 19970430 7 280.53
97620 19970705 6 223.03
61968 19970507 10 338.89
18779 19980323 2 448.24
65175 19980829 12 427.71
26983 19981107 5 443.24
94983 19970519 8 292.40
04510 19980914 1 302.13
61221 19970103 1 463.41
87668 19980917 9 497.94
21999 19970819 5 177.94
40570 19971102 5 375.99
33577 19980623 5 499.47
38688 19970412 6 371.20
92455 19980731 12 486.56
51330 19980114 7 444.23
40215 19980929 8 214.68
52749 19971010 7 286.89
88007 19981231 4 73.61
67686 19970216 2 190.63
65562 19970422 10 446.82
84931 19980129 6 120.69
74336 19980319 7 337.89
19767 19980103 6 239.70
09571 19970517 2 322.56
12403 19981125 8 333.53
58340 19970914 10 352.46
79055 19980719 1 11.35
85830 19981026 2 10.98
23535 19980918 1 386.79
30686 19980131 2 200.11
49449 19980808 5 369.24
46754 19970510 10 447.55
67527 19970424 9 407.96
90988 19970907 5 16.87
02872 19980930 8 340.88
81782 19971014 2 457.33
19219 19970925 7 393.66
90947 19980728 12 99.09
48200 19970508 6 409.02
47485 19971106 7 204.81
99481 19980701 10 448.89
77055 19970731 9 376.38
06824 19970629 2 441.13
24491 19980404 10 148.12
42869 19970604 11 124.40
20916 19980926 5 18.98
28357 19980510 7 274.84
85458 19980612 1 213.40
14892 19980715 11 105.71
40749 19970313 9 337.63
86300 19980123 7 252.35
77395 19980612 11 205.22
59627 19971124 7 235.95
35823 19970916 10 478.41
58497 19980916 7 239.75
11920 19970611 10 55.93
55334 19980209 9 260.33
36394 19980218 11 484.28
97394 19970316 6 298.90
59678 19970419 3 50.78
51839 19970520 5 141.06
29634 19981216 5 106.46
90968 19980718 8 223.76
01191 19970315 3 142.00
51530 19970519 11 435.20
24398 19970327 7 243.80
32899 19980419 2 160.53
21324 19971227 12 142.92
92342 19971025 10 490.06
46539 19970601 4 149.59
54964 19971027 3 68.17
25316 19980109 5 118.25
73770 19970610 5 309.74
90481 19970928 6 70.10
59663 19980617 8 193.11
64468 19980105 1 195.04
96902 19980215 6 296.27
78988 19981231 2 134.71
39378 19970918 3 433.82
10473 19980819 11 90.80
02071 19980220 9 311.25
58313 19970419 10 372.78
18459 19970528 9 317.51
15737 19970317 4 221.11
16446 19970727 5 117.92
27570 19980203 8 43.97
41933 19980729 10 487.61
72775 19980111 9 420.10
21138 19980217 5 240.88
97733 19980901 9 19.77
76720 19981013 8 149.32
11355 19980125 12 42.54
40566 19970304 12 235.57
38114 19970207 8 290.15
95719 19981021 9 309.09
67525 19980119 5 207.28
02051 19970928 9 234.52
02085 19971028 7 94.29
35995 19970127 11 86.59
95370 19970503 4 251.99
98070 19970609 12 211.78
24761 19970709 1 227.00
27182 19981031 6 351.74
03785 19981102 1 106.43
86807 19970813 8 452.61
80998 19970102 9 222.84
72431 19971111 11 134.12
24594 19971117 8 50.57
81799 19981212 10 223.67
64392 19971001 4 93.10
45693 19970316 10 85.20
67326 19980914 10 493.37
86192 19980219 2 241.33
07456 19980606 4 439.29
48681 19970317 6 201.60
12892 19980118 1 325.68
58446 19970906 2 346.80
24610 19970312 8 325.35
06842 19970127 9 211.89
78422 19970809 9 483.20
27030 19970726 12 32.12
08196 19981110 4 383.63
88815 19980122 2 205.58
93240 19970516 10 62.71
30244 19980404 4 460.20
31223 19971001 9 261.51
73235 19980218 12 403.97
22788 19981007 11 229.14
36260 19970623 11 73.36
41334 19980614 11 355.42
52054 19980220 9 420.24
39999 19980524 4 256.43
34956 19981214 3 431.16
70388 19980324 2 109.36
84125 19980131 5 125.19
78167 19970630 3 385.28
48502 19970907 5 120.43
93045 19981129 5 413.50
92001 19981112 8 393.62
26579 19980817 11 428.97
13625 19970331 7 171.97
12826 19971028 6 260.18
50984 19970122 7 462.14
58247 19971130 7 309.92
14578 19971223 3 394.98
55251 19981106 1 465.18
23454 19980102 2 287.25
19111 19981220 4 35.57
46082 19971008 7 169.43
86486 19970723 3 245.24
25634 19970311 6 264.67
58294 19970830 1 182.96
72455 19981222 12 473.53
15594 19980601 8 73.77
15801 19971204 8 398.77
16320 19971028 12 37.70
65748 19970701 12 456.20
17535 19971010 1 368.71
55510 19980525 4 485.82
21709 19980804 7 316.66
49751 19981205 3 485.77
27612 19980516 7 457.22
65290 19980419 1 31.10
94720 19980122 2 58.19
83988 19970211 11 212.34
53522 19970622 7 209.06
77974 19980911 2 376.47
41715 19971111 6 260.24
47420 19971206 9 101.45
91043 19980429 6 126.98
29958 19970410 1 374.15
75388 19980409 10 202.53
51146 19970507 1 48.79
98097 19980719 6 409.54
12045 19981204 6 292.07
90200 19970330 9 467.59
24697 19980822 5 485.61
67705 19970401 7 112.71
25578 19971218 6 134.68
58400 19980217 2 252.89
52325 19980410 4 427.75
04845 19970715 7 198.34
15218 19970922 10 78.40
75083 19981122 11 328.19
76727 19970426 6 123.12
59403 19970411 2 337.32
92360 19971026 12 248.91
95571 19970526 10 392.66
83406 19980705 3 31.75
69495 19970717 3 171.02
88911 19970706 11 445.73
37308 19970924 8 31.90
84227 19980729 10 77.55
19251 19971227 8 44.46
44612 19971110 5 334.10
09932 19971029 6 197.48
70626 19981113 10 457.17
06238 19971221 1 470.76
72218 19981017 11 456.87
44424 19970520 1 308.01
61261 19970609 4 309.34
69600 19971208 9 46.35
77621 19981010 2 451.35
17824 19971231 4 152.09
29499 19980905 10 387.06
95272 19980910 2 401.12
49040 19970210 2 68.70
36656 19981223 4 104.88
23043 19980619 12 394.87
47963 19980223 6 265.71
42538 19971005 10 309.64
02292 19970817 12 187.88
93130 19980302 1 353.11
53039 19971005 2 302.73
57356 19971130 11 270.16
75991 19981114 9 44.95
16157 19970928 4 77.77
47234 19970220 3 403.65
44925 19970218 8 315.04
68729 19980619 10 32.35
62492 19980214 12 177.03
27144 19980106 4 55.17
99510 19970328 12 209.32
50455 19980606 5 191.25
54560 19980830 1 201.33
52045 19970921 12 244.95
10687 19971018 10 223.65
57976 19970517 2 184.72
19828 19971106 3 292.64
94405 19981226 1 119.25
02962 19981129 11 66.51
06707 19980805 10 166.82
66372 19980801 3 184.69
49182 19990101 3 149.73
02793 19971206 7 184.82
34389 19971111 8 128.96
10724 19970501 11 196.05
77566 19971016 12 405.45
66600 19980621 9 96.77
07813 19981104 4 225.73
21388 19970621 5 304.74
99617 19970928 5 459.45
42102 19980125 3 180.60
34569 19980502 6 205.34
39626 19980805 3 200.32
46459 19980418 9 80.87
64904 19981106 10 16.29
60670 19971218 12 165.46
17170 19970410 6 45.59
90108 19970930 11 212.15
23402 19980503 9 395.32
27086 19970406 2 97.02
52147 19980813 1 292.22
33732 19970704 4 223.74
79071 19980724 11 478.59
77434 19971029 7 61.83
81511 19971025 8 486.72
56766 19970720 1 475.63
87418 19980412 7 331.79
89215 19970211 4 258.60
42127 19981204 11 238.18
13084 19980530 11 308.46
23022 19971219 4 38.86
78261 19980907 8 351.46
49703 19970217 6 165.99
73659 19980901 6 54.65
48682 19980304 1 181.66
99535 19981031 7 492.94
04418 19970221 4 371.78
92379 19970808 7 451.60
92331 19980826 9 17.16
94672 19981228 6 48.77
79738 19980613 8 454.37
86301 19970721 12 350.50
56380 19970630 2 47.36
59875 19980731 7 177.12
33974 19981030 10 358.47
53970 19980310 10 103.81
15493 19980823 11 298.13
31429 19970710 11 422.11
73783 19970606 4 294.21
63823 19970115 3 207.26
56883 19970802 9 317.28
17934 19970118 5 387.51
69975 19971117 10 198.52
15718 19980621 8 23.80
36320 19970721 11 183.88
40745 19980409 7 419.87
07051 19970404 2 107.77
12349 19980410 5 170.48
36576 19970501 6 246.40
47565 19981115 11 356.83
30107 19970323 12 489.35
81957 19970713 4 376.58
79560 19970316 5 417.10
52193 19980521 8 258.30
39923 19980303 2 348.76
78591 19970809 6 366.32
57462 19981026 7 333.11
69111 19970806 4 442.67
13886 19980226 2 223.50
64266 19971016 11 400.15
49572 19981005 2 380.49
71283 19970206 12 176.79
07651 19970907 7 203.62
46309 19981205 10 275.76
16338 19970830 12 499.64
59190 19980130 4 56.22
91497 19981010 4 333.86
27653 19970907 11 124.37
11753 19970316 4 366.20
54986 19980828 11 185.98
18863 19970208 4 169.55
93975 19970910 2 103.10
41289 19981223 1 311.67
65271 19970309 12 494.96
18484 19971118 11 118.61
03776 19970412 3 425.99
17871 19970730 10 42.77
55313 19980227 7 269.94
35472 19970613 4 46.44
47866 19980411 11 240.32
72408 19970608 5 391.56
04085 19970415 8 416.98
47929 19980926 2 150.58
46229 19970214 5 173.62
44448 19970515 7 349.61
00399 19971019 10 222.20
52463 19980307 12 445.07
94748 19970930 1 235.30
29673 19980307 6 72.33
71129 19971219 3 216.77
66168 19980604 4 74.38
47194 19981121 9 480.51
49810 19970626 2 143.42
69474 19970322 7 420.60
98534 19980905 7 114.69
03347 19971217 3 447.59
88264 19980303 4 36.74
07447 19970804 4 178.22
69673 19970909 8 302.05
26538 19970520 10 404.87
93939 19981216 12 477.12
52971 19970124 8 138.63
06145 19970811 11 212.10
26304 19970124 7 54.17
65229 19970410 7 245.15
39515 19970407 10 458.84
99748 19980315 6 11.36
00027 19980609 11 20.33
64388 19981119 5 364.20
00187 19980719 7 380.61
76606 19971221 7 306.52
01960 19970711 9 404.45
91573 19980222 3 92.57
27204 19980305 2 232.36
21186 19970512 5 323.91
15979 19980104 2 169.89
69554 19980415 5 270.30
81321 19970602 10 478.06
20134 19980704 3 15.98
56468 19970101 4 397.43
00617 19980125 1 326.44
13379 19981102 8 496.17
24546 19980406 6 221.02
21010 19970301 11 375.24
27822 19970625 11 405.73
21974 19981007 3 202.67
19965 19980804 12 148.08
62621 19971018 5 253.96
92359 19981121 3 72.68
44913 19970413 2 496.79
01804 19980607 5 159.37
00752 19980511 3 14.77
93920 19980606 9 296.23
44603 19980510 10 369.33
36355 19971102 4 185.27
52914 19980225 4 261.90
87551 19980207 7 448.93
80036 19970508 11 441.84
73776 19970915 1 262.70
56279 19980406 12 437.47
58555 19980922 9 195.31
53908 19980106 3 20.93
65987 19981119 10 281.50
94890 19981212 2 396.90
17197 19981015 7 34.28
68855 19980908 9 478.20
70174 19970210 4 119.66
79983 19970930 5 490.98
37771 19980308 11 177.27
83761 19971202 9 448.79
48395 19970719 8 97.99
37707 19971007 3 98.60
44815 19971220 4 211.17
82118 19970922 3 320.83
99725 19981102 6 265.59
85159 19970601 8 211.32
90437 19970826 1 23.37
66160 19971027 11 22.34
84956 19971108 3 457.38
85222 19970806 11 37.46
25179 19980704 1 143.03
16270 19980110 3 414.83
49310 19971224 1 367.13
30958 19980710 3 101.80
35647 19971203 8 191.38
50391 19980503 7 162.89
10544 19970408 8 350.76
73029 19980507 11 245.04
98446 19980925 6 444.12
19309 19980410 3 204.36
96463 19970817 12 315.28
74394 19971214 4 373.62
05319 19970926 6 337.96
30483 19990101 4 191.54
90470 19970207 10 158.92
65726 19981229 6 337.21
86571 19970402 9 67.11
43928 19981028 2 255.79
77892 19970710 1 436.04
54477 19970202 8 18.87
95161 19980314 11 159.99
36572 19980722 9 117.86
45915 19981017 7 288.12
71817 19971016 3 8.76
87822 19970409 10 39.12
63841 19981002 9 364.91
47958 19970110 10 338.50
10361 19980423 11 107.05
97623 19971022 5 329.01
71696 19980415 2 125.70
61041 19980611 5 450.20
72386 19970702 2 246.21
22656 19980201 10 117.68
09958 19970619 6 9.00
00968 19970502 1 143.89
18985 19971228 7 264.19
98866 19970729 10 487.11
00265 19981019 11 275.45
21861 19970918 6 366.46
19750 19980701 7 82.54
60201 19970213 12 477.09
21042 19981218 3 229.45
23133 19970915 5 289.26
59568 19980523 8 472.59
87789 19980419 8 97.60
62587 19970215 4 133.68
66299 19971117 2 43.64
63581 19980110 3 433.02
05271 19971014 5 384.12
06661 19990101 7 26.04
20323 19970414 3 327.24
24900 19981027 2 124.09
30385 19970818 4 424.90
39196 19981221 4 316.70
29376 19970903 1 433.74
33924 19970323 5 355.38
36363 19970519 2 234.91
28707 19980821 6 141.56
34693 19981031 11 130.06
41158 19970324 5 498.06
89977 19980224 2 239.79
29469 19970525 1 456.47
21914 19971217 5 387.79
29108 19970825 2 286.99
54227 19970807 10 274.27
76561 19981213 6 348.09
25019 19980915 7 382.63
25173 19970524 11 266.19
12899 19970203 2 129.96
85051 19970606 10 341.45
24057 19980512 3 28.85
99038 19970111 4 459.96
75544 19970327 12 40.01
96424 19981108 10 47.65
44179 19970702 4 151.04
01913 19971102 8 326.38
61847 19980306 11 480.79
45188 19980108 12 201.90
93752 19970514 12 349.38
95668 19980904 9 177.25
91623 19981005 5 95.32
27895 19981007 11 53.99
21913 19980715 11 68.53
38995 19970629 12 255.68
37424 19970726 9 160.32
84063 19971116 4 309.91
39978 19971002 6 70.66
22398 19981015 4 129.78
19726 19971009 1 198.89
21649 19970424 5 412.95
28869 19981005 6 382.21
94577 19970129 6 378.60
81079 19970304 7 160.02
76809 19980327 11 461.59
97365 19980714 2 287.21
15171 19970525 2 223.65
26626 19980212 7 473.26
91048 19980402 10 378.24
81871 19970830 11 377.03
04525 19981219 12 251.86
57335 19981003 1 60.30
50349 19970103 8 159.25
47246 19971128 6 276.66
82635 19970518 7 167.05
98836 19981215 11 474.46
42490 19970823 9 366.67
95617 19981117 5 416.22
94096 19980920 4 66.63
56645 19980618 11 262.89
07996 19970705 12 332.05
58555 19980708 11 491.70
99398 19980922 8 305.13
05735 19971230 10 299.71
95804 19970529 10 92.00
96273 19970822 9 202.84
34111 19970129 10 417.32
57399 19980425 7 239.09
73489 19971219 3 486.83
42512 19970222 5 273.09
66875 19970802 2 156.03
96876 19980426 5 264.65
63971 19980503 12 335.25
04700 19970926 7 147.01
25959 19970401 12 94.10
84973 19970216 4 228.38
43886 19981010 7 102.92
88248 19980320 9 117.76
86331 19970309 7 304.93
67124 19970308 2 41.69
48223 19970929 5 199.49
64013 19981027 10 417.45
30149 19980125 10 469.15
24103 19970316 5 328.93
06358 19971018 3 308.86
73605 19971209 7 40.24
49386 19980531 8 147.01
84896 19970324 4 238.43
41894 19980716 10 279.06
56894 19980627 11 471.53
33892 19980508 6 458.46
32679 19971206 3 201.09
84927 19970317 9 403.48
16778 19980404 9 371.55
06564 19971008 1 251.76
53344 19980217 1 260.56
85437 19970308 10 486.01
25798 19971231 12 211.39
55218 19981005 5 228.03
35935 19980914 5 101.03
72226 19981017 2 413.80
82338 19981206 10 223.43
82504 19970217 5 129.83
56925 19980611 7 162.46
25661 19980314 5 143.76
10022 19970318 2 486.23
73468 19971116 7 181.47
10039 19980529 10 458.71
48751 19970207 12 227.39
23145 19970416 1 485.57
24544 19980814 2 36.53
89646 19980405 12 337.13
66974 19980219 3 177.80
64029 19980322 4 307.11
47854 19970507 1 84.91
84743 19970328 9 11.61
89895 19980525 3 316.14
09767 19980610 8 145.39
01427 19970311 3 166.29
04952 19980723 3 418.98
17004 19980324 9 434.62
70160 19980731 5 63.22
57305 19980514 5 224.79
51426 19970223 11 393.76
89488 19971210 3 57.03
84364 19971230 9 397.23
74078 19970609 6 198.07
88869 19980331 4 208.35
47760 19980419 12 109.46
44363 19970722 3 35.92
58298 19970710 2 313.33
80558 19970214 10 60.42
49062 19981210 9 281.01
51859 19980518 7 381.41
33961 19970908 8 467.13
38395 19970421 1 100.48
68869 19980424 7 173.84
15103 19980709 8 151.97
70344 19970530 7 305.74
88950 19970825 9 335.13
46342 19981130 6 217.57
19294 19970508 6 428.13
98240 19970415 12 445.22
60826 19970213 11 125.67
56300 19980213 7 128.57
56452 19980807 1 234.48
65280 19980603 9 210.91
84857 19971208 4 499.90
21906 19970208 3 251.49
59389 19970624 4 12.37
42378 19980927 2 455.73
32789 19970210 12 429.88
53830 19980531 9 77.70
25407 19970219 7 100.25
72205 19980127 7 237.77
21859 19980824 2 328.11
48518 19970715 1 252.46
72301 19981223 6 311.22
87219 19971215 5 123.08
31014 19971119 11 70.01
74675 19970612 2 191.49
00816 19980318 2 93.81
37169 19970701 11 393.21
25309 19980923 10 443.24
21152 19980312 6 429.17
15632 19970801 1 434.40
23111 19980926 4 26.94
98239 19981013 3 38.97
45641 19980321 5 51.20
69122 19970628 9 483.50
35661 19971019 5 82.19
65486 19980528 7 253.27
49229 19970929 5 267.88
44462 19981106 7 376.35
57252 19970803 11 297.20
53737 19971217 7 398.98
09423 19980728 2 447.33
23872 19970830 5 255.60
56600 19980830 11 129.77
09308 19970728 9 298.94
98698 19970810 8 183.31
85414 19980618 8 313.48
24202 19970925 9 460.17
55921 19971203 4 303.58
49478 19970521 6 27.77
11783 19970728 8 56.34
96403 19980604 1 124.13
67439 19980904 2 434.92
79711 19980309 3 494.85
72937 19970920 2 317.04
84082 19980722 6 164.83
76978 19980227 5 333.09
28659 19971103 1 416.52
25437 19980323 11 262.93
98077 19980105 8 268.70
52856 19970908 10 467.00
33234 19970831 12 476.75
74837 19980618 5 254.10
86778 19981013 6 449.17
32677 19980414 8 202.73
38524 19970121 2 99.52
97224 19971120 9 358.01
70520 19980719 1 78.27
40638 19970417 4 138.40
64266 19971214 9 449.57
46839 19980828 9 103.29
99843 19980719 3 311.85
89660 19981208 9 42.33
19966 19971201 4 313.97
80425 19970223 11 322.66
56916 19970920 4 207.80
47085 19981216 8 254.47
34139 19970512 5 434.01
56127 19970820 11 129.58
72223 19980123 3 207.60
74739 19970831 1 139.45
79716 19970130 12 294.97
43415 19980222 3 354.21
05446 19970702 5 217.40
56797 19970905 6 243.37
54740 19970817 11 264.67
63027 19981024 8 291.16
25555 19981004 8 366.30
31511 19970903 7 385.35
32713 19970531 10 346.84
06112 19981112 4 164.47
80782 19981030 1 375.67
50351 19980130 12 71.39
00839 19970829 12 174.14
78432 19971124 8 455.99
85964 19980320 5 472.88
52768 19980703 1 315.34
99304 19970123 7 90.59
35323 19970811 10 73.93
03559 19980212 12 332.22
63002 19970930 12 22.12
66523 19970904 8 482.06
26130 19970311 7 44.02
47116 19981005 2 237.95
57243 19970109 7 324.84
42308 19980810 1 358.07
27632 19970608 10 58.35
01780 19970710 6 131.43
57636 19970409 12 74.70
00653 19971221 6 32.12
50580 19981204 7 130.20
97514 19981208 9 215.55
07658 19980819 8 109.79
40077 19970909 1 339.70
33394 19970205 7 303.64
49778 19980412 7 247.10
74375 19970129 6 387.13
16029 19970130 3 341.28
79967 19970629 10 324.29
91732 19970516 1 358.77
22297 19970327 8 488.45
02438 19981217 11 62.11
53045 19980326 1 205.65
57471 19981101 5 140.23
23362 19970221 11 150.64
87139 19970802 11 207.27
41400 19970605 5 367.68
95241 19970627 7 469.39
65515 19980705 8 479.89
07441 19970907 7 326.48
15812 19980829 12 42.22
63175 19990101 1 439.03
36767 19970816 11 271.99
18751 19970814 5 134.44
40421 19970119 12 351.69
50957 19981015 12 322.01
02506 19980318 4 137.96
06571 19970414 4 275.22
63856 19980407 7 206.26
41604 19980330 4 16.96
93660 19970518 3 210.57
70497 19981017 12 55.94
69129 19980921 2 392.61
81107 19980324 12 219.86
79283 19970527 7 240.65
50446 19970107 3 456.01
46373 19980527 12 425.14
54347 19970731 8 68.91
66615 19980801 5 109.68
27001 19980719 2 271.26
39860 19970928 8 402.83
35681 19970908 7 160.70
65663 19971019 9 225.87
31650 19980826 12 467.91
09342 19981209 3 122.06
66905 19970225 7 416.55
88377 19981014 6 77.31
71275 19971005 8 474.98
01364 19980119 11 414.34
84577 19970510 12 102.65
46576 19971201 10 309.99
30736 19980806 10 377.00
53146 19971208 3 303.89
09846 19971003 8 489.04
62327 19980318 6 203.62
92452 19970517 9 325.88
66914 19981220 5 158.54
04357 19981110 12 407.45
19186 19970329 3 86.55
98212 19980516 12 432.09
37174 19971220 9 249.92
55859 19970404 9 389.44
83005 19980207 9 338.79
62952 19970914 11 358.76
68799 19970420 3 199.45
55662 19970608 2 384.24
08005 19970422 8 388.38
41047 19980623 5 417.06
95342 19981020 3 456.00
22639 19970417 10 53.77
64166 19980121 1 20.86
08973 19980126 10 316.56
59062 19980103 7 87.50
55471 19980404 4 219.67
75643 19981011 12 488.39
86666 19970803 12 190.75
86661 19970429 7 175.05
58440 19970412 3 129.15
08421 19980305 12 26.02
85849 19970416 10 147.62
70561 19970705 12 356.36
68424 19981218 8 157.97
09698 19971223 9 441.55
19247 19971005 5 492.45
85859 19970612 12 95.41
60551 19980909 5 62.85
80419 19981104 1 402.81
67299 19981021 7 155.64
10175 19981022 12 128.68
35250 19970308 11 250.30
50879 19981025 6 292.06
65105 19970705 12 337.35
44515 19971107 8 237.76
64421 19971031 3 309.29
95588 19970604 5 420.48
36913 19971009 1 366.08
79282 19981218 10 260.33
49456 19981223 12 435.78
39617 19980202 8 498.22
68733 19980115 12 335.62
07263 19971107 11 276.13
87320 19971030 2 143.77
15636 19970621 6 415.84
22866 19970727 1 212.44
68944 19970618 9 375.13
87465 19980924 9 264.52
07924 19980716 5 464.08
31313 19980514 2 233.98
90075 19981222 2 250.83
49830 19970719 7 115.32
51911 19970912 1 160.92
90412 19971227 9 419.37
24376 19980317 10 250.72
72836 19970804 10 314.95
59017 19970102 1 439.74
16780 19980501 11 116.16
53875 19970219 5 408.53
61544 19971031 6 328.13
49875 19970701 10 248.03
41643 19971110 3 458.97
94053 19971003 11 413.61
16423 19980729 11 199.56
20048 19970718 9 236.84
72160 19981208 10 498.65
57867 19971223 5 183.16
30025 19970801 6 229.28
09626 19980621 3 49.53
35006 19980830 3 482.32
57823 19970117 9 491.77
37569 19971017 12 37.45
15032 19971225 2 259.11
37815 19980612 7 252.77
58665 19971005 3 456.12
45345 19980915 4 219.02
46950 19980322 9 140.69
96430 19980527 4 483.41
72132 19980410 7 58.87
80291 19980228 7 357.50
13782 19980214 9 489.93
40790 19980518 6 253.09
22152 19980127 4 386.06
47531 19980610 6 460.60
04381 19971110 9 253.89
17573 19970703 5 384.32
98203 19970205 4 259.76
47370 19980612 5 133.03
41723 19980811 12 288.87
32337 19970711 6 451.40
88326 19980818 7 256.94
76811 19980707 2 171.60
56141 19970122 6 61.37
06230 19980102 5 163.84
01968 19970401 8 418.64
82594 19971224 4 184.49
09798 19980302 9 200.41
78174 19980703 6 427.19
00028 19980914 6 30.17
83890 19981007 8 318.54
69416 19970725 5 259.42
72479 19970423 12 75.69
03259 19980312 5 120.13
51343 19970713 11 276.90
65115 19980723 8 494.67
95597 19980809 9 157.88
06260 19980505 4 134.57
65676 19980918 12 470.35
26351 19980524 6 219.94
94209 19970422 5 448.82
63284 19981026 6 110.35
76465 19970823 5 300.30
89282 19970129 10 7.08
69954 19980824 8 417.07
75839 19980901 6 316.96
07115 19970925 11 12.50
87685 19970708 2 477.38
66520 19980422 3 338.42
14447 19980315 5 196.83
32242 19970719 6 151.00
14900 19980916 12 483.17
16206 19971114 10 287.00
18634 19980709 6 29.83
22462 19970804 9 150.83
78154 19980209 3 118.36
09260 19970527 4 89.39
39313 19971122 9 358.36
83054 19980512 8 464.70
74201 19970829 8 360.31
18061 19981202 6 474.22
05238 19981230 10 13.42
27897 19980412 8 262.35
30445 19971124 6 277.32
26011 19980614 2 434.64
15767 19980610 6 365.26
14564 19971007 2 231.67
22562 19980610 8 333.86
58208 19981117 7 478.86
92318 19980407 11 65.82
40926 19980309 2 473.91
95210 19980224 2 51.05
91109 19981030 3 95.17
44493 19970805 3 474.64
92449 19970411 4 350.40
88413 19980915 5 29.55
62994 19980616 10 114.50
18238 19981130 8 452.25
95313 19970214 11 390.63
27590 19981001 5 332.48
63600 19971107 6 157.13
44726 19980128 9 120.19
57092 19970324 6 5.64
03390 19971106 8 388.53
19381 19970707 1 484.75
90084 19981116 6 274.61
60785 19980908 7 323.03
69944 19980119 11 228.17
45762 19980405 12 493.61
56059 19971220 5 324.16
97199 19980923 8 31.66
82226 19971210 11 176.65
62244 19981107 1 258.68
30458 19970924 5 39.55
87762 19980521 8 490.61
78701 19980427 2 68.94
39215 19970529 1 257.65
24070 19971216 2 406.68
05298 19970128 9 435.37
70722 19971003 4 158.34
58288 19981224 4 240.26
92265 19970801 12 413.36
43601 19970705 3 46.56
30084 19980214 9 206.90
14965 19970824 4 390.23
55490 19971227 5 6.13
06945 19970103 3 118.28
25951 19980606 9 320.06
45418 19980310 1 272.37
20726 19970706 1 234.56
11174 19981006 12 373.20
66037 19971214 4 457.58
93603 19981031 10 160.83
79488 19970829 4 445.99
77107 19971026 9 388.25
20241 19980214 2 149.69
89762 19980518 7 352.00
61929 19970421 8 356.11
61747 19970214 10 110.24
12472 19981202 4 106.19
79246 19970901 6 449.11
70178 19981017 10 195.52
61545 19970527 11 369.96
32306 19970622 4 437.72
15110 19980822 10 232.75
04979 19980831 8 108.73
55527 19980702 2 394.02
21572 19980411 11 8.08
53796 19970929 9 485.00
98889 19980313 2 148.71
37285 19970720 7 375.61
95558 19981228 12 275.75
37108 19970516 2 308.64
10821 19970211 4 195.76
26815 19981225 10 325.69
36603 19981008 3 103.88
48707 19971015 5 231.79
18049 19970718 1 382.69
46125 19970110 8 56.17
81568 19980610 1 7.96
17675 19970701 9 200.04
32351 19971120 8 139.29
81084 19980316 3 64.68
10760 19970921 2 114.76
03130 19980501 10 127.68
27093 19980808 4 441.62
36964 19970111 7 117.39
42736 19980922 5 155.82
70230 19971008 8 359.68
20047 19980207 6 162.82
24698 19971204 1 372.40
64706 19970212 1 75.53
43504 19980831 2 55.69
81876 19970207 3 318.23
19166 19981215 10 153.51
80861 19981112 9 64.08
94947 19980726 2 241.27
50307 19970414 11 26.59
99701 19981120 8 206.12
75980 19980217 7 382.31
66881 19970730 9 36.02
40681 19970117 7 374.92
07954 19971031 8 459.19
65198 19981106 2 390.49
91212 19980703 5 318.72
47704 19971005 1 230.05
75863 19980823 4 186.03
68322 19971117 6 166.99
04612 19970331 11 330.61
96755 19980201 10 364.75
24221 19980125 4 181.87
82210 19980808 12 381.04
00882 19970727 8 259.89
85233 19971108 12 5.48
86473 19980801 8 334.17
31203 19970625 12 467.42
51347 19980721 4 54.23
71728 19981128 10 411.98
42334 19970224 2 413.19
92471 19970717 11 441.06
87879 19980512 12 109.01
98324 19980805 9 27.25
56730 19981205 4 103.96
47781 19981128 10 450.81
49681 19980426 10 283.13
77767 19970203 4 135.92
43413 19980302 8 424.28
82480 19981205 11 316.48
23795 19980610 9 68.04
41690 19971204 3 205.29
43938 19970826 12 322.28
87931 19980219 5 445.03
13061 19971117 5 282.04
88159 19970617 10 480.90
28280 19980830 8 91.24
93657 19980623 1 322.50
54662 19970331 4 241.37
52875 19970519 8 326.48
56740 19980123 1 123.69
76998 19971119 8 84.67
22501 19970724 9 383.27
65416 19980515 1 266.18
27871 19980812 10 454.79
44393 19981014 3 252.45
29241 19981219 7 333.96
20228 19981018 2 433.78
14369 19980510 10 476.81
36160 19970611 4 320.89
28415 19980331 9 455.91
33626 19971020 11 232.83
90644 19981017 3 91.63
18458 19981019 8 377.68
51108 19970701 4 136.42
82283 19980628 5 9.60
74720 19980507 10 438.29
54654 19970227 6 122.96
08621 19970903 8 198.53
25058 19970105 10 387.67
38262 19980311 12 83.29
80938 19971026 10 432.93
20232 19980824 9 296.19
80237 19970318 3 20.34
26569 19971110 4 341.56
86732 19970225 6 71.00
60476 19970415 2 20.67
66904 19980419 4 411.23
17195 19971125 2 265.65
14836 19971019 11 14.17
23672 19980420 2 375.59
18981 19971113 1 79.76
99090 19970812 8 66.22
19461 19980224 2 71.26
62204 19980721 7 402.67
68714 19971224 11 185.02
96890 19970629 2 388.56
09988 19970707 6 403.04
46370 19971231 4 312.78
93621 19980908 8 80.27
95226 19980621 1 177.32
60734 19970331 3 85.65
23097 19970311 1 93.15
27914 19980511 8 51.00
56877 19980620 3 41.26
89856 19980927 2 235.47
57245 19981122 2 303.86
03231 19971002 9 147.54
09671 19980409 9 286.72
41078 19980411 1 457.20
48055 19980108 8 468.45
40703 19980724 3 426.82
88576 19980624 7 467.33
77428 19971214 1 281.65
74207 19980131 3 458.44
82443 19971022 6 318.59
82008 19980619 6 440.85
61017 19981007 11 81.74
70322 19970212 6 476.65
16384 19970429 10 304.94
75705 19971218 9 289.27
29123 19971202 1 422.89
08952 19970402 10 219.35
37853 19970523 4 324.48
08748 19980526 9 78.31
30505 19980802 1 286.54
87817 19981005 10 179.69
84164 19970110 2 132.88
86101 19981114 9 356.79
68190 19980417 4 12.50
39515 19981203 1 241.65
45303 19970817 3 52.83
97863 19980217 9 59.24
18502 19980108 10 398.48
65706 19980218 2 203.30
97687 19971009 9 407.23
90658 19980604 9 206.01
36818 19971116 7 47.54
05853 19980707 10 151.74
69117 19971109 9 82.25
52637 19970801 6 109.70
58011 19970226 1 295.83
42232 19971201 8 109.24
31885 19980303 3 244.88
62775 19980905 11 322.65
71832 19980409 6 418.37
39400 19980528 7 427.36
30462 19980508 5 299.11
50329 19971230 11 19.22
30194 19970111 7 378.22
96377 19970619 9 189.04
26659 19970830 5 341.56
30399 19980531 10 192.12
64194 19970305 8 227.48
91997 19970801 1 298.52
91223 19980126 5 212.18
10611 19981019 4 388.00
30327 19980622 5 490.33
96781 19981004 1 498.91
40537 19970730 6 486.81
95518 19980812 9 100.48
12284 19980322 10 347.89
46283 19980127 5 275.38
70247 19970330 1 312.52
68591 19981127 6 166.61
98639 19970315 11 138.89
46402 19970427 9 106.21
34805 19980429 3 286.85
15277 19971207 9 108.50
72263 19970719 4 8.59
11251 19971004 6 465.18
89522 19971108 6 480.34
98709 19980111 2 478.70
04111 19970122 6 156.33
71103 19980217 6 189.96
24128 19970826 8 472.18
09854 19970805 10 426.04
35679 19980925 3 224.47
63736 19981125 10 399.01
85934 19970921 5 334.06
23312 19971219 5 149.38
26833 19970621 10 237.10
34792 19970620 12 340.75
60902 19981127 1 243.60
83077 19970922 11 16.29
34092 19980907 6 333.33
56571 19970517 1 99.93
73511 19980418 9 182.96
76379 19980703 2 128.25
75047 19980508 5 131.48
24975 19970318 5 315.50
22568 19971221 9 430.91
40160 19970323 10 431.78
64389 19970606 1 394.80
91939 19970306 7 162.40
30187 19970405 5 14.46
20091 19970915 6 325.84
95820 19981024 11 396.02
56067 19980924 8 142.21
00644 19980102 7 181.05
17179 19970420 3 214.16
83471 19971207 4 386.96
86022 19981106 12 364.53
69721 19970518 12 11.55
67586 19970601 11 452.72
18990 19981216 12 391.04
44662 19970905 8 178.54
82960 19970210 7 376.76
79311 19981228 4 145.39
61489 19971105 1 251.63
94073 19971204 3 346.07
56354 19970131 9 480.81
68510 19980807 9 75.56
76987 19971229 8 408.51
58924 19980521 5 440.09
39715 19970511 8 472.21
63090 19970214 11 410.17
95463 19980713 8 207.17
27873 19971106 3 69.49
25029 19970713 8 9.59
98830 19980426 3 6.55
86627 19970429 5 194.98
61549 19980409 5 360.76
45052 19980711 5 340.02
54912 19970329 1 436.98
14822 19980408 4 373.08
23975 19970219 3 84.01
51431 19971015 9 105.57
92019 19970815 8 275.37
80913 19971209 2 259.45
00396 19980212 11 343.60
86431 19981012 6 82.90
52988 19970320 8 44.79
98301 19980624 2 484.61
56846 19970407 4 124.12
96616 19970310 7 303.93
22271 19980821 10 232.78
01555 19971002 12 496.36
48616 19981030 2 157.38
88625 19970115 10 264.80
34276 19980522 10 285.10
08554 19970817 10 151.07
67740 19970501 8 427.05
70564 19981230 6 121.96
19400 19980603 6 251.08
84255 19980412 7 87.01
96745 19971015 11 75.88
18308 19981110 8 204.03
30129 19970719 7 317.60
11071 19970104 3 206.40
95967 19980608 11 343.57
60765 19980410 7 414.31
11785 19970901 8 154.54
05342 19971201 3 47.58
74169 19970422 12 165.82
03436 19970503 8 146.27
27237 19970627 7 233.80
80063 19980719 11 296.22
30513 19970701 10 458.73
12910 19980820 5 288.33
35365 19971004 10 131.01
90519 19980528 5 392.63
66843 19980214 7 104.86
20505 19980714 5 14.31
60628 19970717 3 208.87
11722 19981025 11 475.68
74533 19981126 9 492.74
75354 19970927 10 417.26
50293 19970813 5 44.48
79857 19981119 1 364.02
46164 19970222 6 436.69
90715 19970625 6 24.89
90036 19980615 12 138.22
30350 19980417 9 281.24
53615 19970108 2 128.00
35171 19970917 5 468.57
26768 19980628 4 184.55
21302 19970817 6 391.30
28675 19980507 3 52.70
64716 19970811 11 30.90
70693 19980110 2 47.91
93381 19970904 12 273.20
08577 19980121 11 407.88
80125 19970413 9 398.46
10890 19970925 8 35.97
41484 19980519 9 197.02
74920 19981206 8 184.64
64891 19970411 4 338.96
33437 19970227 9 412.44
76497 19970531 3 441.02
47592 19970810 8 130.07
54212 19970327 9 398.19
17311 19981005 2 245.58
90177 19970915 11 465.06
45998 19980406 11 267.37
45897 19980406 2 424.37
11741 19980222 6 320.03
96555 19980828 6 73.97
94683 19970426 4 340.41
87760 19980312 1 137.43
77277 19980528 3 265.09
62678 19970815 9 253.56
69614 19970108 6 212.01
58184 19971126 11 395.50
10914 19981030 6 473.42
42748 19980524 1 389.39
67439 19981119 3 362.29
48465 19980107 9 231.82
18417 19970918 1 370.22
81914 19980505 12 36.51
39141 19970306 9 293.74
85379 19980709 10 18.68
65231 19981122 10 260.85
73859 19980327 8 214.70
18411 19980723 2 362.32
78548 19981019 2 384.53
39839 19970418 9 117.38
49445 19970423 8 96.63
81669 19970907 12 92.21
83937 19971110 7 81.03
19291 19970331 8 347.21
24828 19980325 2 29.64
09150 19971018 11 254.84
33419 19980410 11 282.25
76945 19980728 7 243.35
84786 19980621 1 448.74
20171 19970307 3 344.50
25202 19971018 4 485.12
42300 19981017 8 381.38
98916 19971121 10 428.46
51615 19980731 4 89.78
49541 19970501 12 68.06
65059 19980823 1 383.96
03594 19981226 7 299.16
60024 19970611 4 318.31
16828 19971102 10 191.90
27562 19981109 10 487.58
15956 19970803 9 178.63
69478 19981016 3 219.27
10179 19980116 3 375.06
19756 19970904 12 120.03
19568 19970703 12 106.29
37501 19970123 4 300.97
99364 19971226 6 50.51
30991 19980325 10 450.32
96084 19980824 6 187.08
07902 19970628 1 400.69
35667 19970103 9 307.90
82693 19980311 11 356.08
49864 19981228 7 110.15
82062 19980216 11 251.06
43493 19980505 2 20.99
14184 19970709 1 90.53
09433 19980915 2 112.24
82419 19981010 12 311.79
06222 19980222 12 344.38
26794 19980902 5 444.04
91407 19970419 2 87.83
09046 19971104 6 153.18
22595 19970916 1 216.17
53527 19981210 7 243.96
89304 19971223 4 110.69
52910 19970726 5 138.19
03761 19970718 1 234.49
20287 19980629 2 390.44
36712 19980202 9 368.68
05979 19971002 7 418.97
31341 19970726 7 321.47
16481 19970323 8 169.23
92113 19980620 6 263.82
67784 19970221 8 497.50
71550 19971022 6 192.90
17764 19971017 1 16.90
94107 19971022 3 468.82
89059 19980801 5 373.75
46040 19970624 12 311.16
80016 19970305 10 168.81
61804 19971219 10 465.48
72308 19970726 3 392.25
45127 19970211 9 482.92
40835 19970901 5 77.98
17552 19980325 4 254.67
97334 19981005 4 135.65
56317 19981019 2 63.95
67158 19980223 1 92.40
70262 19970706 9 22.27
69662 19980312 10 84.46
97293 19980926 5 340.48
82312 19980404 5 79.03
77421 19981030 1 470.31
51094 19970106 12 365.59
97919 19970320 4 283.26
07242 19970506 9 403.65
68543 19971122 6 295.51
65394 19970617 9 473.88
21085 19980925 9 239.88
77339 19970122 7 98.94
00789 19980218 9 74.06
66139 19970615 9 379.92
16189 19970930 6 209.66
43267 19980813 2 324.66
59544 19970806 4 22.60
45539 19970101 7 209.96
86135 19970411 8 352.59
94037 19980206 8 413.41
12970 19971101 10 468.42
41660 19980921 8 179.25
40619 19970922 6 329.04
39602 19970217 11 487.90
72677 19980522 3 68.60
94564 19971229 6 426.80
14835 19970621 11 367.18
02260 19980122 3 271.90
40561 19971223 11 363.78
75789 19980612 9 157.72
56498 19980117 7 152.23
73121 19981203 3 335.46
97307 19980404 2 200.03
85796 19980429 1 86.77
34449 19980603 12 465.92
90605 19980617 2 228.90
92772 19970123 9 264.85
15656 19981211 2 198.25
54063 19980408 8 331.97
23833 19970122 7 433.52
02745 19970927 9 113.01
12527 19970425 11 138.89
04890 19970730 8 215.53
04647 19970912 12 42.74
69365 19980619 11 435.83
70112 19980813 4 412.82
31473 19970615 8 153.45
50779 19980918 7 150.23
92319 19970417 11 239.08
27957 19970925 12 289.93
20056 19970921 6 308.00
15313 19970203 4 114.57
87481 19970713 11 196.53
61572 19981122 2 160.44
37690 19970719 5 491.18
14012 19980112 2 126.21
50699 19980316 11 274.78
48604 19980629 2 249.29
87584 19970924 8 475.91
99732 19981025 9 20.16
86801 19980209 2 372.98
59088 19970226 1 429.14
77138 19980306 3 438.51
15090 19970311 5 308.90
29926 19980603 7 117.18
71859 19971127 2 143.54
31915 19980217 7 218.56
17010 19980120 11 427.11
46496 19981106 4 302.06
82003 19970118 8 402.15
73843 19980511 3 183.53
84055 19970730 6 432.74
68683 19980629 12 461.91
62580 19980914 12 197.94
72387 19970526 2 386.12
76556 19970320 2 165.53
28492 19980927 7 345.24
49584 19971008 2 87.90
56864 19971109 4 320.13
47671 19970513 6 176.61
61745 19970717 2 351.15
84028 19980522 6 376.70
53707 19980110 10 223.85
69893 19981006 1 410.69
90911 19970720 2 370.27
47018 19970730 7 283.49
87110 19980526 4 16.90
29149 19980619 3 427.81
65970 19970312 9 162.77
64239 19971013 3 119.87
62366 19971014 6 103.00
73569 19970318 11 148.23
13427 19980727 10 448.69
82196 19981119 7 405.27
32307 19980815 8 238.76
52780 19980322 12 201.18
23684 19980408 4 300.49
29452 19981213 4 32.60
26740 19980630 3 435.62
22765 19971114 9 314.14
52443 19981023 4 227.08
32642 19981031 12 174.51
05117 19980131 1 268.21
99682 19980930 11 447.73
64790 19981002 5 26.42
29672 19980720 6 351.25
69371 19970523 10 373.90
50961 19980901 6 242.93
49970 19980204 9 291.56
90772 19970816 6 379.28
17854 19970512 12 447.37
80636 19980730 1 366.18
09481 19970214 5 91.02
48025 19970515 6 59.72
21265 19970521 12 258.49
77096 19980802 11 372.16
13651 19981017 7 392.22
01035 19980208 11 235.26
39032 19970219 2 345.02
58806 19971023 4 411.20
00658 19980724 2 256.68
27638 19980131 3 66.23
51890 19970107 6 375.16
70966 19980527 12 211.76
76671 19980311 8 99.76
94264 19970817 3 325.47
93555 19980116 9 151.98
68135 19970604 8 28.99
58691 19980610 10 102.42
45402 19980629 10 484.05
02099 19970119 9 315.85
87043 19971018 7 298.39
77205 19970625 8 152.42
81993 19980525 6 324.38
81812 19970915 7 219.69
84164 19970512 7 218.92
09287 19971018 1 300.99
15554 19970504 7 319.75
68574 19980518 5 113.89
52144 19970521 10 392.73
59165 19980417 9 119.71
79651 19981126 5 128.59
32543 19980109 4 289.89
86075 19980415 9 275.30
84474 19971130 1 251.46
47030 19970712 7 496.93
82913 19970321 9 155.19
18300 19981214 4 54.21
61081 19980517 11 322.58
85525 19971118 7 216.47
62102 19970821 2 345.35
06278 19970824 10 471.01
15684 19980819 6 241.85
52876 19971109 4 253.34
67705 19981016 12 257.57
98296 19970903 10 369.31
28480 19970613 3 453.61
17963 19971118 7 37.92
38429 19981111 5 348.42
12206 19970307 10 314.73
01798 19970821 1 139.14
74408 19971209 4 106.72
44534 19970817 8 98.45
60604 19970821 7 477.64
17439 19980506 9 69.41
35179 19971124 3 149.08
42389 19980623 12 419.49
06123 19981125 5 284.32
51511 19980714 2 352.53
51548 19970406 10 274.76
72966 19970113 9 228.03
89412 19970724 8 410.95
32913 19971002 10 499.30
21991 19971029 8 57.25
72449 19980705 7 394.41
86524 19970403 10 457.77
64931 19970523 1 260.55
58762 19981204 12 114.54
22825 19971018 10 176.25
41371 19990101 2 356.87
30783 19970208 4 105.56
40701 19970106 6 17.48
43677 19980529 2 350.65
10336 19970315 5 432.88
57433 19980325 12 29.82
51393 19971103 10 312.23
40047 19970129 6 174.91
97143 19970824 1 357.71
86713 19970702 10 255.33
25966 19971225 8 26.12
27929 19970322 7 109.42
24540 19970512 1 457.22
56476 19970720 9 482.43
29763 19981031 8 405.12
92145 19980523 11 70.06
07720 19970828 9 43.02
28678 19980329 11 439.10
94268 19971116 6 171.06
01410 19970511 11 121.51
55298 19980916 11 333.54
76389 19980929 8 347.41
79078 19970620 9 88.50
37210 19980921 5 305.33
28947 19971003 12 121.47
46515 19981024 2 235.36
93779 19981209 5 450.07
95634 19980520 5 83.29
32359 19980821 9 450.32
84668 19970218 4 343.73
65413 19980711 12 24.77
77430 19970915 7 362.60
08794 19970317 11 69.66
37511 19981011 8 53.62
65435 19980219 1 67.01
76235 19980706 4 275.52
53601 19970603 1 238.37
88761 19970119 3 88.42
73596 19980807 6 331.38
94949 19980922 5 392.01
50724 19970801 4 395.18
19420 19980409 11 433.54
26287 19971126 10 132.52
05740 19970216 7 147.67
92093 19971220 10 363.69
49877 19970520 1 456.86
11716 19970322 7 37.43
07098 19970703 6 432.53
20814 19970115 3 460.07
72976 19970216 11 36.64
19338 19970101 11 55.42
00531 19980224 9 292.86
33590 19981125 6 83.21
20484 19980821 9 483.13
88096 19970811 10 191.63
18674 19970906 2 99.75
58184 19971002 11 287.09
98806 19970207 4 13.82
13094 19980626 8 358.12
24305 19981124 11 273.97
15503 19981208 9 76.43
27686 19980311 7 205.90
28586 19981014 11 392.40
96608 19981015 3 341.51
90298 19981018 8 294.29
11965 19970629 4 395.65
86619 19970320 1 455.22
06848 19970505 9 97.71
42376 19981008 2 474.26
33366 19980204 9 205.34
79184 19980604 9 92.97
53901 19970810 2 61.72
65874 19980920 7 68.76
31171 19970706 7 492.85
73542 19970131 4 71.22
81092 19970524 1 70.12
69243 19970713 4 289.43
94478 19980506 11 27.03
90383 19980324 3 362.67
32251 19971211 4 234.84
08725 19980911 8 488.68
80300 19971108 8 466.77
08871 19970513 1 258.66
90489 19980903 4 328.70
55524 19970821 12 433.63
43298 19981110 5 212.26
56844 19970107 6 467.17
91663 19970202 11 149.39
00979 19970608 2 328.21
41813 19980831 5 6.17
42226 19980210 11 23.82
26134 19980709 2 424.50
62223 19980406 9 311.15
08115 19970131 2 419.78
27582 19980420 5 304.87
57364 19970822 11 77.71
45120 19970103 4 308.31
39682 19981115 4 275.12
78725 19981223 4 377.24
89339 19971206 9 492.71
04732 19980223 3 391.58
54612 19981115 5 221.57
64707 19970222 9 114.10
05962 19970630 1 331.74
22493 19980620 6 25.00
50715 19980304 9 313.75
03851 19981125 6 451.26
27252 19981218 6 175.22
55044 19970120 7 145.22
42075 19980125 2 93.15
15631 19980629 12 194.90
95091 19980403 8 352.22
36037 19970407 4 177.30
09639 19980306 4 203.86
74735 19971210 3 399.28
67390 19970530 10 473.20
41562 19981009 3 150.47
49576 19970604 2 101.85
49382 19980702 1 119.75
66096 19980716 10 255.79
96854 19981007 10 136.64
43610 19980406 1 489.66
51907 19970220 1 357.00
93099 19980802 7 415.85
53920 19970222 8 305.74
63428 19970413 11 359.03
23804 19980125 5 346.43
05194 19970309 2 323.81
19248 19980623 10 444.30
46697 19970905 5 98.83
51136 19980323 10 24.99
18610 19970905 7 320.15
48000 19980711 3 428.76
50583 19970523 7 104.89
53252 19970320 7 300.78
38123 19981112 11 420.66
13955 19981103 3 86.71
32219 19981216 1 460.17
72521 19970204 4 285.45
08456 19970428 3 111.90
97727 19970916 9 314.14
44362 19970330 9 225.66
93367 19971120 6 282.83
80587 19971114 5 14.20
08759 19981008 9 412.42
68087 19970429 6 282.36
95799 19980802 9 295.89
47890 19980803 10 147.57
44659 19980621 2 223.08
64351 19970421 1 204.15
01299 19970316 12 416.19
72475 19970525 6 440.77
91338 19970510 4 110.07
43654 19970725 5 110.81
78619 19981107 5 54.09
91164 19971020 1 323.14
19025 19970814 8 37.08
86348 19980108 5 339.91
21218 19971113 5 485.90
52284 19970322 8 380.33
35068 19971008 6 276.05
20526 19970217 5 396.13
63282 19971124 7 289.67
20091 19971103 10 375.00
50392 19970808 10 69.46
39980 19980915 6 142.43
87356 19970625 12 205.96
59257 19971227 9 64.36
15356 19980109 3 356.07
20079 19980701 3 318.24
69581 19970208 7 248.08
05347 19970426 10 226.19
99702 19970102 4 498.13
20977 19981201 11 93.48
65886 19970704 2 152.75
44549 19971221 7 452.36
19502 19970113 11 41.14
30343 19970829 11 430.91
82676 19970501 5 14.84
71148 19971226 9 295.74
97380 19981204 1 290.06
93632 19980118 10 373.08
44373 19970318 10 271.20
19516 19970101 4 35.37
72533 19981110 12 105.38
25332 19980418 12 330.13
15735 19970326 8 102.89
71778 19980829 3 406.60
11958 19970324 5 284.10
81615 19980111 1 128.78
28148 19981102 5 13.90
15997 19970801 2 176.93
13659 19980316 10 317.05
72625 19980708 8 313.12
69526 19980708 1 467.58
09439 19971004 11 278.35
05579 19970219 2 47.95
32965 19971208 8 34.98
99715 19981002 12 204.68
04693 19980214 12 10.99
54838 19970913 10 424.63
96240 19980523 6 271.16
12114 19970327 7 95.77
16392 19971114 5 166.76
80596 19970108 7 471.19
68538 19971027 8 233.46
52911 19980102 6 379.31
59936 19970322 11 450.74
98877 19980106 11 423.05
50428 19971207 2 427.22
69275 19970212 7 359.03
03273 19981003 9 412.75
20924 19971004 10 131.87
25801 19970803 2 332.92
55611 19971015 8 145.32
70565 19970914 11 420.30
34967 19980303 11 226.22
62395 19971009 9 115.14
38224 19970128 1 406.69
82001 19970903 1 330.00
27582 19980425 7 325.06
10257 19970914 4 360.06
82013 19971109 5 116.06
80587 19970908 8 284.49
48430 19980812 7 159.52
41627 19971101 2 397.11
70835 19980419 1 274.65
07548 19970702 9 13.79
08360 19980825 6 445.92
07522 19970904 5 435.53
28352 19980420 10 94.46
24258 19970125 8 469.89
09979 19970530 4 369.15
62509 19970903 11 211.30
84688 19970629 4 461.24
97766 19981018 5 165.28
61196 19981226 4 197.45
84897 19981116 12 210.17
61830 19970821 7 399.37
46082 19970925 12 121.53
58071 19971226 6 105.16
89125 19981002 1 394.66
41616 19971118 4 108.78
98933 19970403 2 350.42
55842 19970926 5 438.61
60464 19970305 4 141.82
30360 19981110 4 474.13
06593 19970105 5 308.78
14509 19970124 11 168.44
41446 19980705 9 45.69
31292 19970921 9 479.98
41796 19980920 12 283.71
19505 19980625 5 418.64
75272 19980118 7 41.55
20691 19980912 5 29.59
03610 19980112 7 489.84
66076 19980217 6 493.83
43088 19980407 4 20.77
54478 19970202 1 298.46
31309 19971021 7 281.29
66522 19980526 8 437.32
09697 19980326 7 108.67
45743 19970412 2 358.55
44662 19971122 4 125.99
46754 19980611 9 476.48
38322 19980604 4 384.17
30657 19970315 2 101.17
40984 19980104 12 289.53
50647 19970904 10 492.88
81465 19971018 3 371.54
34111 19980516 8 308.90
47272 19980620 1 336.66
05407 19970901 3 70.77
33343 19981005 10 267.25
17377 19980829 1 329.41
42609 19970109 4 336.59
84641 19990101 8 179.39
14438 19981206 1 490.84
48100 19971112 6 317.36
91726 19970912 2 218.72
07046 19980915 6 259.36
58702 19971117 7 66.40
31683 19970309 10 292.49
16376 19980911 12 359.14
17347 19971203 9 376.81
93974 19970507 10 259.08
13080 19980802 12 17.61
31261 19970829 7 314.84
09231 19970515 7 252.44
25792 19981010 1 444.87
49065 19980330 3 487.87
30511 19980729 3 436.74
32069 19981111 5 361.86
92547 19970213 4 466.17
62201 19971025 9 481.40
61254 19980511 12 71.56
85784 19971013 3 354.82
95912 19970522 1 273.27
52765 19980408 4 257.34
23210 19970409 10 75.54
40758 19970623 1 169.97
43283 19980209 3 316.48
92411 19971024 3 90.15
07774 19970329 2 210.99
12509 19971025 9 457.92
25708 19980107 6 455.49
94858 19971115 12 451.72
54193 19980224 5 131.26
79912 19980927 3 287.46
44170 19980212 6 385.17
13544 19981005 6 223.33
07332 19980428 3 307.29
66212 19980504 6 141.02
74205 19970509 4 367.36
71030 19970309 10 394.99
38244 19980722 12 495.17
91309 19981209 5 278.88
98702 19970425 12 36.64
29746 19970329 2 359.38
28393 19981222 2 481.75
96649 19970619 6 325.27
77331 19971021 9 54.28
37665 19970227 7 386.46
79533 19981117 3 212.10
77005 19970805 5 256.62
62461 19970314 8 100.81
45220 19971115 9 317.87
72993 19981123 8 307.83
84781 19980829 4 169.65
63155 19970602 4 164.90
31204 19970210 2 294.32
40423 19971120 12 470.55
80108 19970614 10 103.18
06422 19980111 6 228.56
08239 19970415 10 383.53
58540 19970330 8 13.31
85211 19980216 5 264.72
59284 19980207 5 16.15
87468 19980116 3 431.94
10380 19970301 2 10.54
91357 19971216 6 226.32
70671 19980123 1 312.90
23068 19971109 11 70.05
74047 19980507 12 488.44
13645 19980210 11 10.14
49827 19970526 9 169.90
42850 19981127 5 468.65
69746 19980808 10 395.08
51742 19980712 12 417.07
51573 19970829 3 256.29
56775 19981111 12 313.66
58710 19980910 8 44.73
92337 19980921 3 459.86
48155 19971020 4 373.12
83052 19980819 8 487.43
65688 19970528 9 384.71
03978 19970503 1 453.05
12116 19980228 8 99.46
03543 19970107 12 78.97
82067 19980917 12 228.37
30271 19970605 9 85.39
67565 19971219 11 397.11
48802 19970424 10 458.82
00761 19970910 4 333.81
17471 19981211 12 316.91
09255 19970722 2 88.02
89824 19970209 5 155.74
35988 19970223 11 360.18
68102 19970809 1 481.49
91800 19970105 2 22.99
02147 19971224 6 335.42
04227 19981230 5 113.24
36652 19970714 12 418.40
16290 19980517 10 327.10
81177 19981125 7 76.58
02781 19981003 5 106.02
59262 19970225 1 378.91
11570 19971218 6 34.43
58590 19980714 4 287.16
50978 19970704 12 214.52
86750 19971230 6 470.90
11049 19980804 7 9.82
31268 19980914 10 209.67
86078 19970402 2 438.59
95013 19970219 6 66.36
41817 19970419 12 367.79
98558 19970925 7 180.91
19355 19970708 9 489.12
14483 19970428 3 468.22
11194 19980429 9 107.97
55933 19970715 2 167.03
68136 19980727 2 219.56
78114 19970730 3 222.74
78508 19981201 8 178.16
27461 19980614 8 221.74
05091 19980220 6 135.32
06073 19980520 5 249.25
32402 19970318 7 364.47
19531 19970216 4 474.80
43723 19980727 6 78.26
60220 19980907 12 148.06
02551 19980705 5 62.48
50467 19971223 7 18.54
37897 19970630 6 175.95
91877 19970429 11 472.50
85275 19980704 4 118.69
30318 19981008 10 486.34
43119 19970403 7 19.03
26384 19970811 11 112.01
30507 19980211 9 368.67
50303 19970604 5 323.58
64024 19980209 1 171.89
36772 19970503 6 92.31
54935 19980520 3 79.83
07521 19970911 7 8.06
18087 19981215 9 340.20
18908 19970330 1 379.77
20143 19970518 7 37.19
04033 19971113 8 358.17
33625 19981013 2 417.21
73917 19980717 3 31.92
68058 19970226 7 19.23
17665 19980910 1 325.47
49401 19980214 8 146.21
19139 19971104 10 71.80
21757 19981104 10 201.63
11401 19980410 9 80.25
08230 19980806 12 107.56
06485 19970215 2 318.29
17602 19980511 5 217.24
67701 19980924 3 232.39
57989 19980420 7 307.37
64164 19970516 7 149.62
63895 19970414 7 432.93
99814 19980910 9 452.59
39244 19970710 5 394.63
32305 19970314 11 474.92
82573 19980528 11 436.12
69065 19980802 9 172.44
60202 19970515 2 240.55
16168 19980709 9 371.71
08051 19980617 7 328.98
66982 19970827 6 75.95
43105 19970731 11 480.10
47281 19970419 8 244.33
35789 19971214 2 466.89
79859 19980304 8 109.62
73334 19970815 11 288.14
43988 19980312 6 471.90
34171 19980529 1 216.14
19855 19980226 8 299.81
11428 19980607 5 16.24
02399 19970215 6 498.33
05395 19980122 10 274.94
13176 19981229 1 248.84
43136 19980425 6 127.74
96735 19971030 8 154.17
05475 19980728 1 327.56
97739 19980812 4 21.42
90061 19980214 2 335.20
50606 19970914 1 285.93
89815 19980829 9 487.35
21381 19970820 3 288.87
80740 19970721 10 122.47
68888 19980214 9 483.44
01661 19970719 3 260.00
18170 19971125 5 5.93
87215 19980124 8 132.84
85546 19971126 4 362.31
73074 19970429 3 10.52
94257 19970510 8 452.11
17704 19970305 7 293.05
51334 19980131 10 366.59
82667 19980408 4 135.06
32603 19970908 2 213.99
71319 19980130 4 43.15
31383 19981116 8 443.90
82872 19970604 9 314.87
13685 19970116 2 297.99
24847 19970403 5 66.97
41303 19980707 12 213.46
45182 19980529 1 247.54
87021 19980523 11 482.03
43109 19980212 2 259.72
34365 19981109 7 432.80
95071 19981023 9 473.41
59532 19970122 7 459.80
98646 19970322 12 249.14
75384 19980107 12 382.92
62122 19970516 4 138.02
24694 19981114 8 196.63
97561 19970515 9 104.82
43633 19971008 2 299.82
96616 19981222 5 240.17
38526 19981102 11 171.38
14024 19971113 7 184.54
98882 19980309 10 111.96
28171 19980111 4 249.80
12738 19970930 10 483.61
84790 19980825 2 309.61
79160 19970701 2 462.80
67418 19970628 8 106.12
56172 19970401 2 175.56
29028 19980316 9 84.47
32959 19980423 2 18.44
89784 19971008 3 361.90
93253 19980423 3 263.44
22981 19971005 1 179.21
09770 19980527 1 362.37
79774 19970613 6 149.85
51995 19970706 12 173.68
95679 19971111 5 8.24
63659 19970130 4 187.48
78820 19980625 11 313.95
50192 19980709 11 389.62
17391 19980513 1 204.09
02705 19981029 4 114.95
02999 19970716 4 77.45
44306 19980520 12 187.60
55497 19980802 4 77.01
11693 19980412 4 291.46
00774 19980920 3 317.68
24667 19980630 4 154.45
38427 19970611 1 499.59
17103 19970526 3 435.05
52215 19970306 1 138.28
85972 19980428 9 135.98
04021 19980505 9 73.77
10614 19970719 5 212.20
41712 19980217 11 364.34
14304 19970522 7 148.62
30971 19980626 11 396.17
76834 19980325 12 150.38
60027 19980331 6 98.28
31558 19981208 6 441.75
69982 19980613 6 373.46
50228 19980526 2 290.95
92037 19980307 3 67.94
70388 19980110 6 425.21
74296 19980212 3 106.71
06737 19970910 3 305.56
55342 19971103 7 255.43
18136 19981219 2 339.68
12605 19980706 12 463.69
49045 19970202 9 358.72
29874 19970830 3 269.28
18633 19970912 1 266.81
55397 19971124 9 165.99
88819 19970614 7 384.25
57786 19980518 3 7.78
66783 19970126 9 167.57
53998 19980811 8 221.52
84281 19980827 6 114.59
09622 19980402 6 129.64
94952 19970806 3 141.96
52531 19980828 4 496.86
41484 19980416 12 219.41
17844 19981009 10 12.42
62146 19970331 7 457.53
83746 19971008 6 180.82
34664 19970608 12 66.36
64925 19980205 10 302.55
67072 19980225 6 218.83
98856 19970830 5 320.37
34499 19981102 11 306.25
47238 19980525 12 243.59
70665 19980227 5 493.14
93738 19980101 4 74.69
52735 19970603 11 360.85
56177 19971018 9 474.77
60224 19980827 4 213.80
07781 19970501 4 449.49
90435 19970407 4 384.97
04321 19970902 7 223.26
90093 19971126 9 238.59
00295 19971011 12 36.35
93377 19980211 9 313.92
12609 19980521 1 276.09
84951 19980310 7 170.06
03017 19970911 9 341.76
68572 19970717 9 409.81
91641 19971205 5 260.68
77324 19981013 9 186.07
11848 19970820 7 405.73
47717 19971225 8 308.60
75834 19981121 8 336.69
03201 19970427 7 14.20
15108 19970129 2 223.64
47218 19970715 3 386.76
27139 19970224 3 407.74
28293 19971214 3 42.25
73710 19971228 7 10.04
02403 19971103 10 174.06
28094 19970424 4 79.98
60687 19971129 8 38.35
71407 19980831 3 311.54
54081 19970903 5 214.53
66615 19971116 2 491.28
48503 19980306 1 101.49
43688 19980911 5 260.96
40847 19980414 3 118.46
28398 19980518 3 452.55
16547 19970717 9 240.16
90105 19970901 2 205.87
04345 19981114 7 460.51
84477 19971104 9 297.89
08502 19970616 9 99.23
47035 19980405 3 431.25
02345 19980116 11 174.90
69137 19970204 10 146.01
22542 19971204 1 313.44
76098 19970719 7 410.93
56525 19980410 2 8.70
92477 19981229 9 295.24
88668 19981113 5 294.05
09470 19970831 10 104.87
97434 19971019 12 177.98
35568 19970316 7 293.32
78575 19980218 8 345.70
22725 19980326 1 325.51
17113 19970710 3 315.35
46854 19970209 7 60.90
42268 19970104 8 429.18
40413 19980505 3 14.94
76244 19971120 5 95.33
86481 19970528 10 449.61
70143 19980613 12 157.98
11464 19970407 1 271.53
20009 19970315 4 7.98
37520 19981208 8 61.85
50202 19980110 1 374.67
33320 19980616 3 329.12
61037 19981022 4 388.54
58405 19980208 4 479.54
06465 19970418 10 372.05
81446 19980312 5 243.25
33209 19970104 3 98.30
46130 19971227 2 484.69
06745 19970211 10 139.26
43987 19980921 2 97.61
58696 19971212 1 266.99
66266 19970415 8 270.82
35989 19980713 9 443.28
95537 19970823 4 25.91
38859 19970704 7 330.19
72787 19970121 9 440.23
15185 19970614 4 221.99
47239 19981013 8 408.26
41177 19970924 2 139.30
82540 19970923 8 335.23
46131 19970707 5 240.09
40996 19980307 1 374.54
08615 19971204 10 416.33
82700 19970105 7 304.96
13554 19980107 6 341.26
70975 19980901 3 41.32
65764 19981226 11 444.52
36213 19980114 9 181.02
87909 19970620 6 54.80
43391 19970811 1 333.31
88064 19980203 3 55.72
69625 19981112 12 54.92
03013 19971123 2 278.35
94820 19970108 5 25.36
98718 19980420 11 450.22
43585 19971210 5 302.94
40283 19980210 11 243.98
46117 19971129 5 98.85
32249 19980327 10 258.86
11829 19970823 6 394.68
08282 19980905 10 196.60
64032 19970829 10 269.01
24712 19981203 10 316.82
58692 19970512 6 391.34
69474 19980523 9 401.35
93921 19980415 12 495.82
29527 19980201 4 210.75
68999 19990101 4 181.41
94645 19970917 1 88.10
41802 19970811 8 233.39
91318 19970504 6 71.14
66193 19981016 12 100.54
24462 19980114 11 14.15
43085 19970916 3 25.20
30232 19980608 10 415.29
52582 19981017 11 110.69
62278 19981217 1 399.37
28826 19980904 1 228.56
17823 19970702 5 473.83
31079 19971111 3 297.65
85052 19981126 5 460.96
29628 19970815 3 248.05
94764 19981011 12 312.88
15256 19970918 2 464.49
50680 19971026 7 109.67
94358 19980904 4 88.40
77248 19971110 7 402.50
25520 19970930 12 102.62
30371 19970719 12 464.26
81626 19980411 7 174.11
36417 19970226 10 322.59
08413 19970907 6 43.21
09195 19981219 8 106.46
84650 19981210 8 160.82
51326 19970122 5 381.84
63496 19981027 5 317.52
18892 19980506 12 175.79
78822 19970911 12 95.79
01039 19970716 9 54.85
88991 19970211 9 163.16
13304 19980820 10 149.94
40631 19970221 12 365.84
27099 19981109 5 317.47
81460 19981026 1 383.21
12254 19981121 5 445.83
34235 19971213 11 432.24
75344 19970116 9 54.47
32504 19970909 9 294.64
04530 19981102 1 371.76
20980 19980731 10 8.34
55202 19981129 3 90.74
83157 19980709 12 95.91
45700 19970425 5 238.61
34964 19980717 5 127.92
75888 19980923 7 399.30
03471 19971201 9 300.89
42708 19971209 3 264.69
85529 19980227 6 213.17
67054 19970202 7 462.50
65491 19980326 11 428.34
77460 19981220 12 361.71
29666 19980525 8 183.88
39139 19970801 3 225.92
64865 19981119 2 276.62
54056 19970507 2 304.06
47140 19980907 10 460.75
88448 19970130 11 492.73
42506 19981001 3 421.44
18774 19981104 7 59.29
56371 19981211 7 452.13
56541 19980319 10 29.17
18455 19970309 11 345.24
60794 19980723 8 178.20
01732 19970703 11 219.09
12825 19971031 3 465.49
31021 19970617 3 186.57
16324 19980420 6 472.19
66468 19980511 7 202.35
16480 19970821 12 449.10
58339 19980907 7 159.94
46784 19980411 3 475.35
38629 19970601 8 268.98
58905 19970722 10 394.64
39201 19970513 10 271.31
51671 19970719 9 361.82
38429 19980608 12 424.76
06515 19970210 3 84.54
03324 19970505 6 47.20
67565 19981012 12 90.71
33395 19970716 1 474.21
26211 19970209 2 128.61
53642 19980904 2 273.14
98838 19970310 10 471.97
06629 19980515 1 436.95
53708 19981122 12 141.64
03260 19971207 4 179.54
45557 19971228 12 472.31
50819 19981102 8 19.32
26742 19970804 2 430.70
12218 19970121 7 288.40
48666 19970217 12 108.29
54609 19980315 12 225.97
08320 19981118 1 136.02
27266 19980309 9 94.38
57726 19980125 9 279.78
96520 19980314 10 254.78
37455 19980912 9 234.33
55716 19971106 6 349.11
34776 19981224 10 411.62
28099 19981202 8 301.94
19383 19971028 10 220.64
12370 19970311 3 139.05
96796 19981126 3 100.28
77090 19970501 4 378.96
25180 19980501 3 14.56
48892 19981226 3 171.62
68384 19970625 4 210.43
76473 19970225 2 153.42
97377 19980803 5 13.00
02763 19980422 8 243.26
93603 19971024 2 50.43
03263 19980424 1 31.36
41141 19971208 8 469.80
45299 19970829 4 44.35
89580 19980730 7 167.17
31412 19980129 6 397.79
96810 19981226 10 406.61
44721 19971016 3 144.72
60064 19970730 7 238.83
11904 19970806 12 144.34
13257 19971207 3 37.91
78295 19980619 10 215.87
44084 19971217 4 400.74
23681 19970608 2 393.87
20836 19980619 6 323.25
75224 19980518 7 381.45
91028 19980205 6 23.20
38943 19970221 7 318.97
91545 19980122 10 318.16
13412 19980501 7 153.85
71032 19970608 9 443.50
98634 19980811 3 65.70
12457 19970814 1 309.26
34994 19981026 10 90.18
10399 19970118 11 130.55
81629 19971110 3 231.37
18160 19980515 11 447.44
09976 19981116 11 227.77
19775 19970329 6 69.97
49558 19970425 9 165.15
30443 19970623 6 227.72
59965 19980413 3 97.59
72474 19970215 6 136.82
16973 19980824 4 7.63
83577 19981006 10 287.73
63380 19970109 11 429.54
01991 19980812 7 9.59
35928 19971126 5 52.44
76165 19980306 2 158.03
61532 19970701 3 198.31
28452 19971105 8 51.57
84717 19971026 2 499.03
03784 19980615 12 433.86
90081 19970731 12 382.81
11860 19970407 4 204.17
42888 19980401 2 158.65
33259 19980125 12 208.75
67233 19970508 4 293.42
47099 19980202 3 390.87
68153 19980715 10 214.65
67206 19970930 9 39.13
28059 19981106 1 487.49
86104 19980506 11 83.30
19016 19980802 2 150.43
38332 19970318 10 484.36
69345 19970627 8 30.70
27474 19981112 10 70.52
60127 19980721 10 493.40
04395 19980324 9 81.02
67607 19971217 3 474.53
74663 19981105 6 412.35
20641 19981211 7 77.32
41077 19980821 1 418.21
52587 19970830 6 327.53
69460 19980127 9 69.89
33046 19970710 11 263.20
84034 19970402 12 282.20
21408 19981104 8 478.21
04619 19980708 10 342.66
74950 19980720 5 150.30
10090 19970621 12 439.27
68309 19970123 12 463.36
16928 19970308 3 314.63
86104 19970202 7 331.03
18141 19971122 8 413.42
17021 19981019 9 99.43
85925 19980619 8 147.27
32211 19970311 2 81.10
77193 19981005 8 335.78
06632 19981216 9 100.33
69492 19970205 2 493.03
21107 19970306 1 265.23
53644 19980921 4 318.91
24011 19980527 11 220.79
82425 19980726 5 241.03
94732 19981212 9 337.44
68261 19981218 5 261.51
08097 19970919 11 372.71
91933 19980622 10 398.94
01305 19980124 4 355.77
04632 19970827 6 274.17
37208 19970202 7 113.33
03664 19981128 11 363.05
57669 19980412 2 85.11
50548 19980109 9 128.79
06881 19980720 3 314.22
26882 19970808 2 75.22
70791 19980816 7 189.93
24596 19970829 5 138.89
15691 19980720 2 262.21
67762 19971017 8 11.06
61293 19980419 8 173.11
68992 19970708 3 497.83
60910 19970523 7 257.61
43347 19971101 1 210.99
97621 19980111 11 213.00
04474 19980221 6 38.93
07569 19970731 10 486.83
48525 19980721 6 202.34
04999 19970922 7 265.46
96428 19970414 12 266.30
73531 19970101 9 80.88
57639 19970217 3 385.53
63046 19980114 7 423.33
99023 19980118 12 210.24
14889 19971019 12 252.57
97350 19980831 6 247.92
48483 19970512 1 127.85
62415 19980530 4 497.79
04450 19980529 3 245.97
79385 19980129 10 274.88
31458 19980403 4 231.78
38948 19980209 8 402.51
75377 19980916 6 280.11
80215 19980526 10 354.95
97831 19980227 12 9.23
58321 19980721 8 438.92
81164 19981205 8 210.60
99169 19971224 9 443.01
69667 19980903 8 239.88
83646 19981202 7 332.83
12732 19980610 2 292.75
01188 19980201 5 311.63
39265 19980828 1 409.67
75233 19970110 12 485.67
27526 19971025 3 54.60
25002 19981210 8 165.45
89987 19980817 4 81.15
78933 19980520 12 80.34
85929 19980418 4 429.58
20885 19970215 7 176.22
14940 19970427 6 24.58
35842 19980903 9 499.68
94798 19980411 3 17.46
15328 19971118 1 58.46
88223 19971204 8 282.26
33426 19980225 11 106.13
98004 19980105 2 184.75
94665 19980327 7 52.74
12871 19970129 3 246.39
61332 19980612 8 141.28
29667 19970619 4 199.39
38834 19971014 8 314.16
09212 19980308 2 248.22
92936 19980627 4 129.51
73459 19971010 6 61.03
65300 19980825 5 477.59
77686 19980117 5 43.20
46377 19970708 9 79.00
79884 19981216 5 223.99
92451 19981219 12 22.00
58493 19980609 5 93.71
59638 19980902 11 149.42
31046 19970612 4 11.90
67381 19971207 6 262.14
03616 19970104 4 484.70
90902 19980221 6 386.79
38601 19981101 3 202.27
62879 19970827 3 311.34
42702 19970523 8 171.99
46111 19980322 4 374.91
07311 19980120 3 70.59
25368 19970117 12 135.74
69184 19981217 10 117.20
35930 19980117 11 407.70
97873 19981004 8 237.01
14251 19981106 3 187.07
48056 19980809 4 197.75
77836 19980930 12 494.19
00188 19981218 5 92.73
83172 19980702 1 400.82
40537 19970128 12 215.60
92215 19970512 1 135.34
12088 19981228 1 359.79
49416 19981004 7 160.26
53339 19981126 1 63.35
06039 19970820 3 482.32
71657 19980211 5 371.88
89015 19970220 2 239.18
41684 19970710 9 371.53
61041 19970812 10 484.62
06132 19970430 5 284.32
45165 19970126 10 401.48
60419 19970421 7 306.11
78462 19990101 11 247.06
95837 19970818 6 415.82
98061 19980131 6 190.03
75708 19980203 11 31.39
04670 19970529 8 34.33
48755 19980724 9 69.39
84474 19970801 5 106.42
08027 19970101 2 13.48
60100 19981007 11 122.80
40763 19980719 11 89.75
18549 19980113 8 332.37
97141 19980328 10 48.60
78514 19981227 11 349.67
88650 19970802 3 396.24
77989 19980905 10 301.79
49591 19980307 5 144.43
03800 19980220 10 377.69
47673 19981202 8 356.47
93897 19980518 2 461.73
86150 19970514 9 279.05
63257 19970605 3 118.24
05855 19971023 10 281.70
42327 19981008 9 267.13
91590 19970817 7 109.32
61562 19971012 10 229.84
20442 19971204 7 490.77
06005 19970610 9 483.69
88563 19970301 9 120.73
60237 19981203 2 194.83
04809 19981031 4 479.19
31558 19970502 11 475.87
40816 19970609 11 412.06
45637 19971104 4 348.55
08884 19970327 5 233.96
26183 19980318 8 453.52
39047 19980622 5 347.29
27601 19970826 12 491.17
71957 19980729 10 279.40
33031 19970402 5 366.68
32726 19970916 6 270.17
12623 19970823 6 229.38
77685 19971212 4 156.85
60364 19970711 8 188.63
05870 19970213 8 334.70
02741 19970920 12 441.65
14853 19971114 3 290.45
91797 19970705 4 156.27
27740 19971022 8 311.89
94744 19971223 2 345.00
97854 19981122 4 399.45
54732 19981220 1 21.35
04360 19980803 12 317.14
07893 19980816 3 61.87
65580 19981012 12 334.02
73170 19980209 10 437.90
96818 19971228 1 256.87
85143 19981124 8 216.90
91703 19970215 5 452.56
27028 19980105 1 328.47
34109 19980712 3 410.62
23256 19980903 12 26.51
52903 19980823 9 264.43
02973 19970212 10 264.31
32130 19980805 9 242.98
53044 19970610 6 389.42
80587 19980117 7 68.93
48771 19981201 12 101.58
39138 19971211 10 351.50
58714 19980504 6 111.01
75515 19981013 4 477.13
15494 19980704 7 387.18
55914 19970704 7 162.18
90684 19971104 4 483.52
85870 19970818 2 272.42
12244 19970303 12 236.40
92425 19970924 6 198.33
11405 19981011 1 369.67
23484 19980403 9 180.39
04204 19970113 2 28.39
53873 19971004 11 498.98
95114 19981001 10 408.20
75237 19971208 1 104.04
44716 19980407 2 29.13
69278 19980731 10 78.57
09547 19990101 12 301.88
55901 19980626 4 332.22
35121 19980808 3 308.32
25490 19970308 7 142.24
82454 19980527 6 391.01
93550 19980212 11 428.13
96602 19971216 6 476.29
70775 19970823 12 84.62
15224 19971214 6 152.20
89672 19981215 3 161.97
66205 19980608 11 81.29
78457 19970512 3 494.00
86702 19980306 6 401.54
81913 19970122 5 128.90
41367 19980224 12 132.79
88861 19970407 4 315.67
98045 19980911 3 231.88
58916 19980409 1 425.87
32637 19970809 6 77.36
23302 19970728 10 145.24
52243 19980227 10 103.30
75322 19970429 4 347.13
12011 19980714 4 124.25
85545 19980824 3 235.57
84230 19980618 12 170.94
26793 19971130 5 303.76
90666 19970427 7 135.22
60976 19981025 12 369.94
14464 19971120 9 308.12
80526 19970410 10 91.58
50746 19980523 6 347.10
21989 19981130 3 292.39
20956 19980612 3 457.74
49721 19970702 4 55.23
74440 19971216 1 408.17
85564 19981019 5 497.78
72788 19970307 3 297.07
83633 19970623 6 450.28
52868 19981220 2 185.14
07497 19970131 6 424.83
40822 19970817 11 127.32
84545 19980108 9 399.18
70497 19971121 11 234.87
38536 19970613 7 226.76
24682 19970701 7 482.98
74467 19981212 8 370.69
47874 19970405 4 33.54
53340 19970217 3 490.71
10430 19980305 5 448.10
39078 19981225 9 485.75
00441 19971222 5 485.63
64814 19981202 4 220.80
41263 19980708 9 463.61
68045 19970820 2 446.40
17672 19970427 9 101.68
47870 19980319 11 245.34
03736 19981010 3 235.29
49736 19970507 1 467.94
17337 19970111 3 143.84
61594 19971128 8 211.45
05192 19980916 5 166.50
57226 19980107 8 44.33
54080 19980428 5 498.54
86208 19981005 12 276.20
28615 19980316 12 185.08
53524 19971016 9 113.90
87058 19970122 6 498.31
87398 19980214 8 367.99
25578 19971017 10 7.13
15672 19981010 5 356.90
05295 19980106 12 7.58
29150 19980718 4 163.04
30236 19970101 8 255.43
48048 19980329 9 218.29
13950 19971011 11 488.65
77965 19971012 10 354.69
00659 19980319 6 223.48
77402 19981119 11 79.26
23959 19980224 1 147.52
43663 19971003 7 279.03
06112 19981231 6 56.91
53480 19970420 2 108.01
27219 19980119 4 240.33
49143 19980313 4 475.51
20619 19981211 5 265.77
26105 19970407 6 358.34
28242 19981001 8 451.03
22034 19970419 6 119.61
94711 19980710 5 447.41
50614 19980127 1 397.35
41529 19971127 12 187.48
85139 19980503 3 414.45
56551 19970808 11 299.94
89058 19970704 8 270.72
71810 19970319 5 464.65
83905 19980616 5 117.66
57221 19970213 6 64.61
18026 19980909 3 482.77
58258 19970512 6 216.14
63348 19970717 6 186.75
87403 19980826 2 441.16
19975 19971029 6 171.94
53581 19981023 5 222.11
42235 19980804 2 255.43
94447 19970626 4 229.42
87958 19980903 8 221.41
91923 19970104 9 456.87
18607 19981226 1 310.61
82640 19970801 5 286.08
60546 19970401 4 22.34
48045 19971122 2 130.27
44614 19970803 10 285.39
75795 19971104 7 28.14
48242 19971128 9 209.77
64698 19980214 10 310.56
27911 19971016 12 401.26
38662 19970320 1 263.22
77355 19970710 5 319.72
71927 19970222 2 469.06
91786 19980718 7 56.62
08005 19971113 1 315.50
05055 19980825 5 434.35
26940 19970915 5 365.89
43484 19981028 9 153.57
31892 19980710 2 440.86
66421 19981007 3 496.80
09299 19970617 3 492.08
56610 19970414 1 230.48
96636 19981001 4 138.94
34140 19970715 9 492.21
15039 19980206 2 132.13
41875 19980406 4 119.17
88122 19980408 5 274.22
49447 19981011 7 307.96
35776 19981127 7 379.96
41266 19980126 9 476.85
90341 19980808 8 120.59
39147 19970101 1 71.41
61495 19981114 4 22.73
81901 19980908 10 320.34
11368 19970210 12 438.97
66049 19980919 6 476.30
66249 19980319 6 88.13
65817 19981102 12 13.62
88478 19971226 8 136.09
12587 19971113 4 240.66
17619 19970225 7 367.54
98962 19971222 7 391.88
80526 19971127 8 295.92
53834 19980710 11 100.62
03466 19981122 8 369.27
94881 19970323 8 167.23
53041 19980603 3 273.68
97336 19980912 4 114.81
61722 19970624 12 304.36
12083 19970207 11 161.35
82489 19980425 12 317.05
87176 19980910 2 130.71
08612 19980507 12 263.51
98786 19981118 6 381.54
23503 19980522 10 11.49
99400 19981119 11 158.88
92805 19981114 2 497.14
55177 19981112 6 134.83
04773 19970118 4 303.40
99494 19980926 6 436.24
49168 19981112 3 307.63
04809 19980628 1 52.59
99484 19970201 9 162.91
30976 19970317 5 410.96
96826 19980414 1 7.15
85653 19970430 2 387.04
14517 19980703 12 61.81
96937 19980508 4 495.36
16098 19971106 12 16.53
90616 19980313 12 94.18
68527 19970329 9 44.47
44469 19980326 6 166.15
19732 19980130 5 493.00
40632 19971208 6 463.22
88838 19970723 3 469.60
50695 19970408 9 301.10
46020 19980406 9 418.61
07441 19980208 8 100.78
76702 19981119 11 102.02
50090 19970611 5 349.77
40117 19980817 7 419.87
06178 19980813 1 222.03
66077 19980201 11 158.73
29245 19980226 11 138.29
78003 19971110 10 117.08
62952 19971028 5 471.24
68560 19970202 10 329.27
00537 19980421 2 497.42
49385 19970412 10 160.99
58350 19981230 1 193.67
03321 19970115 12 399.95
19107 19980603 8 339.37
57656 19970207 12 181.70
08176 19980812 7 45.24
05540 19970617 9 352.84
14468 19970806 6 288.66
52771 19970813 10 228.45
92235 19970618 5 213.47
90758 19980718 11 422.49
12632 19970726 7 426.80
14546 19980404 6 119.59
31612 19980509 10 469.01
50490 19970529 10 185.57
07698 19980319 4 494.83
50386 19970623 1 423.15
94015 19970518 1 458.53
80175 19971116 3 175.98
04296 19970519 6 179.38
84641 19970921 11 305.46
05489 19970411 1 432.09
36123 19970509 11 9.45
79877 19970127 4 403.61
28921 19980115 11 45.13
20904 19970808 8 489.55
72210 19971203 11 83.40
69532 19980516 8 9.90
52675 19981210 10 369.21
48539 19970912 5 12.11
58460 19970504 5 472.21
01204 19970710 5 434.58
82193 19980912 1 140.22
45327 19980124 4 146.90
67390 19971122 5 106.12
83213 19971209 12 476.15
82559 19970127 1 154.33
51608 19970607 12 293.61
86266 19971026 9 228.35
52626 19981004 11 491.03
33879 19980515 12 129.34
28108 19970320 9 197.29
36522 19980508 11 498.88
85209 19980314 4 434.20
71336 19971230 6 446.97
86663 19980318 7 218.73
54245 19970108 12 216.36
30840 19970519 4 95.92
24122 19980215 1 379.29
47202 19971221 8 96.51
64064 19980909 4 438.09
48761 19981001 2 89.67
16375 19980921 7 427.29
55849 19970105 10 248.34
33939 19970528 6 389.15
72255 19980316 4 316.91
02317 19970210 10 469.04
71678 19980522 11 374.88
47873 19971004 10 151.87
59683 19970506 8 353.09
75843 19980310 3 247.19
53365 19970905 11 489.26
98840 19970421 9 393.43
23859 19981003 11 149.71
57248 19970503 3 318.31
53326 19970617 7 108.23
81099 19980809 1 170.76
61104 19970719 4 284.85
92989 19971212 10 466.19
19318 19970716 4 9.74
06808 19980407 4 465.27
98951 19970406 3 274.82
59269 19970713 2 298.90
16348 19970507 1 328.74
18652 19970604 1 395.36
40366 19970728 12 348.94
88808 19970923 6 388.74
52632 19981226 4 288.45
31684 19970501 1 436.75
39078 19981110 3 404.98
01388 19970427 7 331.99
92186 19980405 12 266.78
79116 19970615 12 437.42
77565 19970218 10 227.34
48028 19970617 9 227.19
00057 19970417 3 115.35
58773 19971211 1 237.96
08712 19970918 2 459.35
55762 19980929 4 447.85
01218 19970420 9 310.67
58856 19970330 10 237.34
18929 19980511 8 464.49
73816 19970111 8 73.87
74026 19980913 1 249.92
81705 19970829 2 193.23
39392 19980331 11 350.81
26584 19981212 9 293.77
62239 19980326 7 126.90
60625 19980824 1 271.39
54759 19981009 9 373.26
19060 19980310 4 146.33
65160 19980722 2 429.24
88375 19980325 12 416.93
10797 19980825 12 69.47
82906 19971128 6 452.99
60799 19970627 1 197.26
52352 19980522 2 38.60
57637 19970801 3 279.12
11207 19970505 3 137.39
06013 19970407 3 496.42
03477 19981110 5 472.65
22602 19980313 9 428.15
93658 19980712 8 400.19
01479 19980228 4 283.92
31363 19980522 6 451.79
44398 19980815 3 173.30
42433 19970227 9 430.18
26642 19980621 7 460.84
21269 19980913 4 217.78
38683 19970801 8 437.71
59384 19970429 8 275.42
91642 19971225 6 383.25
96731 19970624 11 144.46
86642 19980920 12 183.68
47313 19980508 4 307.06
67455 19970731 7 316.66
31363 19971109 8 486.86
74580 19980519 2 433.93
19071 19971208 7 100.81
53127 19971119 12 44.00
83981 19980131 8 468.03
51056 19971210 7 198.03
80338 19980125 3 431.42
38686 19981024 8 104.15
86304 19970226 9 184.69
82059 19981115 1 332.45
25977 19980530 9 466.04
32290 19970312 8 398.75
78729 19970324 4 209.50
33573 19980312 10 268.01
99523 19970416 8 346.09
62216 19970228 3 342.98
71560 19971017 11 450.03
17671 19971209 3 167.63
84930 19971225 1 390.05
35391 19970918 11 344.67
62422 19970826 4 86.22
16640 19980203 3 328.25
73862 19971021 2 297.37
79965 19970511 1 123.72
87015 19980719 4 449.10
13907 19970718 6 394.41
77715 19970905 10 140.82
21390 19981217 6 128.48
05344 19980106 9 406.12
76944 19970514 8 39.35
97766 19970924 8 484.33
85700 19970524 6 421.64
64544 19970222 3 330.43
53347 19980830 1 336.33
86436 19980628 9 55.01
90327 19980916 11 257.73
17931 19970519 12 108.70
35251 19981130 4 345.04
27548 19980506 7 145.68
22472 19980329 6 239.86
76300 19970405 7 338.05
10570 19981213 12 167.71
09181 19970714 10 332.41
14657 19971008 3 80.12
16995 19970920 6 6.56
16497 19970505 6 229.77
84582 19970828 7 180.42
78412 19980817 6 217.15
51218 19970105 11 73.25
50867 19971011 3 111.79
68127 19970607 5 131.86
46852 19971220 1 139.54
33178 19980208 4 205.28
78106 19970822 7 313.07
73115 19971208 9 474.73
30692 19970512 11 496.28
26631 19980418 12 425.06
05704 19970803 7 13.74
64304 19970123 5 68.50
65666 19970213 10 393.80
79661 19970724 2 119.06
07473 19980814 11 479.67
92017 19981014 2 302.03
21020 19981017 7 224.31
97257 19980418 8 317.05
08533 19970419 4 112.37
63003 19980501 2 49.75
89221 19980106 5 37.86
02592 19970509 11 418.00
67896 19971112 2 225.46
75213 19970930 8 207.38
77953 19970212 2 173.65
03230 19980215 11 469.10
36908 19970223 5 296.43
13963 19980203 12 482.60
61250 19980430 9 164.16
89848 19981104 3 487.81
46068 19980413 11 298.23
25393 19970609 2 341.12
19396 19980629 3 33.35
67395 19980807 4 270.82
20434 19980223 8 357.32
79704 19971228 12 241.05
35428 19980329 1 57.02
85212 19971227 4 37.55
75460 19980418 6 159.53
37502 19980116 1 20.39
90741 19970723 11 305.75
61625 19971006 10 158.55
91428 19970219 6 323.28
80221 19980620 11 326.73
12849 19970430 11 220.80
04730 19970315 10 277.92
11503 19980103 6 152.19
18835 19980812 3 334.34
88060 19980613 9 15.84
52963 19970317 11 231.60
68861 19980714 5 311.78
05274 19980320 2 179.54
65359 19970722 9 319.19
03669 19970716 11 476.60
71453 19970525 2 32.43
79775 19981007 12 201.42
43173 19980530 3 439.89
13393 19970308 5 400.13
94219 19971025 3 346.57
08142 19970205 5 363.96
50372 19981219 3 160.64
66372 19981030 12 446.65
09364 19970903 12 283.89
24252 19980829 3 15.30
00341 19980829 12 461.84
25409 19971005 2 311.18
73725 19971122 2 406.32
80870 19971019 9 378.51
07581 19980613 6 358.24
79904 19970320 12 95.89
58188 19980401 7 322.20
72293 19970929 5 206.82
50181 19971111 9 260.37
76723 19970104 2 122.43
95343 19970825 5 378.98
44303 19971221 10 160.09
61735 19980125 6 149.06
29310 19970106 2 130.07
13013 19980531 6 28.46
37990 19971109 11 276.18
19924 19971010 12 362.30
52008 19980304 4 235.90
24637 19980717 8 23.05
96014 19980711 10 475.81
96914 19980802 7 333.63
76509 19980826 12 60.33
88973 19980706 9 435.94
09430 19970823 3 474.42
86893 19971122 6 395.02
07862 19980615 11 218.28
18193 19970702 12 187.39
02036 19980919 3 263.18
35887 19970315 7 376.39
98246 19980711 10 425.07
50816 19970808 3 86.74
61839 19981205 6 397.61
45037 19980205 11 48.00
94453 19970325 10 167.63
25389 19980120 11 345.27
14831 19981030 11 314.23
63266 19970114 2 30.60
21432 19970728 2 397.65
88732 19980915 8 344.52
23604 19980717 9 243.74
16957 19970825 4 282.08
19116 19970909 3 161.09
66624 19980404 9 46.86
83586 19970702 2 379.22
52113 19980905 1 365.02
32074 19981001 2 259.20
93132 19980307 12 275.36
50313 19970531 2 277.43
49618 19970320 8 120.68
48491 19980212 10 325.00
69377 19980512 7 129.74
32409 19980929 2 318.50
70539 19980528 10 94.78
38348 19971117 2 198.85
76165 19980608 11 258.97
55472 19980906 1 182.09
25000 19980311 1 239.79
60184 19970605 6 257.61
04035 19970112 11 485.82
91809 19980530 8 101.59
62874 19980915 4 110.22
04222 19970325 10 476.03
77409 19970920 9 167.41
61820 19980215 10 440.96
29968 19970601 7 53.57
48838 19970123 9 99.35
82969 19970313 3 59.05
09702 19980318 9 20.52
22769 19980412 3 479.99
71314 19970914 10 371.05
04185 19980305 7 224.97
05653 19980421 5 239.05
34326 19970110 11 499.26
97335 19980308 5 277.30
93885 19980417 12 258.36
96458 19970517 1 400.07
48324 19980520 5 97.68
52517 19970405 8 284.76
84782 19980308 11 72.78
01974 19970909 9 14.00
01038 19971030 8 334.62
32819 19980113 3 488.01
03639 19970306 12 297.33
56739 19970910 5 395.65
06952 19980310 7 417.46
16581 19970518 8 443.56
35447 19970831 10 145.37
81547 19980321 6 266.65
85874 19980120 2 412.09
79981 19970928 6 199.51
33855 19970709 1 451.28
11535 19970721 12 334.82
46819 19981022 8 206.24
05982 19970306 2 157.02
69469 19980804 6 24.14
85469 19980313 4 218.81
02362 19971114 12 236.06
23937 19980528 8 494.60
44705 19971026 3 48.06
89126 19980917 1 90.05
06488 19970701 8 290.68
29017 19980225 1 354.34
87341 19980721 10 458.40
23480 19980505 4 225.21
81473 19970719 11 466.23
48033 19980520 1 461.97
84471 19980205 5 354.29
99505 19980430 6 73.83
43341 19981209 1 241.99
45257 19980305 7 59.24
04507 19971218 10 137.31
21197 19980504 11 291.97
60670 19970123 11 247.70
03984 19980915 2 482.05
76240 19970702 9 339.14
71177 19971113 7 140.16
67101 19970411 11 339.19
33927 19970809 12 319.85
26491 19980610 6 283.75
67595 19971007 3 132.79
98564 19971227 5 210.40
51814 19980602 10 344.30
32535 19971008 5 320.25
21445 19971227 5 460.14
27953 19981018 6 334.04
31220 19980304 4 185.91
42942 19980216 12 292.45
28777 19980304 5 394.65
13181 19970530 11 330.89
44341 19970321 12 333.69
23354 19981017 9 205.45
95764 19971001 4 206.80
84511 19970104 10 111.67
86534 19980819 1 38.01
68088 19970927 11 38.40
65655 19970930 3 50.28
01113 19980819 1 66.81
48918 19980721 8 102.43
85484 19971205 3 8.53
71809 19970916 6 26.46
15681 19970930 6 492.55
11444 19970813 5 211.25
96914 19980203 2 236.86
29769 19970515 10 345.06
44272 19980607 6 300.83
07473 19970216 7 439.46
13372 19980323 6 273.81
11626 19970508 10 410.51
79501 19980518 4 261.64
58271 19980709 4 190.41
06042 19980715 7 344.87
39019 19970602 8 196.99
39302 19971201 12 200.96
86110 19981227 10 346.38
74642 19980215 4 369.54
74727 19980211 12 389.84
03707 19980621 2 266.17
24745 19981026 9 389.84
94699 19970730 9 360.53
92741 19971223 11 300.60
70529 19980204 6 292.10
42833 19971207 3 317.27
28856 19970125 3 419.08
53593 19980718 8 223.27
93733 19980406 6 203.95
66662 19970121 11 23.23
95365 19981002 8 236.58
56995 19970927 5 465.45
86602 19970831 8 334.56
15429 19971107 1 67.86
31034 19970303 10 222.03
73777 19971206 11 468.98
70037 19980220 11 171.52
68439 19980620 6 46.47
39878 19970813 4 257.97
14769 19970303 6 430.01
69514 19980816 9 200.37
41855 19970615 10 357.20
19889 19971216 6 484.25
26482 19970704 9 328.92
25898 19970109 9 390.77
65704 19980110 1 37.85
75765 19970104 2 45.62
98039 19970410 7 41.20
07246 19980817 9 35.62
99276 19971125 11 13.32
79481 19980423 2 278.28
69829 19970812 2 428.21
28909 19980123 2 206.09
32175 19980530 4 34.02
23785 19970519 5 85.30
20813 19980327 8 373.47
86659 19970215 9 47.28
91645 19971213 5 92.21
19883 19980404 12 284.42
02296 19970427 10 220.53
20845 19970206 10 495.46
57426 19980508 6 131.12
05781 19980221 10 15.41
97845 19981029 1 447.47
91956 19980615 7 354.79
80391 19970528 3 387.05
24281 19970805 11 312.04
95449 19980611 9 464.14
64467 19970401 9 461.52
10831 19980717 7 285.54
16672 19970619 1 178.47
71880 19980419 3 422.36
65641 19970903 3 291.32
36057 19981015 7 383.20
09096 19970322 12 101.34
46778 19980827 9 109.05
27006 19970827 9 382.17
06938 19970923 5 139.12
48018 19980416 5 179.64
18747 19970608 1 303.73
13545 19981017 12 392.19
77276 19970211 4 353.63
82890 19970408 10 59.62
59321 19970120 4 482.05
11751 19980714 3 32.47
31516 19970208 10 180.24
42839 19981113 1 413.18
59045 19970908 10 470.98
85881 19970715 3 407.42
33786 19971202 9 480.12
11738 19980424 2 482.41
44002 19980510 5 210.11
32245 19980919 11 484.01
13835 19980517 7 472.25
14633 19970911 4 170.42
58325 19980816 12 118.01
31039 19970503 1 491.69
41496 19971104 1 74.32
79103 19970511 5 426.55
53763 19980605 2 182.38
27778 19980413 1 211.62
87423 19980629 8 191.42
48018 19980301 7 340.40
90662 19980302 6 298.62
19185 19970731 2 333.72
48621 19980824 2 445.52
59542 19980404 5 265.70
77352 19970930 4 285.02
00250 19980426 7 215.43
82038 19981230 7 318.77
70747 19980201 1 428.57
39693 19980604 8 6.30
65973 19970201 4 114.48
19382 19971001 6 394.24
13531 19970402 1 54.73
70238 19970115 1 368.42
27919 19980523 6 249.34
76584 19970217 3 102.17
08800 19971113 8 272.87
14947 19970713 8 470.70
46585 19981119 3 304.32
99108 19980924 5 19.10
31888 19980509 8 243.22
64286 19970803 3 46.61
68733 19980520 10 40.49
32803 19980616 6 201.71
55372 19970707 5 324.30
15403 19970907 2 107.08
64274 19970722 9 472.09
90923 19981125 7 349.83
63188 19970308 10 32.11
65175 19981210 7 178.36
80928 19980726 8 295.78
26156 19970118 1 243.12
51905 19970116 12 241.90
97259 19981227 3 499.44
65419 19970603 7 288.60
62009 19970907 4 422.28
56024 19970221 10 385.90
86963 19970612 5 10.07
02551 19970402 11 377.42
00321 19971117 1 134.34
09063 19981110 4 84.77
17356 19970724 3 21.33
12110 19970107 2 62.63
80749 19980620 8 65.36
60114 19980702 5 183.82
43434 19980202 7 291.89
49497 19980715 1 269.81
38807 19970522 11 305.51
69601 19971226 2 18.09
06291 19980211 6 81.31
53948 19970427 9 435.35
26376 19980618 11 402.93
54528 19981016 5 304.33
70700 19970606 11 355.28
38423 19971027 9 340.48
78600 19980916 12 294.89
75476 19980211 12 184.63
00730 19981019 6 389.50
94912 19980125 5 410.30
63874 19981014 7 118.82
70241 19980831 8 311.06
35559 19971027 11 16.84
00462 19981130 2 387.82
97163 19970317 9 131.70
41520 19980426 4 470.11
61675 19980426 3 416.89
34091 19970831 6 170.88
79433 19980928 1 316.03
35986 19970205 1 439.10
29066 19970107 6 371.56
68145 19971102 7 173.08
86378 19970430 2 364.20
07517 19970222 8 330.27
23087 19970207 3 322.95
05785 19980211 4 148.43
16855 19980516 10 88.78
58066 19970730 9 76.56
77357 19980909 7 183.82
40376 19980818 7 60.08
94891 19980203 7 11.31
22655 19980326 4 149.27
01906 19970613 9 10.23
93145 19970216 2 192.92
26864 19970404 7 334.85
47451 19970404 8 49.39
91398 19970528 6 266.69
46763 19970712 2 424.71
56197 19970412 1 474.77
62732 19980207 10 226.95
14034 19980629 10 453.90
81506 19970810 11 420.31
69075 19980801 11 125.37
77193 19971015 8 20.72
59359 19970307 3 490.17
66379 19970116 2 263.76
83786 19981212 9 414.68
65149 19980301 8 360.98
76661 19970804 4 373.42
32009 19971112 1 146.57
01088 19970910 11 184.96
21558 19980226 10 76.91
12888 19980205 11 200.09
64083 19970408 12 490.09
58791 19970215 1 147.02
67400 19980501 7 410.73
05752 19970307 1 168.93
24492 19980228 4 384.34
55245 19970110 2 18.73
07369 19971003 5 166.36
49526 19971005 9 347.83
06406 19971104 11 364.48
00434 19970311 5 368.47
25276 19981029 5 231.46
17803 19980822 12 463.77
17792 19971111 7 305.89
87016 19970811 5 154.54
21639 19970820 7 191.19
52461 19980109 5 495.78
16395 19980710 12 80.05
48595 19980204 11 280.29
46009 19980615 3 494.88
06358 19981102 9 398.82
68651 19981209 10 211.38
58641 19980731 2 5.20
66552 19970706 12 452.02
73653 19970111 5 370.56
09264 19970430 4 375.07
17185 19980821 2 273.66
29291 19970224 2 80.49
91435 19980208 11 26.65
70379 19980510 5 230.51
01685 19970730 7 145.99
39960 19970902 4 411.40
21108 19980814 11 352.64
61617 19981029 10 434.80
59421 19970624 7 93.84
36546 19980422 3 461.55
29214 19980510 4 359.38
42593 19980525 2 214.36
93819 19980813 11 228.68
25633 19970121 2 400.66
42166 19970320 11 416.94
94613 19980907 8 59.52
56859 19980301 8 156.62
29638 19980201 6 251.29
76350 19970111 7 189.23
85463 19971018 6 121.74
39170 19970928 7 499.29
32921 19970207 3 232.46
19429 19970212 3 348.57
68098 19981103 4 84.85
86316 19980324 4 86.26
74128 19970401 6 399.83
23244 19970227 7 381.99
87838 19980330 3 100.65
77383 19970824 4 201.20
79523 19981218 7 9.26
12035 19980221 5 406.68
83644 19981019 6 379.19
16369 19970612 11 478.61
83731 19971227 8 114.68
57910 19981230 10 414.01
37411 19980205 8 212.50
57098 19981005 7 270.47
82739 19970426 12 111.28
73164 19980619 10 10.94
07148 19971019 1 426.83
35226 19980606 8 286.15
86888 19970103 8 274.17
62986 19970307 12 126.95
35579 19971203 10 363.61
17368 19971114 11 361.21
31062 19981228 1 129.76
01426 19980602 5 298.58
33665 19980812 10 472.24
87239 19971222 7 207.74
82707 19970525 1 290.64
26843 19970209 2 300.48
92913 19970412 9 25.59
41822 19970125 12 69.29
63332 19980817 9 493.17
18229 19971220 4 162.96
82642 19980701 3 133.31
72476 19970922 2 397.72
27617 19970903 5 103.18
02401 19971004 11 201.18
42306 19970430 11 51.28
46581 19970313 5 34.60
04911 19970613 12 454.10
07287 19970912 10 416.64
27315 19980412 1 349.89
70479 19970916 9 289.14
79263 19980206 2 239.04
38766 19970531 10 489.43
89191 19981018 9 496.62
53391 19970504 6 99.54
82601 19970826 3 265.59
18463 19980919 7 144.55
45361 19970516 8 323.73
70185 19970602 12 464.22
32876 19981115 9 440.21
36835 19980514 6 314.27
91916 19970305 2 60.71
06751 19970803 8 355.79
30661 19970117 8 376.52
36998 19981105 7 475.23
27581 19980807 6 255.56
90162 19971126 11 148.25
41212 19970321 2 72.95
91834 19970904 3 70.72
77499 19970830 10 7.64
33278 19980612 4 214.84
93223 19980108 2 127.63
92702 19970219 1 274.57
62737 19970618 2 57.87
74598 19970803 11 308.71
24190 19971019 11 15.22
80642 19970818 3 109.06
28320 19970628 12 305.94
93536 19970311 11 382.45
74992 19970705 11 57.23
92680 19970418 10 82.72
31391 19980912 8 475.52
83848 19970613 3 343.96
81241 19971120 4 337.82
99857 19980801 6 38.61
11418 19980818 2 189.34
10696 19980425 11 393.39
96218 19971015 4 49.36
59669 19970321 2 472.32
35699 19981016 9 51.40
76781 19971014 11 282.25
31890 19980730 8 269.09
17672 19971208 8 9.64
33304 19980914 9 319.43
87889 19970728 6 84.33
34410 19980829 1 427.86
59073 19970120 12 120.41
42446 19981123 7 264.03
73035 19970404 9 126.69
84016 19980413 9 464.58
31662 19970116 10 242.25
33628 19970929 12 265.10
32457 19971103 2 224.57
89444 19980605 4 76.72
05613 19970808 3 428.70
46553 19971215 3 107.18
23110 19980407 5 6.36
82580 19970102 1 301.66
65399 19980412 12 238.11
92735 19980616 2 45.98
49669 19970816 8 219.03
25792 19980208 2 358.98
76998 19971118 9 167.89
02507 19971108 12 141.06
14990 19980412 5 307.67
90866 19981029 3 346.86
53175 19981025 9 389.44
23216 19980810 1 7.47
60588 19970131 11 37.88
61165 19971102 3 255.63
05492 19970709 6 186.15
51746 19970724 3 42.83
68860 19981212 1 209.24
37222 19980927 4 168.17
83060 19970330 7 347.92
32772 19980107 6 123.26
74238 19980510 12 477.92
87421 19971217 9 64.52
09769 19981007 12 229.95
95131 19970106 12 119.09
94630 19980417 8 24.16
07367 19980210 6 495.99
34888 19970713 6 311.05
58858 19970301 10 330.99
26157 19980111 10 496.19
15457 19980303 7 454.39
86651 19980104 8 433.27
36286 19981228 10 327.96
13223 19970509 6 134.23
51202 19981008 3 190.17
33152 19981224 1 205.28
56138 19970109 6 6.09
41491 19970105 3 293.66
92833 19970814 5 314.25
63754 19980503 1 473.91
14519 19970207 1 201.74
12235 19971215 10 403.67
49148 19970224 4 88.51
73002 19980525 1 66.62
73627 19971201 9 162.51
23566 19980715 4 412.02
29200 19970707 7 298.01
78168 19970930 9 114.99
19179 19970206 3 139.04
71274 19970323 1 351.74
67679 19971204 2 284.30
36675 19970430 8 265.12
36326 19971009 8 286.96
32516 19970129 8 412.71
05382 19970928 2 137.88
46983 19980228 8 154.68
87945 19980416 12 186.32
50125 19980923 2 239.14
34551 19970307 2 233.37
23057 19981021 7 132.51
65683 19970131 1 447.18
56499 19970628 4 416.74
95025 19980417 8 233.77
37567 19970216 12 313.32
31651 19980521 12 298.70
79390 19981019 11 138.48
30731 19980210 6 39.60
34622 19970628 12 43.96
50162 19970318 4 418.09
36406 19980517 8 93.94
76063 19970428 10 216.64
73811 19970912 7 391.38
63624 19970504 9 45.91
03594 19970905 4 177.31
09109 19971126 6 98.95
01069 19980823 12 396.39
06262 19981010 10 329.18
58462 19971222 8 240.03
92017 19980822 7 88.09
29210 19980419 2 317.07
56526 19970305 2 126.77
49687 19971127 9 324.65
39870 19970926 12 116.47
53473 19970617 1 173.59
43706 19970109 1 408.18
10920 19980822 11 205.75
72437 19981228 2 74.56
76151 19970721 2 345.23
84531 19980218 7 385.15
93063 19970808 6 420.75
11944 19980603 12 117.65
55411 19980219 2 283.53
21271 19980623 9 226.39
89685 19981206 12 409.94
90034 19981023 5 55.20
34372 19980818 4 37.06
50227 19971029 4 14.75
15682 19970409 3 82.11
74341 19970727 2 345.62
17378 19981118 4 441.40
32544 19980515 4 462.27
19484 19970117 4 264.97
12217 19971001 11 261.02
53069 19970611 5 123.28
68338 19970425 7 151.05
09082 19970203 5 379.84
71272 19971225 11 484.41
82629 19970704 6 156.18
43244 19980926 1 5.23
36185 19970731 4 206.42
43777 19980926 9 220.53
52076 19970111 1 109.61
16223 19980614 1 121.97
36165 19970713 11 343.96
27898 19980121 5 190.99
61220 19971123 1 251.38
88651 19970313 1 185.44
76890 19980727 6 21.71
35591 19981125 1 7.42
19997 19981031 5 35.54
18088 19981102 3 138.18
66488 19970113 4 54.31
86961 19970905 10 329.19
44373 19970209 8 332.30
75755 19980319 12 235.32
99352 19980429 2 497.22
47613 19970213 9 111.28
29059 19971212 4 20.16
65261 19970517 11 382.94
82313 19980306 6 375.11
32515 19971023 5 359.24
67629 19980821 12 146.57
62707 19970506 5 50.90
40940 19970917 8 495.55
54987 19970914 12 319.85
94753 19970214 5 232.52
98885 19970119 12 27.74
77567 19980515 12 237.89
77923 19970210 2 296.18
41391 19970402 1 221.67
94170 19981022 5 34.58
05434 19980206 1 298.61
04369 19980921 2 130.25
16734 19981103 1 374.29
76922 19981108 3 77.66
67184 19981224 7 132.53
61927 19970205 6 10.85
87017 19970703 9 318.96
13845 19970506 6 498.79
38023 19970914 11 231.13
81878 19980816 8 153.29
02809 19970728 1 377.51
44430 19970720 4 182.28
35785 19970628 9 211.54
55341 19980202 9 327.29
17889 19980914 8 311.06
13902 19981106 12 190.39
06780 19971015 3 242.00
99817 19971205 5 213.95
71203 19980613 4 365.95
37788 19970116 5 107.77
37889 19980308 7 424.09
03070 19980603 6 481.40
47316 19980717 8 236.43
86294 19970210 9 56.08
89759 19970502 3 402.54
30006 19971222 1 409.97
24255 19980520 5 402.47
29067 19980807 11 232.48
00881 19980919 4 367.30
84320 19980815 5 51.09
07021 19970115 9 288.94
11835 19980906 9 242.51
52965 19981108 5 353.21
55589 19980129 8 10.55
07386 19970403 1 265.22
60257 19970725 5 283.94
94192 19970707 2 423.10
47020 19970128 7 140.36
72327 19970911 7 252.58
54328 19980826 8 239.33
90903 19970410 6 100.68
15347 19971202 5 128.32
77095 19971229 10 14.34
02274 19971018 9 271.46
35941 19980116 2 464.85
35522 19980606 7 420.86
81852 19970612 7 261.20
71197 19970214 6 464.80
15592 19970118 1 397.59
69305 19970209 9 77.22
18015 19970413 8 459.40
24210 19970506 7 424.02
07413 19981203 3 11.25
14175 19970513 2 359.25
72885 19980630 10 232.58
99305 19980601 2 136.16
84155 19980708 6 439.98
83597 19980830 8 482.99
99150 19970214 8 296.66
59448 19980930 7 455.51
92067 19970610 9 347.18
20740 19980622 11 368.43
42309 19980907 4 479.22
39239 19980210 3 197.77
88595 19980403 5 333.47
85649 19970314 1 114.85
83428 19980603 1 201.66
11799 19970226 3 384.76
93520 19970620 12 466.26
51737 19970828 6 305.36
35524 19980303 4 297.33
64078 19980218 12 202.38
63637 19980601 7 418.05
61177 19970528 5 55.52
88600 19980217 3 442.99
53210 19970226 7 471.73
52012 19970415 2 131.58
15719 19970406 10 290.14
00026 19970410 7 283.02
58420 19980528 5 67.34
45644 19980419 9 204.71
23166 19980513 4 342.77
95024 19981025 11 81.78
86206 19981105 3 384.31
07501 19970126 6 38.59
15613 19970108 3 480.25
80327 19980827 2 72.53
61573 19980529 8 140.29
24363 19970311 12 140.99
33158 19980520 11 150.89
35276 19980621 11 285.65
75648 19980816 5 141.31
89934 19980625 12 450.56
82763 19980828 6 410.29
53028 19981129 6 419.95
90117 19980317 9 30.08
08350 19970419 10 12.38
94508 19981124 12 112.65
67498 19980326 12 273.25
28311 19980929 7 84.10
66869 19971128 12 488.57
69631 19970822 6 89.68
23997 19980622 5 345.70
37252 19980605 9 121.56
88765 19981115 5 106.86
34201 19980101 8 87.84
00355 19971102 8 403.50
38574 19981207 5 131.78
27487 19980330 3 311.86
21572 19970310 4 53.00
07391 19971223 6 328.74
66508 19980912 12 62.80
19003 19980611 8 46.89
64541 19970822 9 274.71
58175 19971026 11 88.82
81068 19971012 12 490.03
17893 19981105 3 91.72
97882 19970718 10 182.58
11381 19981201 10 297.48
55623 19980307 12 134.78
16070 19980226 12 208.39
66273 19970612 1 490.85
89457 19981217 2 145.38
93007 19970223 3 226.49
91022 19970701 2 157.21
41769 19981007 12 122.47
64414 19981004 11 261.83
11468 19970930 9 40.83
73049 19980322 2 200.88
27801 19980714 12 494.31
71389 19980316 7 244.17
97191 19980624 10 335.47
52223 19970729 8 246.14
32348 19980222 11 96.47
15566 19970916 12 294.18
04713 19970405 8 284.46
58892 19980612 12 28.20
54661 19980914 4 450.42
48507 19980806 12 275.13
11097 19970731 12 305.98
74514 19980429 11 396.39
60962 19970401 8 101.06
43910 19970303 11 49.27
99936 19980918 12 292.88
47502 19970205 8 366.66
31053 19980630 2 185.64
72283 19970105 4 476.51
13125 19980615 2 382.98
27924 19971014 6 436.67
49875 19980318 9 106.35
63377 19980221 4 205.44
40828 19980503 3 274.87
38044 19970215 9 52.53
76862 19970722 9 260.42
17423 19970202 9 378.66
73285 19970407 6 363.36
41007 19980118 9 477.93
20318 19981211 3 210.24
93507 19971216 3 222.89
54105 19970609 6 285.96
57557 19981011 5 272.24
72072 19980802 5 252.19
26100 19970520 2 192.77
45743 19970303 8 321.04
79291 19970301 2 177.74
53265 19971225 8 203.87
20673 19980730 2 355.82
32299 19971108 11 218.92
21988 19970128 8 280.16
40494 19981115 12 109.17
34105 19970410 3 181.31
64343 19970530 12 328.81
75591 19980405 2 146.05
01354 19981027 11 315.56
32257 19980410 3 172.43
16505 19970829 1 492.32
73469 19980226 4 74.11
60892 19980209 3 204.02
70872 19980914 3 154.80
60016 19970401 1 336.11
15954 19970718 1 365.03
78807 19980812 1 299.29
00901 19980531 7 270.21
19457 19970701 9 260.28
18061 19970409 10 21.72
43500 19970906 9 305.36
13810 19980429 11 359.30
69826 19980629 2 65.80
23926 19970724 4 192.27
34126 19971028 11 264.68
65222 19970615 6 386.71
76773 19980319 8 300.75
94679 19980227 8 180.58
22965 19981228 10 179.46
95717 19970726 10 180.14
10878 19970301 6 262.59
55756 19970814 2 489.68
17641 19980423 10 223.27
32294 19970425 5 223.63
90257 19971119 2 365.74
69421 19971212 9 58.94
97250 19980626 10 358.06
26455 19980611 12 124.55
92137 19981229 10 367.35
21315 19970117 4 457.26
33918 19970223 7 394.31
50152 19970318 3 225.08
10468 19980821 11 296.48
34776 19970620 5 379.23
97446 19980924 12 14.22
90346 19970118 5 295.36
65609 19970630 9 54.86
55867 19981113 7 265.25
70614 19980405 3 401.84
91571 19981003 5 384.30
57163 19980303 9 108.25
00006 19981019 10 286.19
45656 19970809 5 134.11
10757 19980823 3 223.38
98782 19980621 6 156.64
16094 19980506 8 116.06
66371 19971208 6 90.25
12293 19980323 10 102.59
02257 19980122 8 349.53
12812 19990101 8 160.18
14996 19970131 1 357.57
35481 19981223 10 455.97
02580 19980318 11 325.33
19570 19980808 3 496.10
77566 19980821 12 450.31
03348 19971007 6 210.10
94758 19970818 4 287.29
36206 19971101 5 148.29
88459 19981027 9 92.79
78477 19981212 6 170.72
39949 19970207 10 121.36
11312 19971204 1 480.33
45884 19970926 4 343.18
63811 19981124 9 19.82
84192 19980114 4 142.17
32882 19970721 11 329.01
08471 19980912 2 75.01
38206 19980618 6 391.50
28987 19970324 6 190.40
91627 19970729 6 67.09
66674 19980822 12 202.76
73364 19980809 6 294.60
81660 19980429 3 17.16
65238 19970209 12 67.16
86565 19980302 6 152.15
00547 19981014 8 448.15
14121 19970206 11 420.40
58304 19970111 6 173.00
08704 19981108 1 498.71
41149 19981210 7 122.10
70415 19971124 6 44.36
86697 19981002 11 35.16
73326 19970716 10 441.06
20143 19970228 6 333.98
43324 19970502 7 224.54
67807 19980314 5 471.46
51274 19981216 8 222.64
28827 19970808 7 77.37
53646 19980826 10 68.99
05196 19980204 4 319.74
90239 19980225 8 154.75
52221 19970612 10 379.60
70535 19970511 10 253.51
80728 19980602 11 362.22
48398 19980526 3 357.41
77409 19971025 4 492.41
05366 19970313 9 200.66
70771 19980308 8 491.30
81204 19970916 5 243.55
80379 19970129 3 273.39
90187 19980618 1 350.13
04527 19980720 7 288.63
78128 19970204 10 383.17
23829 19970810 1 189.15
90236 19970814 6 338.37
89962 19980101 9 394.40
65558 19970123 9 124.90
22496 19980328 6 91.50
10791 19971105 8 419.40
60462 19980623 8 211.61
10368 19980705 6 120.96
93507 19980623 8 43.43
86672 19980510 11 397.60
50164 19970302 11 56.08
42831 19980302 2 285.80
91198 19971012 12 422.14
34663 19980821 6 363.71
93648 19971020 4 406.74
50941 19970317 12 232.31
20087 19980221 10 320.73
14585 19980101 12 20.98
22472 19970404 12 178.78
26774 19980109 2 467.42
77792 19981202 2 108.47
44620 19980818 5 310.33
63174 19970813 1 261.90
80179 19980106 1 499.44
04037 19981010 2 193.62
63294 19970222 9 93.05
78699 19970813 4 422.18
96310 19980901 6 69.48
92086 19980923 2 478.08
64407 19980905 6 364.03
54008 19970902 10 183.80
07245 19970828 4 125.11
87615 19970510 12 349.94
33646 19970531 4 497.42
46063 19970516 7 396.88
36253 19970819 5 17.27
57894 19980226 11 287.50
12877 19980208 2 433.09
75990 19980207 9 255.12
15343 19970528 7 424.88
11922 19970524 9 232.52
96514 19970303 4 24.57
12915 19970427 6 484.90
01082 19971009 9 185.01
32075 19981126 2 52.49
26897 19980509 7 360.49
58352 19980126 2 322.89
76073 19970404 10 57.69
88419 19980823 6 203.33
64661 19980827 1 494.20
33262 19981112 10 456.98
07523 19980828 9 120.26
33971 19970114 8 498.59
79582 19970823 8 345.62
30664 19970511 2 260.97
68419 19980804 4 253.51
56747 19970405 7 236.76
15511 19980310 12 470.98
69266 19981123 11 166.45
99676 19970118 1 498.06
61072 19981209 7 268.54
86042 19970428 1 447.59
97313 19970718 1 189.83
13790 19980416 9 252.50
71699 19980810 5 348.11
04193 19981123 6 406.58
06291 19981120 6 201.03
12360 19970221 5 389.58
95492 19970307 11 129.49
70747 19980912 7 237.85
06866 19980610 3 199.03
29621 19970512 4 464.42
42572 19970523 9 73.89
36511 19970731 6 231.62
55617 19970917 10 124.03
46570 19980508 9 486.76
39208 19970306 11 310.00
66299 19981027 9 260.32
34824 19971225 12 195.89
45792 19980110 2 72.44
83718 19980812 6 336.65
29724 19980422 8 247.18
41085 19970407 6 189.95
54173 19980313 5 155.30
02039 19981224 5 341.71
92104 19971227 7 461.54
25888 19980820 5 315.98
68755 19970903 3 346.05
00924 19981229 5 494.06
49565 19971016 11 242.63
92584 19970701 2 78.30
97754 19980320 2 483.35
12100 19970514 7 124.59
91013 19971201 12 271.02
57315 19981215 2 466.14
62827 19980924 9 453.40
51384 19970913 6 64.70
40783 19971022 2 469.58
84058 19980207 2 150.00
94822 19981019 7 480.47
85407 19980203 2 439.24
33086 19980126 9 435.71
91406 19980524 10 200.85
40141 19970920 6 225.66
40479 19981105 2 311.81
75872 19980716 4 98.29
23951 19970223 7 214.71
32093 19970408 6 417.33
98485 19971206 7 187.21
65418 19971211 1 68.17
15271 19971214 3 209.27
24393 19970419 11 345.58
22104 19970916 6 241.35
98980 19970503 12 179.15
46215 19971001 5 292.79
53672 19980612 8 125.28
60708 19970626 5 67.96
63704 19980411 5 13.60
25415 19980531 3 89.59
80426 19980914 2 486.52
60936 19970920 5 164.46
75196 19980910 8 55.15
56427 19980202 2 47.17
53747 19980411 10 27.60
99394 19980926 7 269.04
21741 19981112 7 94.04
17963 19980908 7 123.24
11576 19980915 9 52.35
07567 19980316 7 459.11
42892 19981017 2 350.59
85472 19970204 10 7.73
79333 19970810 4 419.59
07423 19971222 2 333.27
46670 19980304 9 24.98
03587 19970318 11 54.28
60317 19980626 12 357.54
58772 19980625 7 358.38
11386 19970109 8 460.10
97051 19980319 2 254.50
04400 19981011 5 12.08
11872 19981217 10 362.74
47674 19980419 10 133.75
53584 19971202 8 233.75
90689 19980111 7 113.99
41593 19971212 12 49.31
50506 19980604 8 227.40
98399 19980925 6 63.70
39327 19970330 8 160.71
48008 19970818 6 469.95
43232 19970521 2 79.36
85647 19970723 8 442.11
02692 19970808 9 457.52
48126 19980630 1 72.58
58617 19980911 2 54.41
78907 19970817 6 258.30
70806 19971219 5 118.08
61462 19980830 1 162.91
40055 19980708 4 346.69
87633 19970704 10 406.74
85198 19980207 8 221.87
40050 19980131 9 99.22
02112 19980322 5 118.16
04900 19980403 4 195.92
64633 19981026 10 154.03
33120 19981025 8 132.99
30356 19970103 8 386.04
03002 19970921 7 49.32
69914 19980811 7 321.81
43282 19970414 6 233.52
44500 19980211 12 126.10
30257 19970802 9 269.96
09158 19980911 12 194.45
57496 19981015 9 190.83
56496 19980724 8 160.19
45856 19970930 6 189.32
34677 19981011 2 269.92
51013 19980421 6 192.02
47657 19970411 10 26.04
34160 19980120 6 342.23
96425 19970501 11 193.77
65837 19981101 8 149.94
20351 19970504 9 272.32
00394 19971223 2 307.34
60706 19980204 7 248.77
25529 19980816 10 12.77
30791 19970620 11 129.60
37899 19970319 9 349.05
94685 19981202 8 136.47
20104 19970309 8 357.93
23676 19971111 12 275.25
80376 19970302 8 223.68
66466 19981003 12 380.45
73135 19980323 7 356.69
23870 19980708 8 57.70
01626 19970309 11 73.80
99890 19970905 2 320.90
39628 19980903 5 177.20
28712 19970102 10 383.96
81033 19980511 1 50.77
78784 19970729 4 76.93
11371 19970105 1 464.18
03354 19980218 11 217.48
68166 19970330 4 480.09
07472 19970330 4 391.51
81834 19981210 1 413.48
14918 19970730 2 163.72
68866 19980602 1 35.75
30033 19970817 7 138.13
36626 19980920 12 125.64
52882 19970529 2 79.07
05615 19981022 8 494.47
40316 19980408 3 376.78
42373 19971028 10 5.69
64220 19970503 2 357.69
50245 19980905 9 286.07
14550 19980510 4 128.90
63841 19970916 5 475.01
73251 19981115 4 437.09
00225 19980613 6 417.15
51104 19981001 7 379.66
99818 19980320 6 24.90
93868 19980425 8 376.53
66045 19970825 4 93.94
86587 19970403 8 447.54
09248 19970723 5 469.95
65059 19970429 4 77.20
95044 19980806 6 486.54
41482 19970705 1 366.98
03753 19980304 10 108.56
10893 19971102 2 376.70
79079 19970908 3 476.32
59999 19981017 7 185.94
90999 19980312 11 444.84
96642 19970204 3 197.62
14549 19971202 5 492.26
20372 19980123 10 28.50
96463 19980105 11 496.27
29711 19970804 11 195.43
80120 19970415 5 303.32
32173 19980430 7 305.63
82697 19970703 3 391.71
17799 19970206 12 98.33
51104 19980104 12 475.33
33849 19980315 8 124.96
23281 19970325 6 233.53
08465 19980610 6 358.10
08195 19970503 2 43.43
25298 19980820 8 292.52
18302 19980406 1 261.24
82876 19971231 3 381.99
04627 19970223 7 472.99
17650 19980823 1 389.31
23345 19970219 1 360.54
32120 19970617 8 42.85
12323 19980130 1 136.55
70166 19971012 4 452.45
89307 19970917 10 225.46
36885 19981019 11 63.48
77868 19980509 12 68.60
65421 19970902 2 8.44
58063 19970817 1 20.43
62287 19971021 2 216.15
49723 19971113 11 92.83
46832 19980526 3 438.39
09796 19980801 6 176.25
40871 19970117 1 254.44
65734 19971016 2 444.27
61020 19970710 1 91.78
73122 19970818 4 365.53
26587 19980324 5 324.00
52698 19981227 2 214.18
82649 19980328 5 308.13
25878 19980310 12 393.17
07848 19980610 7 236.17
77183 19980326 3 119.97
33672 19970514 11 106.64
99236 19970227 7 43.98
83788 19980601 3 441.99
86256 19980619 1 66.77
88706 19971021 3 43.49
52090 19981012 6 206.46
52028 19971108 9 15.46
64228 19980420 9 476.23
16270 19980528 2 112.12
61672 19980601 2 220.58
41907 19980820 7 397.08
81780 19980527 6 306.82
88561 19971215 1 33.96
68651 19981201 10 371.28
09229 19971001 11 417.01
33650 19971006 11 181.12
44154 19981022 4 48.14
95767 19970418 11 401.36
09360 19981004 9 351.79
95206 19970220 5 359.21
36784 19970814 4 436.30
38391 19981021 8 479.62
89818 19970523 7 180.63
74803 19980418 8 367.86
07280 19971230 7 164.27
07583 19970127 6 173.20
39058 19980621 5 130.08
68189 19970307 1 332.45
24161 19980215 4 240.44
97280 19970604 6 273.42
42420 19981120 9 405.55
19105 19971013 3 57.51
70762 19971026 10 290.34
99376 19970729 10 398.14
65898 19981116 11 446.07
08890 19980418 6 118.44
83818 19970723 10 446.71
89207 19970802 6 485.31
21099 19970222 1 350.80
89207 19980413 1 210.87
50886 19980601 7 423.96
97678 19980726 4 437.49
07285 19981020 2 446.97
89955 19971128 9 468.85
71350 19981006 8 345.34
37359 19971205 9 64.13
57915 19980918 12 364.84
90942 19970212 6 247.81
63608 19970427 8 206.18
41753 19980714 8 101.63
14164 19970712 12 66.24
10757 19980513 11 466.48
95934 19980318 10 496.75
07743 19971115 7 428.73
38191 19970821 12 186.69
08024 19970628 1 408.35
78278 19971028 1 288.98
46225 19970228 7 370.74
52403 19981228 8 258.13
80476 19971020 7 207.52
01332 19980704 4 25.31
03706 19980123 6 294.30
04288 19980529 1 376.92
62760 19980427 1 377.96
69082 19980427 6 95.02
43083 19980115 11 402.91
44462 19971026 5 98.28
87304 19980104 6 211.92
34073 19970327 11 361.77
79909 19970813 8 344.32
04288 19980222 8 51.18
60152 19980929 10 466.12
89457 19970302 12 262.16
65381 19980210 2 352.91
74139 19980626 4 255.73
80949 19980225 12 139.41
28948 19980617 3 283.15
62144 19970715 5 191.94
24624 19970830 1 41.87
54455 19971222 4 169.46
01939 19970418 6 477.77
00044 19980426 8 79.06
67250 19981115 10 217.25
29274 19980518 3 5.78
70745 19980806 9 316.04
79720 19971114 12 107.22
64014 19981203 11 173.12
45508 19981015 6 180.24
14559 19980203 11 228.02
32500 19971228 4 230.44
61258 19981129 2 88.24
24402 19980221 10 238.61
41858 19980415 10 254.20
32931 19971219 7 467.53
70862 19980223 2 143.39
71838 19980806 6 94.98
63854 19970925 10 355.48
66525 19970815 12 25.70
25600 19980406 1 395.98
71989 19980824 6 47.05
73295 19980313 9 113.14
19997 19970514 9 65.43
09060 19980801 5 38.40
81479 19980815 1 142.28
01507 19971224 3 335.32
31355 19971205 4 377.27
50839 19980611 7 387.95
29295 19970217 12 220.94
83554 19980810 7 478.42
44984 19970905 9 111.94
18902 19980117 6 15.94
60974 19970515 5 182.24
73997 19981129 2 66.33
95904 19970815 6 88.51
84638 19970918 2 44.44
44880 19970831 8 385.37
68767 19970611 10 458.00
91990 19970315 2 84.27
36712 19981118 3 388.05
84947 19970303 10 334.39
00026 19980920 2 249.27
12181 19980914 9 412.73
88709 19980504 3 329.11
98723 19980627 3 404.45
89805 19970514 3 410.48
41918 19971103 1 396.15
36646 19970330 9 391.43
52171 19970530 12 424.12
42985 19970928 12 119.89
12386 19970802 5 80.53
52153 19971219 12 86.05
67232 19980927 12 363.87
32429 19970411 1 396.77
72293 19980918 2 99.75
28058 19971206 12 111.40
57527 19970828 11 357.58
88264 19980212 1 312.16
50490 19980918 7 27.88
04064 19981006 9 79.96
62463 19980721 10 263.49
60748 19981119 5 12.21
96906 19980420 12 156.11
36929 19980217 7 271.54
33340 19971013 12 444.88
50182 19970711 11 434.05
62025 19970829 12 10.99
12278 19970324 8 332.25
73910 19970816 1 324.43
56013 19981027 1 139.77
37855 19980810 6 299.88
71269 19981115 5 446.17
35767 19971009 3 148.23
88824 19980623 7 464.94
46275 19971028 2 42.98
65122 19981219 9 45.40
73299 19981206 9 133.33
83339 19970315 9 31.92
30371 19980626 1 108.52
31029 19981113 11 412.12
52024 19980827 9 306.29
84750 19971012 4 152.91
93762 19980828 12 62.16
88194 19980129 11 474.11
11212 19980621 6 170.45
61494 19980802 8 37.25
84852 19980913 12 228.37
73179 19970922 7 67.25
48045 19970801 9 19.32
38136 19980219 3 430.01
19375 19980714 6 52.33
60352 19971028 8 367.59
18063 19980220 5 152.01
79405 19970503 9 114.87
76651 19970919 10 484.91
73979 19981106 4 462.80
89347 19971227 6 160.16
52686 19970821 11 495.37
55584 19980722 4 67.25
99973 19970617 8 449.40
46902 19970420 2 481.35
61904 19970425 4 417.58
90862 19980108 7 372.13
15636 19970128 7 267.58
61160 19981220 2 201.18
52867 19971001 6 39.84
60031 19970329 4 479.30
03124 19980808 5 42.32
51324 19981110 10 121.05
69612 19970305 7 199.16
20542 19980508 2 221.21
09658 19971218 11 284.73
18348 19971024 8 12.93
42404 19980911 8 406.13
55167 19980822 11 100.12
19778 19970721 12 148.77
95101 19971230 4 360.62
21726 19980420 12 8.91
49465 19981213 12 268.53
14789 19971118 10 173.65
83779 19980921 9 335.96
33191 19980206 4 180.69
08188 19970607 11 176.15
52012 19980329 1 257.56
54632 19980830 12 449.97
87148 19971222 4 44.95
24208 19981209 1 198.76
21276 19970425 10 45.46
92208 19980228 7 69.65
72016 19980719 11 362.51
05269 19971102 2 446.06
36980 19981111 4 302.79
78529 19970818 7 281.55
01332 19970719 4 5.71
21000 19970524 6 173.71
95648 19980129 6 205.89
57087 19980722 3 328.89
28504 19980130 2 318.45
87558 19970127 4 77.24
92146 19980730 4 129.31
72994 19980505 8 124.66
16134 19980106 7 313.29
51371 19980916 6 197.73
13106 19980703 11 481.21
36374 19970507 7 234.20
59738 19980530 3 445.25
65253 19980309 6 384.38
74767 19970711 6 427.37
73815 19970923 3 108.71
28132 19970207 7 57.64
10028 19970617 1 300.55
27804 19970503 12 487.30
81148 19980202 9 255.47
06569 19980621 6 279.38
16457 19970509 9 394.80
68658 19970115 9 486.28
59690 19980227 11 189.22
88744 19981022 10 168.98
83961 19970822 10 35.20
96148 19981223 8 46.82
83361 19980801 1 195.97
59919 19980128 2 330.08
47751 19970902 1 98.81
10762 19981204 3 257.10
15598 19981112 4 277.78
95427 19981113 8 378.31
11378 19980826 11 413.93
45931 19980728 5 175.07
75359 19970818 11 271.35
86373 19970312 5 469.38
02855 19971216 6 424.78
77575 19971208 12 185.50
92351 19971206 8 117.07
30954 19970421 8 156.30
68920 19980403 12 143.10
17021 19980707 10 140.03
30309 19980628 11 24.82
54541 19970210 8 382.95
92782 19970509 12 313.27
47608 19970521 6 28.37
07454 19980713 1 288.42
88748 19980911 12 331.33
40211 19970213 4 443.21
37393 19970102 8 238.13
68071 19970702 5 162.61
01628 19980905 1 312.17
75066 19980331 7 145.09
39445 19970910 10 371.17
74796 19971122 2 192.07
63112 19970102 3 85.67
04305 19970319 3 182.80
66582 19970905 12 491.03
09505 19970808 2 281.35
44799 19980526 7 173.90
18840 19970202 9 446.22
06963 19970124 3 419.97
37788 19980314 11 387.79
49084 19981110 10 96.82
79951 19970705 5 494.17
19456 19980514 5 386.43
47848 19970512 2 313.62
84114 19980406 10 130.33
86547 19980731 12 207.56
94197 19970921 1 279.38
55677 19970101 1 363.43
73379 19971123 7 418.74
86397 19980604 6 389.13
23625 19970721 7 389.02
97604 19970629 8 308.32
52866 19980409 3 68.84
16665 19981030 4 320.22
79015 19970205 8 209.57
28948 19970422 11 238.94
37774 19981219 10 414.82
66855 19980827 4 181.62
91977 19971112 10 6.06
43671 19971104 3 331.03
71302 19980411 1 223.51
13192 19980210 3 480.97
89039 19980205 11 245.82
53882 19971203 1 484.18
86209 19980513 10 267.52
85823 19980601 12 262.38
79109 19981206 5 63.19
50922 19971025 11 386.22
02945 19971201 12 486.42
69480 19980115 3 441.63
08015 19970723 1 18.76
13396 19981120 9 299.01
87723 19970515 8 98.67
21422 19970907 9 417.27
07559 19981029 11 411.58
48955 19970620 5 143.54
09108 19980412 8 228.94
33658 19970308 9 64.70
03683 19970621 12 461.64
46399 19980818 8 39.59
27244 19980831 1 75.78
53627 19970709 12 5.70
09588 19971007 10 381.56
06842 19970529 9 168.21
33050 19980421 8 369.92
63459 19981202 11 243.56
30625 19981118 4 141.93
39294 19980622 12 281.37
05062 19970630 11 44.10
56256 19971027 3 297.09
31692 19970711 6 316.35
24779 19981226 9 301.22
45579 19980701 12 41.57
33412 19970307 7 236.03
63772 19970114 9 437.01
11735 19981013 2 324.19
18776 19980301 1 17.56
35328 19980104 2 467.01
33769 19971001 9 420.22
51763 19970617 12 284.77
31172 19970210 5 340.72
70968 19981106 2 433.47
57423 19980423 8 340.25
20045 19980915 6 121.31
61874 19980117 3 461.35
47197 19970125 1 406.86
45023 19981009 7 297.32
35993 19980526 6 230.69
64498 19970102 4 150.83
83343 19980711 3 412.69
79464 19980630 12 353.34
25145 19971204 10 317.88
62182 19971019 1 183.93
85922 19980305 5 189.23
77424 19980831 1 313.96
31843 19981115 9 271.82
02368 19970628 5 425.07
49065 19970814 10 397.77
04576 19980410 8 42.85
40302 19970812 12 27.57
72453 19971219 7 225.01
83365 19980908 4 358.53
72736 19970508 11 492.72
23655 19981021 2 89.67
87149 19971015 4 64.47
37343 19971118 8 300.45
20638 19980511 4 161.18
04299 19970206 10 347.25
02416 19980426 1 256.61
95207 19970403 4 355.12
57002 19980416 12 485.29
58259 19970321 4 340.60
04787 19980817 8 41.35
03187 19980421 9 193.40
26360 19980823 7 362.55
16010 19980520 11 149.60
91532 19971103 7 448.64
06056 19980612 4 326.77
67391 19980121 6 88.54
59813 19970117 8 320.28
01879 19971229 1 200.85
91490 19970322 11 271.74
61207 19980830 8 419.31
97850 19970630 4 77.01
02826 19980703 12 314.97
42234 19970815 8 472.64
63291 19970924 12 402.31
56282 19980523 12 293.44
56889 19980419 5 454.95
16365 19980202 12 64.87
26871 19971128 5 481.02
36754 19980618 4 198.64
10986 19980601 9 341.79
31176 19970404 1 333.84
63105 19980620 6 64.95
51568 19970905 4 357.75
50266 19970816 7 28.73
32436 19970809 6 37.14
92305 19980608 5 92.45
14732 19980207 5 99.64
42633 19980605 12 381.42
98714 19970315 3 183.29
85469 19980709 2 222.89
62625 19970602 12 167.93
11408 19980315 6 410.51
10711 19980405 12 103.84
29650 19970821 8 328.11
39261 19971205 6 196.84
93873 19970902 6 142.44
00911 19971124 9 68.88
63759 19981220 7 275.95
47433 19970304 1 107.72
48492 19970113 7 254.02
39154 19980610 7 414.45
09030 19980802 11 408.26
17966 19980326 11 439.19
49321 19970727 8 10.43
91689 19981216 2 290.15
84026 19980612 9 476.51
82598 19971014 1 241.65
52939 19980123 2 318.10
48796 19981208 4 105.26
23218 19980412 9 403.07
71416 19970119 8 116.19
95523 19970724 2 218.60
29506 19971103 8 19.85
25154 19971220 1 188.95
33569 19980320 5 158.43
64239 19970124 2 463.20
02616 19981220 11 262.00
21428 19970929 6 303.55
89152 19970829 3 432.86
56645 19970128 11 461.40
35045 19970824 2 199.77
04652 19980602 1 413.42
49803 19981229 3 295.52
87126 19971127 6 128.87
18785 19980615 8 31.18
18860 19980602 6 160.75
27544 19980203 5 220.73
72507 19980428 3 246.84
50548 19970419 8 439.21
47076 19980126 4 290.02
10327 19970907 7 181.90
40876 19980324 4 207.07
08705 19980704 8 113.73
08058 19980413 2 164.20
87395 19980808 12 347.70
43514 19970812 7 18.76
30271 19980829 5 213.55
00033 19970214 8 175.60
09768 19980121 4 19.99
86672 19980831 12 105.74
41226 19970630 7 198.65
88042 19980616 6 76.17
03959 19970506 8 499.64
63698 19981123 8 431.58
92570 19980226 6 19.11
57627 19980204 1 472.65
52048 19970421 6 15.92
35624 19970221 4 9.95
48304 19980121 5 171.16
47611 19970824 1 255.98
71011 19971219 5 328.79
19231 19971112 2 451.96
87443 19970128 10 124.84
54406 19981201 11 129.16
24483 19980630 12 431.09
76599 19971104 7 406.60
11534 19970324 9 351.50
85401 19971222 3 188.23
60071 19970416 11 34.13
24997 19971129 5 122.51
23000 19980426 6 52.78
35070 19970705 8 390.16
69244 19970809 4 89.36
89639 19970427 11 495.14
16420 19971126 12 254.73
91462 19981016 2 416.37
85701 19970825 9 234.75
32891 19970101 1 237.73
36187 19981208 1 308.80
97022 19970415 2 144.35
39425 19980725 12 481.05
81170 19980706 5 202.71
56428 19971203 5 281.35
95260 19971203 9 417.38
27654 19980215 9 409.41
27410 19970706 8 193.77
67905 19981009 7 459.73
54515 19971008 12 376.94
51140 19970503 11 379.45
05858 19981102 2 275.60
14282 19981231 11 38.14
14322 19971217 7 61.67
41630 19980825 4 148.58
50803 19970817 6 361.49
83926 19970216 9 169.23
05834 19970623 2 284.13
62719 19981014 11 249.94
55880 19980604 6 319.17
60714 19970319 5 238.94
61641 19971224 3 230.68
10166 19980102 10 477.24
37989 19981117 12 486.66
90256 19981113 4 183.36
25624 19971118 10 213.21
93535 19980904 8 404.09
38664 19981004 10 229.18
02606 19970708 9 206.92
08997 19970126 9 345.20
36048 19970619 7 337.49
73798 19971011 8 292.73
72864 19971001 5 71.41
55000 19981118 2 242.94
16965 19980117 6 297.18
17916 19980911 3 155.71
14320 19971027 3 340.90
41194 19980727 8 162.34
48963 19971214 6 126.88
50510 19981219 11 358.97
90995 19980620 1 117.26
09920 19981108 4 158.94
52526 19981017 8 208.52
22834 19971018 2 288.55
56233 19980202 3 293.51
40859 19970824 11 470.29
39953 19980919 1 144.67
06967 19970413 5 117.23
03845 19970308 5 180.78
85158 19971023 6 85.07
92235 19970806 8 434.55
96767 19970629 10 443.29
30949 19980119 11 83.76
09963 19980204 5 317.87
83748 19970419 7 187.90
99345 19970119 11 271.21
66271 19981019 8 435.50
08786 19970227 3 408.86
09303 19970221 4 21.86
96684 19980102 12 182.66
55789 19970806 4 422.27
49514 19980308 12 250.22
10256 19970506 11 494.60
86536 19970802 11 293.26
94074 19981001 8 310.11
07537 19970731 12 425.30
29408 19981008 3 195.29
48626 19970523 12 278.65
27648 19980803 10 379.00
71001 19981010 8 279.31
21939 19970727 3 340.47
97930 19981117 2 100.98
01741 19980630 4 94.00
30061 19980808 12 13.03
44662 19981130 5 333.87
81349 19980628 6 430.26
17316 19980307 9 13.46
06578 19970704 10 16.31
40350 19970328 12 147.88
39606 19980605 4 166.74
74518 19980329 2 138.37
38166 19970927 5 357.16
56045 19970507 7 157.97
79724 19980903 2 344.10
56833 19970718 11 212.67
90427 19970531 8 163.61
49980 19981217 10 338.93
95316 19981221 11 54.01
87592 19981125 11 485.12
04582 19971110 9 471.78
19003 19980806 3 375.26
68254 19971118 1 418.83
87518 19980704 11 369.15
47296 19970111 3 207.35
31831 19970329 10 40.48
67736 19970124 12 64.93
67317 19980624 9 476.74
20536 19970524 8 11.31
76463 19970126 9 386.93
85412 19971011 1 419.90
14719 19970720 6 46.28
29349 19970820 1 334.47
43188 19970329 5 25.13
29083 19980512 7 228.65
65553 19980714 3 165.37
79106 19970726 10 231.53
92300 19981112 11 337.75
66994 19970909 2 76.38
73832 19980802 11 499.22
35790 19971022 12 188.20
55572 19971116 9 418.11
57991 19980731 11 107.37
01758 19970729 11 47.23
43281 19980911 6 215.26
72259 19980329 1 332.34
69132 19980921 11 27.41
52626 19970419 3 22.79
38111 19970302 1 341.79
90651 19970726 10 340.18
06305 19970830 1 95.30
35358 19980725 9 129.38
78987 19970728 8 402.18
29473 19971202 5 36.32
95747 19970205 10 181.78
19196 19980514 9 429.93
93385 19980927 8 364.89
38609 19981230 10 458.67
16074 19980517 3 388.06
38783 19980525 11 304.53
32211 19971122 9 30.43
87591 19980510 3 9.94
84072 19970425 12 450.53
02140 19970407 6 39.69
14790 19981111 8 220.17
98483 19981114 11 236.59
74025 19980923 7 79.52
00617 19970810 10 137.94
29022 19980316 3 370.54
18449 19981002 7 286.13
20097 19970727 6 24.80
55557 19971123 11 446.31
93450 19970826 6 267.76
95113 19970422 9 312.89
17213 19981023 4 39.12
53350 19970315 8 192.35
56629 19970319 11 498.57
72866 19970302 10 82.85
42873 19971116 2 104.62
54977 19970105 9 468.44
03344 19970727 10 334.83
49665 19970610 5 80.53
13901 19981124 7 349.93
22028 19971205 12 105.47
03316 19971029 8 206.22
91366 19970303 7 478.88
38125 19980410 5 452.66
19028 19970214 11 357.34
70677 19980426 10 29.60
00153 19980603 12 251.70
31638 19980727 2 454.51
99043 19970225 4 87.04
59207 19970624 11 26.29
75434 19971203 2 271.44
30672 19970313 5 192.22
83456 19980518 8 78.96
65751 19970719 2 205.94
94007 19970824 9 366.19
44826 19971212 4 228.48
38862 19980714 5 269.58
78482 19970808 4 97.90
75203 19980819 6 115.63
75661 19970220 10 334.42
89327 19971120 11 219.86
86541 19970928 8 238.09
39835 19980310 4 291.45
83823 19971110 5 250.17
03902 19970620 10 230.23
34585 19970910 8 444.90
43695 19980125 6 259.51
65624 19980416 4 412.87
72365 19970517 1 225.98
27665 19980408 6 374.49
05719 19980807 4 123.32
08800 19980112 4 72.92
52541 19970709 6 309.97
80631 19981127 4 469.00
09959 19970725 11 15.92
03797 19970116 12 108.81
02306 19970106 11 344.06
57295 19980114 9 208.09
60708 19970301 2 491.46
98263 19980413 1 459.50
96066 19981102 4 344.45
87752 19970309 9 278.84
69025 19980219 4 22.84
78622 19970502 7 24.16
77641 19980304 1 262.28
98564 19971210 2 319.39
32175 19970416 9 307.34
35893 19980924 11 264.67
30955 19971118 3 110.95
87696 19980320 2 440.34
26523 19981010 11 418.51
31828 19971031 7 379.56
34300 19970422 4 84.85
28552 19970322 9 247.53
55565 19970409 3 163.08
08106 19980807 11 369.37
61595 19970625 12 155.47
27979 19980712 12 302.23
47772 19981226 5 322.53
29878 19981110 8 485.55
32320 19970825 7 369.16
52833 19980228 5 47.42
08460 19980802 9 96.82
16560 19980727 12 349.25
13841 19980531 12 117.53
61985 19970224 5 203.97
08843 19980327 1 251.83
99385 19971018 1 154.23
56324 19980508 12 151.75
07779 19981106 1 379.38
04900 19980425 7 168.48
70901 19970215 3 188.08
52261 19980210 6 176.47
01982 19981008 9 134.26
84987 19970910 5 452.42
25238 19970810 1 231.44
83966 19980217 1 389.12
26814 19970622 8 37.43
97979 19970203 5 261.20
55807 19970206 5 481.51
93366 19970510 8 25.22
84811 19970407 7 173.95
09044 19980920 2 16.61
33944 19970719 2 233.21
40413 19981106 3 417.19
26394 19971217 1 131.59
10665 19970126 5 32.27
82044 19980408 10 422.67
41692 19980102 7 243.77
43389 19970731 7 417.77
77732 19971104 12 131.31
58002 19970719 10 365.28
28169 19980807 1 359.80
95262 19970630 9 179.71
71330 19980128 8 177.62
87503 19970928 2 394.04
78391 19981021 3 421.60
08311 19980905 8 353.75
15989 19970429 9 402.20
13934 19970223 7 85.18
16967 19970122 8 405.14
93994 19970724 11 182.12
33005 19971222 1 267.57
98218 19980502 7 394.54
56944 19970907 5 191.26
25716 19971114 10 28.08
35663 19971226 2 12.08
92937 19980619 3 392.75
34057 19980703 2 109.78
19957 19970624 10 54.08
55304 19970701 8 173.06
96612 19981106 1 482.76
24944 19980128 2 35.24
86517 19980208 7 197.89
42880 19980613 11 408.49
28329 19970919 11 48.33
11223 19971229 7 108.68
25821 19981010 10 260.82
77608 19980204 5 317.29
81735 19971123 12 321.66
02002 19980212 9 425.43
00964 19980805 10 138.30
67268 19980702 9 348.55
09176 19980409 5 324.12
76136 19970911 5 238.81
88125 19970808 1 73.56
91338 19981015 3 203.40
54601 19980423 11 455.77
21933 19981008 2 246.14
00324 19970827 8 158.57
37064 19970709 3 243.93
33190 19981225 8 389.30
53351 19980501 10 231.11
90095 19970214 2 297.12
82480 19970810 11 373.85
47479 19980115 5 495.04
75189 19980225 3 329.30
77883 19971128 3 327.63
26440 19980628 8 198.54
26970 19970828 7 451.82
33392 19980311 2 275.03
73061 19970108 2 51.53
93319 19971012 11 226.80
09756 19980429 5 319.11
28953 19971104 1 494.87
21190 19980226 6 289.53
72133 19971015 5 368.02
98892 19971121 1 442.34
21798 19980515 1 365.63
47213 19980217 2 303.00
91955 19971013 2 442.21
54237 19980221 1 97.65
09499 19980723 10 203.14
76694 19980521 1 419.47
53999 19971026 2 226.74
79351 19980430 1 110.74
95388 19980512 7 165.75
93741 19970309 1 137.11
89338 19981003 9 52.51
00212 19970818 11 100.58
99043 19980208 3 279.58
26496 19970626 6 419.16
04203 19980929 1 440.10
37565 19980613 7 219.00
23323 19970716 11 421.07
64600 19970517 3 146.35
05538 19980721 5 303.06
12637 19980607 7 113.51
34691 19981205 4 180.11
99145 19971018 8 192.62
36028 19971029 1 395.54
61251 19970608 12 66.86
31403 19970801 4 89.32
31428 19980330 9 490.94
17812 19980314 4 51.55
11014 19971130 6 132.46
22438 19970209 8 287.80
48686 19970531 11 432.10
77654 19981114 7 268.82
27891 19970621 4 484.06
49937 19981118 10 287.78
94728 19981104 9 114.89
89958 19980922 1 107.64
00291 19980317 2 20.87
98830 19970801 5 32.95
50238 19970710 7 122.14
75181 19981213 12 40.97
99065 19970523 6 273.79
73401 19970526 6 421.93
43096 19980510 1 389.87
59750 19980802 3 354.66
48588 19980104 2 248.86
73846 19980210 6 341.33
06749 19981215 8 427.03
06075 19971022 8 237.45
85901 19980104 5 24.74
42956 19971117 8 242.36
50532 19981117 1 263.01
91811 19980127 4 145.12
01697 19970601 3 213.83
84803 19970907 9 71.89
80026 19980111 12 261.48
73358 19970427 1 359.72
85296 19970308 9 112.26
63063 19981125 10 95.27
48179 19971005 12 238.72
07380 19981022 1 151.81
68059 19980224 8 24.64
48467 19981210 5 317.07
17071 19970220 11 44.78
08366 19980918 3 185.28
43010 19970223 2 179.20
14360 19981215 7 221.91
96330 19970618 12 30.57
12287 19970612 4 489.78
70909 19981031 5 289.86
76424 19970704 10 91.07
03926 19970323 11 424.08
81230 19980509 2 423.23
57701 19980806 11 356.87
21828 19970630 1 451.65
72795 19970316 7 320.33
08346 19980124 12 481.57
86824 19971126 2 360.91
95449 19980728 6 160.65
01530 19970531 11 106.76
31462 19980522 10 293.29
50420 19980114 12 430.04
07989 19970106 5 70.01
35524 19980920 12 283.39
85313 19970309 9 489.02
62252 19980506 6 339.91
90134 19971129 3 405.81
21344 19980813 12 85.74
93911 19981014 11 490.66
52678 19970206 12 393.05
93622 19970716 11 148.75
55192 19970915 3 32.64
16740 19980420 7 209.18
56127 19970629 7 207.64
65395 19980119 9 142.58
95126 19980825 10 346.49
47724 19970221 7 364.93
76920 19971206 7 345.63
45900 19971112 8 140.91
93288 19970321 8 421.98
50316 19981002 12 252.30
28632 19981006 4 430.19
38987 19981014 6 126.75
76390 19970215 11 210.61
35359 19970529 8 350.06
66144 19970406 4 102.16
04596 19981007 1 119.18
12088 19970520 8 497.71
79860 19980818 5 402.38
17432 19971111 3 423.78
45004 19980629 11 169.95
36699 19980822 10 160.25
81136 19981013 11 334.40
83699 19970401 10 459.83
04875 19970928 10 266.00
66510 19970130 11 492.92
59892 19980824 11 184.65
01122 19970219 4 453.12
73541 19971102 5 370.39
50552 19980521 4 357.24
98466 19970313 12 272.81
78799 19980403 10 123.53
40279 19971225 2 453.24
51068 19970718 6 253.17
61021 19981126 11 170.37
48303 19990101 1 74.34
03611 19980821 10 363.56
06818 19971023 10 60.62
87102 19971212 5 224.49
36731 19970219 1 89.05
84651 19980215 3 57.77
28683 19981210 6 30.78
97914 19980916 12 334.22
04882 19971125 9 141.78
93633 19980312 7 416.59
40236 19980107 6 146.30
73790 19971030 4 197.79
48453 19970527 3 430.96
98195 19971202 1 470.05
79028 19970129 10 166.26
14589 19981105 4 216.00
14821 19970901 11 127.36
26780 19980615 12 324.45
26416 19981108 4 75.23
31827 19980128 8 48.48
96955 19970414 5 13.78
86846 19980309 1 335.28
21968 19980129 2 408.32
38567 19970111 8 154.25
42871 19980425 12 108.36
55432 19980514 4 183.99
06177 19970307 12 33.48
46790 19980211 1 111.36
28289 19980719 1 36.88
77444 19970129 12 419.33
26847 19970914 2 174.19
79516 19970211 7 460.93
70287 19970324 12 142.82
44467 19980426 1 255.25
45483 19970418 11 448.00
45062 19981215 2 101.98
60027 19980317 10 447.30
58547 19971020 9 473.22
92129 19970328 10 299.05
10348 19970317 10 159.52
12296 19981108 8 151.31
25176 19971109 7 330.68
96933 19981227 8 139.35
98675 19980908 12 276.82
53039 19970113 5 220.14
71295 19970512 7 458.30
96266 19980915 4 112.16
73212 19980527 2 418.53
94294 19970307 1 469.37
25537 19980130 10 276.19
40439 19970713 8 105.66
79985 19970131 8 430.20
74610 19970408 4 137.40
41279 19971220 3 270.12
31972 19970309 12 303.46
57185 19970918 12 42.93
29849 19980716 1 18.24
85011 19980717 1 493.32
12707 19971220 7 432.40
25200 19980108 8 475.84
00024 19980709 3 154.61
51364 19970908 2 54.90
46997 19970507 12 451.69
99435 19970819 8 390.27
03471 19970121 1 48.68
16528 19970415 6 247.20
21919 19981122 1 347.65
47155 19980508 2 435.78
46575 19970328 3 496.79
31925 19980619 4 17.51
13884 19980417 6 158.68
17482 19980621 11 385.60
72670 19971003 2 227.64
77896 19970114 10 103.32
79968 19980213 7 392.38
54573 19970619 11 340.97
97585 19980102 4 308.23
03802 19971224 1 395.43
23476 19980305 1 481.01
27901 19971210 5 272.78
05320 19981013 6 126.43
71490 19980314 7 409.67
59647 19970625 12 442.54
03695 19971111 9 124.18
44230 19981021 8 408.91
23899 19980517 11 351.25
09070 19970820 10 263.68
48085 19980116 2 247.16
54953 19980422 3 338.48
68582 19970904 9 273.71
32557 19970304 9 191.74
77442 19970419 9 92.41
56111 19980305 12 332.15
34313 19981015 5 127.09
91775 19970627 3 21.23
72251 19981118 11 136.65
22543 19980612 6 359.03
53371 19980818 11 361.36
26338 19971202 12 109.47
93690 19970725 11 10.91
04157 19971224 9 10.80
88185 19971014 8 312.07
81396 19970312 8 344.54
16078 19981210 4 191.64
59631 19971229 12 145.52
15944 19970416 4 484.54
92357 19981206 2 107.22
00488 19981030 2 108.30
66305 19970717 6 197.21
34253 19970501 11 101.67
91518 19980604 8 162.76
89215 19970821 5 174.70
48083 19980219 6 342.93
90869 19981104 9 405.75
79488 19980713 11 243.13
92122 19970317 9 132.32
37741 19980108 3 302.55
19578 19981205 4 396.89
64774 19970112 2 434.46
31323 19980406 11 104.18
20574 19980924 5 141.78
09048 19971129 7 74.30
61764 19981211 9 187.64
78722 19971005 7 328.21
73115 19980717 5 218.45
22629 19970228 4 67.14
86287 19971212 6 421.83
52681 19970815 5 344.09
51570 19971218 5 22.59
46461 19980317 10 239.73
96876 19970210 9 378.51
92835 19980616 1 120.35
34959 19970612 1 170.10
76394 19980926 6 117.58
56423 19980202 7 79.41
02500 19970124 2 436.43
31177 19980702 1 399.55
42798 19980606 12 378.76
52576 19971116 5 185.14
08014 19980704 1 261.84
27937 19970220 8 480.15
67669 19970824 12 213.56
47513 19971208 10 69.53
88209 19980131 9 361.14
10730 19980122 8 121.32
06648 19970513 12 97.41
95713 19980815 4 149.36
20831 19970920 6 124.20
08257 19980916 12 39.60
30775 19980617 10 32.90
64656 19981109 1 286.53
42862 19970402 1 444.79
96726 19970709 10 264.68
32047 19980802 9 412.50
09878 19971130 3 463.83
15418 19980408 12 352.96
17460 19970208 7 40.71
36866 19970927 3 125.58
96317 19971224 11 48.46
47672 19971216 1 97.23
82561 19970126 11 227.64
72624 19970429 8 62.24
99658 19970514 4 11.16
69272 19980510 7 236.96
51661 19980321 9 281.09
01190 19980603 8 326.46
28173 19980403 11 140.50
50727 19980116 2 216.70
36604 19971128 12 475.04
22278 19970403 1 70.77
27733 19970607 7 432.19
58430 19980503 9 270.43
82248 19980521 11 71.08
49036 19970922 1 93.34
64652 19971215 5 128.26
16926 19980601 7 354.61
13808 19971017 6 48.81
07089 19970202 9 320.21
94668 19981115 8 298.37
56760 19970904 7 272.83
86573 19980118 4 457.23
37284 19970509 7 46.22
48392 19980506 9 254.90
01028 19970729 8 445.18
87127 19970125 3 405.48
52660 19980930 10 408.98
45866 19970916 12 449.38
37354 19980614 9 401.42
94726 19981224 2 352.12
43314 19980623 7 162.12
32507 19980922 4 468.28
06421 19970605 12 21.70
42613 19970204 9 190.40
94205 19980622 9 325.20
77538 19980107 9 318.05
31367 19981122 7 394.43
88172 19980407 3 8.35
19481 19980114 9 497.25
16356 19970219 4 18.85
93265 19970406 3 413.27
47507 19970410 9 240.98
96776 19980408 1 356.22
24835 19980926 3 145.37
28204 19980930 7 55.83
25090 19970602 2 426.04
21507 19971006 3 303.90
58374 19971217 4 54.26
24218 19980128 6 297.84
27552 19971014 9 235.81
74385 19980825 9 496.48
64385 19971011 2 153.04
48184 19980424 4 493.13
54246 19981009 3 148.57
03122 19971203 2 38.61
57232 19971012 2 327.27
12109 19970122 12 45.71
50725 19970112 4 145.99
22249 19980227 4 83.44
82576 19981113 2 175.53
60402 19980212 10 193.82
48925 19970222 12 376.56
88286 19980901 7 409.56
02027 19971204 4 138.10
06917 19970916 12 461.11
93419 19981105 4 181.45
80668 19981230 9 45.71
97546 19980513 7 93.72
50216 19980306 3 430.72
78806 19970711 6 485.49
07018 19980115 11 361.27
71175 19971024 5 148.62
03377 19971114 9 316.27
29170 19970105 8 339.52
67801 19970801 1 413.35
71088 19970115 5 412.04
11652 19980426 5 413.20
36347 19980925 5 229.69
93178 19971224 2 418.20
29303 19970322 8 177.10
64484 19980509 3 406.76
04023 19970405 6 266.03
56738 19980821 7 406.62
43277 19970412 4 287.74
00113 19971229 11 100.67
99557 19970424 12 111.49
02702 19970906 7 479.77
16252 19981104 2 33.25
63261 19980927 4 282.09
31849 19980314 8 469.83
85823 19970926 12 52.59
02007 19980109 5 384.11
28160 19980120 2 354.48
39018 19971031 7 342.70
36533 19980102 9 246.95
14185 19980916 1 270.36
59977 19980914 1 286.13
77300 19980603 12 454.61
04563 19981114 10 468.99
07129 19980312 1 288.56
20884 19980617 8 201.98
21717 19970617 2 298.49
86698 19970325 8 174.67
88379 19980913 4 456.86
46068 19970720 8 174.21
46825 19971111 5 266.55
14781 19970707 6 484.86
48579 19981110 8 266.87
65524 19980507 5 167.17
36509 19970731 5 431.08
32777 19980822 10 136.05
16995 19970804 11 79.70
81955 19970706 12 333.55
37183 19970312 8 351.39
96198 19980429 10 285.64
09505 19970701 9 241.93
85614 19981120 8 107.96
11090 19981015 8 207.05
56322 19970308 11 240.18
14063 19971215 7 103.42
43709 19980205 8 430.73
94529 19970217 10 294.92
99542 19970124 9 350.61
98376 19980301 7 306.92
32285 19970724 1 31.40
79512 19970530 9 265.05
29069 19980526 7 489.44
71715 19980426 12 366.16
38827 19970516 3 98.01
33210 19970612 3 102.36
94400 19981112 8 450.10
37566 19970729 8 76.73
43193 19970503 11 304.26
46628 19971010 5 229.52
03856 19970419 5 101.39
20344 19971011 3 225.52
14433 19980219 11 307.33
25293 19980123 12 479.33
24298 19970519 4 54.72
53589 19981018 8 237.14
34976 19970928 9 172.24
07338 19980605 1 360.11
04155 19981114 4 46.89
61057 19981212 6 249.60
12991 19970509 4 22.91
04653 19980916 7 198.84
84057 19970625 5 454.25
35263 19970126 9 486.56
07418 19970522 9 122.09
41360 19970216 1 54.62
02373 19970205 4 367.80
93647 19980820 5 261.48
02575 19970906 10 23.94
35107 19980220 6 199.10
82411 19970128 4 87.29
88467 19970820 8 151.81
83273 19981113 8 119.78
60520 19981004 3 262.08
84893 19980619 6 218.38
86855 19980628 12 434.86
59871 19981210 12 455.75
91567 19970316 2 262.71
99689 19981218 7 22.76
58822 19971008 6 453.86
84057 19980329 12 375.81
90592 19970824 4 195.49
90688 19981112 7 91.41
09981 19970128 5 490.92
65892 19980223 10 216.12
33405 19980321 10 363.91
32502 19981126 3 22.51
48226 19970612 12 487.50
55926 19980707 3 327.93
15890 19970605 7 290.21
39171 19980102 8 80.02
50156 19980601 7 417.10
35854 19980629 11 63.51
12974 19971224 3 38.93
02966 19970702 12 458.24
03722 19970331 3 371.07
58065 19980402 11 354.01
66425 19980724 4 142.16
83148 19980713 7 405.06
12897 19971009 9 276.07
74583 19970630 9 93.94
97523 19980820 3 407.49
00534 19980420 2 362.91
02926 19980708 10 32.61
59868 19981215 6 326.24
17529 19970517 2 384.87
81670 19980701 9 174.80
82907 19980512 4 113.30
98807 19971202 9 223.09
94776 19980524 10 327.97
87458 19970922 4 206.87
52993 19981227 10 359.30
99966 19970201 6 462.45
87386 19970831 8 228.98
23129 19970620 5 55.61
48068 19980118 2 8.59
23079 19970528 11 392.34
65044 19970729 12 437.24
50370 19980514 1 18.77
57232 19970204 5 199.59
36363 19970605 8 124.80
64848 19970921 1 286.92
87315 19980205 3 438.01
20764 19981201 1 220.00
38139 19980214 10 458.27
84447 19970830 3 75.97
32508 19970607 8 115.78
43603 19970521 1 11.27
98459 19981113 3 119.74
66822 19971206 9 315.45
19087 19970828 4 198.90
20550 19971010 6 140.59
61157 19970128 11 36.31
52715 19970119 8 462.65
93138 19970917 8 364.45
00029 19981101 6 364.12
05136 19970728 11 424.98
95064 19970201 7 353.30
94724 19970510 1 239.99
10699 19970425 6 357.41
89809 19980801 9 314.48
10474 19970306 6 240.04
23762 19980805 2 105.96
57421 19970303 6 229.14
33847 19980417 3 456.19
30980 19981119 3 64.11
58891 19980604 11 14.45
50636 19980325 9 389.51
94766 19970516 3 328.51
31711 19971220 1 200.89
85233 19981025 11 284.51
94004 19980512 9 259.41
45399 19980823 11 266.78
72252 19980407 10 344.80
60432 19980913 4 55.25
82382 19980315 4 95.31
14844 19981220 12 32.56
86903 19970619 7 349.79
90563 19980809 12 105.51
41052 19971030 1 203.81
03909 19980719 8 416.60
33527 19970905 7 235.62
29060 19980917 3 35.40
15718 19970903 11 110.12
30064 19981018 5 151.68
28679 19981110 10 324.04
23988 19970329 8 205.40
97286 19970331 12 23.74
30441 19980630 4 394.00
06827 19970205 7 480.42
32708 19981219 8 87.18
49303 19971116 10 197.60
83078 19970413 1 456.91
64002 19980228 5 116.44
86321 19980314 11 163.21
53721 19980417 10 259.03
86349 19980404 4 83.78
28424 19980517 8 87.41
40912 19970127 1 364.77
20769 19970611 12 417.91
40188 19970110 5 115.24
30784 19980316 7 161.26
10703 19980221 7 171.28
88794 19971123 1 93.47
19663 19970811 3 10.96
00691 19980410 9 262.74
71271 19980103 12 221.71
42414 19970508 12 218.94
61093 19970117 4 198.04
23284 19980204 12 232.37
42702 19970326 4 368.46
56125 19970906 3 473.32
54569 19970808 7 396.31
27511 19971125 9 92.77
54021 19970223 4 396.41
51848 19970424 9 242.26
36928 19970825 1 359.04
86938 19980306 5 462.45
91349 19970309 6 465.47
84174 19980825 11 310.00
66647 19980131 11 99.16
12937 19971101 11 309.04
56858 19980605 1 439.61
29572 19970601 6 210.81
09720 19970116 9 156.64
90249 19980422 3 19.46
00635 19980903 7 228.58
23889 19980401 9 221.64
84627 19970704 12 244.53
62428 19970810 2 254.70
23208 19970817 11 456.20
27604 19980902 5 356.08
24071 19970731 2 29.65
31639 19970705 3 178.76
78119 19980324 4 64.35
15694 19980321 5 153.87
93850 19970408 1 396.83
09045 19981121 5 241.77
67728 19971105 10 143.91
11182 19970408 1 18.43
39407 19970427 7 388.07
67771 19970428 11 449.90
17156 19980402 11 457.20
51108 19980731 4 117.17
30697 19980929 4 230.82
54682 19980105 10 30.91
90746 19980321 7 64.10
06889 19980405 5 168.14
49519 19970308 5 85.40
11575 19980429 5 463.19
55292 19970619 10 278.17
62403 19980706 11 307.14
73936 19981125 8 262.53
35634 19981101 11 98.91
85056 19970903 1 343.67
02363 19981028 8 249.27
40927 19970527 10 266.41
87677 19970508 6 187.45
59765 19970110 2 64.71
77722 19980618 11 417.05
03356 19980609 11 218.10
45884 19970419 9 388.76
75968 19970317 12 381.39
66526 19980110 9 348.30
06872 19980430 8 13.97
86261 19980216 10 236.91
82314 19980526 12 458.18
28478 19970311 5 35.75
06864 19980627 2 389.14
60030 19981226 3 17.24
03275 19980802 7 94.37
95492 19981217 11 490.53
45735 19970929 3 262.56
78239 19980628 10 286.56
96938 19970225 4 136.46
36156 19981227 12 249.26
54260 19970407 1 416.46
17841 19971221 3 184.81
33454 19970910 4 225.51
91141 19980705 10 391.23
74327 19980908 2 259.98
95957 19971116 6 351.21
74413 19970724 8 60.99
48307 19971016 9 43.74
32228 19980514 9 132.23
74637 19981115 12 480.13
86741 19980322 11 480.50
46167 19980318 12 137.49
20056 19981222 11 105.83
11721 19971003 4 24.05
69127 19971017 4 441.91
27201 19970828 9 155.82
41778 19971205 2 110.11
31629 19970905 7 200.99
37883 19980413 10 239.76
82137 19970323 9 133.84
74223 19970807 10 119.40
76016 19971103 2 452.54
45819 19970827 6 486.98
97325 19970913 9 278.88
56878 19980122 10 105.86
39317 19981007 1 138.95
71929 19980830 4 478.96
25489 19980729 8 280.58
83292 19980209 2 176.79
84769 19970505 9 265.10
44602 19970326 11 52.80
84991 19971008 1 134.42
01425 19980718 10 366.71
39836 19981204 6 441.82
77717 19980520 9 347.35
98829 19971014 1 165.69
79219 19980305 3 193.28
65579 19971103 4 379.93
01930 19970606 9 205.46
50103 19980827 3 461.69
85549 19980815 3 349.03
55882 19970602 5 330.87
80629 19970831 12 438.45
88760 19980920 4 439.70
76755 19980123 9 43.08
39545 19980829 2 47.93
11412 19981207 11 34.79
96980 19970406 9 434.20
65100 19970405 4 357.25
23568 19970627 12 327.94
17155 19980122 9 294.43
62886 19980814 6 67.89
35356 19970823 4 371.06
69328 19980501 12 43.32
62611 19970309 7 403.87
27697 19970331 3 467.32
84191 19980726 10 430.93
74129 19980225 11 244.84
44192 19970531 3 493.32
97108 19970126 2 131.14
21360 19980729 2 186.80
57443 19970502 10 68.12
24896 19970106 8 91.11
13181 19980512 3 387.68
21735 19970226 11 455.35
09900 19970915 10 146.87
06581 19970505 7 400.94
24258 19980106 1 138.59
51321 19980921 3 296.03
78297 19980513 6 492.77
59591 19980820 5 49.88
07677 19981221 7 32.83
53016 19980508 1 134.37
52758 19980520 10 295.39
29128 19981029 11 232.28
22765 19970831 3 225.77
45267 19980410 6 180.90
44041 19980911 4 89.04
12704 19980401 11 228.52
35877 19980121 8 488.03
70187 19971101 4 227.88
63486 19980701 4 248.67
09427 19981001 4 103.83
43829 19970903 5 305.81
95607 19980805 5 298.06
78836 19980610 10 305.66
30659 19980410 10 306.90
50539 19970410 10 196.37
79068 19981001 9 322.41
24599 19980104 7 252.25
97298 19970907 12 316.76
39270 19980820 10 272.10
00790 19970430 6 295.92
04897 19980704 2 241.43
17305 19981108 11 283.61
62420 19980307 3 71.48
04599 19980613 1 477.53
76488 19980627 11 163.37
85379 19980502 8 23.74
36074 19970525 11 25.86
31521 19970712 7 302.72
09399 19980808 11 396.53
03758 19980401 9 266.76
34445 19980904 1 473.53
47143 19980320 6 256.07
53183 19970810 11 459.33
50054 19970812 9 225.44
94275 19980905 7 7.33
46852 19980205 7 357.55
66381 19981019 11 351.92
25180 19970422 12 131.32
17018 19970826 4 324.69
07970 19970423 3 491.32
25725 19981025 10 44.81
28822 19980731 9 428.30
55740 19970514 9 78.03
40781 19981214 9 309.35
77207 19970210 1 199.66
17538 19971201 6 164.65
64794 19971116 11 47.53
37637 19981117 9 286.48
53744 19970905 6 123.81
93932 19981216 7 94.13
70697 19980131 6 423.05
75936 19970331 3 486.59
76955 19980223 5 91.51
15549 19980704 7 462.10
94692 19970817 11 34.02
22119 19980901 3 325.98
58848 19970104 7 419.33
95402 19970430 12 408.60
50996 19980203 6 388.26
08576 19980908 12 100.75
50330 19970827 9 121.67
88401 19970430 9 495.13
84322 19970219 8 361.48
46256 19980921 11 380.45
86608 19980322 3 324.67
02407 19970502 12 353.36
20558 19980422 4 455.72
12445 19970224 12 69.94
52736 19980105 2 398.54
91718 19970710 12 431.00
24699 19971028 4 360.65
90690 19971126 1 418.72
62835 19980203 7 105.64
38325 19970505 1 272.23
76280 19971017 8 192.13
15348 19970925 5 75.06
16395 19980528 5 453.19
80481 19971126 10 296.45
79829 19970126 8 307.98
82789 19970920 11 401.27
00109 19970203 12 405.80
20463 19970822 10 244.74
25088 19980928 9 175.59
37133 19970129 6 489.28
48856 19971031 10 382.53
76445 19970829 2 200.72
94534 19980611 6 179.12
20020 19970905 3 240.87
69808 19980427 12 480.13
74633 19970109 12 428.88
99529 19981127 5 126.40
43477 19970830 2 99.90
84454 19970204 8 417.40
58454 19970326 1 257.14
13399 19980915 6 482.25
26140 19980809 4 228.97
56052 19971216 7 421.25
30206 19970812 10 206.84
17411 19980403 2 152.81
45416 19981103 3 214.03
49231 19970510 9 313.02
71609 19980615 1 38.66
26755 19981015 8 235.79
74448 19980714 10 35.25
06731 19970218 7 56.78
58852 19980904 7 279.44
41212 19981122 7 386.84
00696 19970701 6 53.78
41682 19980914 5 401.62
21019 19980822 5 128.75
75668 19971221 3 403.80
52203 19970430 11 319.58
01083 19970222 7 442.22
41399 19980328 10 90.76
34649 19970217 12 21.23
23805 19980908 5 317.77
34452 19981217 4 464.98
36281 19981008 7 186.91
18521 19980709 5 480.57
82038 19970206 3 62.73
99795 19970517 1 49.68
47870 19981129 3 372.75
58610 19980130 3 161.35
88457 19980207 4 200.12
39135 19980526 10 74.20
42102 19970315 11 165.42
35459 19970521 5 338.62
60177 19970702 4 212.85
41934 19970214 8 162.17
92709 19970226 9 350.76
31871 19971116 10 173.16
80028 19980617 2 416.37
43422 19970219 1 450.11
51046 19980906 4 442.75
26432 19980924 3 251.69
17178 19971016 8 239.01
66852 19970301 10 131.94
25480 19980610 10 197.51
83296 19980812 1 253.54
42001 19980313 8 44.04
60176 19970902 12 370.74
51732 19971210 9 257.52
29871 19971216 9 385.20
56217 19980607 7 46.92
48087 19970204 4 254.73
52045 19971115 7 41.67
91682 19970427 4 85.63
67990 19970822 12 382.47
85311 19970819 1 456.07
23529 19980108 9 6.41
21260 19980606 12 95.89
17146 19980401 8 370.12
41948 19980404 10 421.11
48893 19970825 10 94.79
51506 19970210 10 119.41
43132 19971103 9 408.88
07649 19980911 6 482.07
47053 19980714 10 7.42
95278 19981104 2 354.99
12230 19970326 2 244.91
98057 19970512 8 435.78
30961 19980912 10 277.52
41068 19980920 11 248.37
82835 19970314 7 483.38
05362 19970305 8 463.41
99255 19970910 2 217.29
26811 19980612 7 104.78
48690 19980226 7 240.23
07272 19980718 1 399.73
52426 19971120 7 92.38
10968 19980323 8 175.04
95870 19970418 4 354.05
15422 19970518 7 406.72
86368 19980112 8 99.74
03282 19980805 11 353.74
43705 19980211 9 432.11
41181 19970310 6 499.92
77114 19980612 10 163.74
51649 19970826 5 295.28
42376 19970530 11 246.37
40883 19970305 8 385.55
77183 19971108 10 142.91
26458 19970204 11 94.72
31866 19980520 10 482.48
85004 19971030 2 41.44
29648 19970524 6 129.13
41743 19970908 8 158.29
85874 19980504 9 119.29
64418 19970526 4 132.77
20886 19980322 5 476.83
01352 19980228 6 76.09
28814 19981024 2 277.59
79624 19971207 1 382.30
82661 19971220 8 382.92
74215 19981212 9 246.07
47838 19970926 2 143.02
44960 19980716 5 290.34
23394 19970704 2 73.08
71871 19980604 5 377.80
38676 19970625 2 68.12
95789 19981024 11 115.15
94078 19970924 5 27.23
35889 19980703 12 172.38
79677 19981019 12 30.04
48131 19971017 3 387.87
01079 19980424 9 448.43
29052 19980921 11 468.86
98355 19980711 4 419.33
35727 19971025 7 202.36
39113 19980508 8 379.92
17355 19980530 2 28.15
34469 19980507 5 31.85
21297 19970804 11 38.77
22774 19980719 1 221.09
54814 19981209 11 173.70
94331 19980910 4 90.54
59020 19970426 10 262.84
98653 19980618 3 404.96
59072 19981107 1 283.10
57074 19970511 1 321.49
72318 19970802 10 239.39
60663 19981016 8 109.12
80155 19970625 10 187.07
41081 19970822 6 95.86
60502 19970908 8 422.06
61079 19970825 1 154.92
00592 19980928 1 251.69
51874 19970419 9 133.28
11249 19980321 3 105.09
75876 19970322 10 488.74
98945 19970811 6 436.58
98507 19971224 1 18.11
01802 19980907 2 41.45
86296 19980118 11 307.59
44505 19980127 5 362.11
77514 19980726 2 441.77
91379 19980207 2 281.29
49485 19980124 12 323.84
44961 19971016 6 59.22
09434 19981018 2 49.28
30659 19970716 12 121.10
81422 19980815 1 50.59
25609 19970819 6 50.18
43577 19980518 7 369.97
43334 19981018 8 252.21
09339 19980204 4 304.09
70061 19970217 10 462.16
39913 19980724 5 262.54
04656 19980817 3 139.58
35538 19971205 4 417.31
22054 19970630 6 238.17
13976 19970331 10 293.68
78232 19980524 8 465.73
76258 19980224 1 7.07
75485 19981128 10 407.30
40150 19980409 5 223.38
49581 19970916 4 296.09
09478 19980331 2 245.98
06127 19970410 10 496.83
28664 19980926 8 241.45
79174 19980508 7 84.80
38397 19970528 6 444.75
23422 19980401 9 218.58
63938 19970504 12 99.46
30021 19980809 2 10.23
81852 19970201 8 290.71
94259 19981118 10 348.90
54310 19970714 1 64.42
70686 19980822 3 85.10
27007 19980329 6 351.55
17386 19981215 7 383.51
09566 19981218 6 215.97
91095 19970401 10 190.65
83141 19980309 11 68.79
48107 19970117 2 461.22
16145 19971230 6 179.31
73801 19970828 3 195.64
01270 19981228 6 144.09
95188 19970219 9 345.88
61849 19981003 9 301.60
17252 19970531 9 43.91
39502 19980727 4 311.91
67168 19980219 3 82.59
97130 19981119 6 259.31
41136 19980706 2 387.79
11019 19970904 6 267.19
76181 19981116 1 403.65
10606 19980122 7 463.13
71038 19981104 5 452.29
65639 19970810 11 189.32
19541 19970225 1 410.30
23242 19980807 2 224.76
91072 19980215 3 36.17
43354 19981123 9 182.79
64975 19970130 9 456.71
22481 19970423 9 428.53
87089 19980731 9 331.85
46889 19970803 7 95.78
09163 19970328 8 496.19
15879 19970426 3 192.98
17416 19970406 10 492.81
50034 19970612 4 289.91
70367 19970224 7 175.99
15835 19980311 2 429.76
71825 19981109 4 334.17
46238 19970718 8 75.82
56210 19980130 1 343.72
75838 19971016 12 31.07
80561 19980123 7 452.41
22280 19971107 1 336.91
13552 19971019 11 412.61
68635 19971106 4 139.51
30927 19971216 4 194.17
74909 19981014 6 19.57
65908 19970803 8 124.35
29133 19981007 2 445.05
03809 19971006 8 85.29
59768 19970316 12 222.56
40475 19970204 10 70.93
06099 19970615 12 434.26
79287 19970428 12 421.09
42620 19970215 12 26.71
74214 19980910 6 58.78
38158 19970614 7 371.82
46216 19980907 3 220.03
75879 19980216 10 46.56
18681 19970927 12 162.78
93282 19970514 5 337.68
89759 19970603 8 382.99
77943 19970208 1 23.32
42266 19970927 8 51.48
10742 19970819 10 15.06
51767 19970919 8 66.18
93769 19970705 2 198.04
70250 19970306 2 316.21
49512 19981026 11 209.49
19372 19981221 5 302.21
73001 19980605 8 254.17
80281 19981123 4 383.46
11750 19970629 1 181.03
72472 19970530 7 82.06
62502 19970413 8 98.38
16906 19971002 6 391.32
11526 19980817 2 291.06
09130 19970710 4 274.59
41925 19980330 8 47.16
34004 19980627 11 400.90
09532 19970614 5 167.90
09071 19980220 4 81.62
96207 19980113 10 352.23
13850 19980204 5 480.39
75179 19980824 11 292.50
56799 19981128 7 17.63
19688 19970306 3 70.47
41816 19980709 11 230.71
34974 19980504 9 333.21
97229 19971016 8 73.19
31847 19970417 3 445.65
64927 19970302 8 336.67
60159 19970119 8 212.03
70302 19980511 6 89.34
72350 19970823 9 155.44
07125 19970824 5 351.47
17705 19971029 6 280.14
14116 19970309 8 420.79
07391 19980103 4 396.52
24221 19970209 2 323.26
85954 19970317 2 359.24
00456 19970514 9 245.46
29218 19971010 2 245.22
20064 19981026 4 266.35
38314 19980225 11 140.17
31318 19981222 1 379.42
55245 19980906 9 5.40
64120 19980830 4 21.80
34974 19981205 2 334.13
71145 19970322 5 194.31
13866 19970622 8 299.28
55178 19980922 5 327.52
57742 19970328 7 144.32
62965 19980112 1 118.44
63814 19981023 9 375.56
52199 19970728 1 311.99
00070 19971201 6 346.87
75332 19981013 5 470.08
60051 19980101 8 211.37
08737 19971213 9 480.54
71840 19980918 1 196.77
65852 19980330 12 477.29
60850 19980728 5 48.70
58262 19971014 12 166.33
69104 19981206 4 417.71
54458 19980407 12 63.50
86561 19980429 12 16.97
80393 19980113 3 108.88
39787 19970220 3 243.31
82901 19980409 1 119.92
06495 19970126 10 183.19
83569 19970220 12 487.42
06080 19980615 8 39.43
48663 19970513 4 366.15
02261 19970622 8 309.41
23525 19970529 1 274.94
10611 19980825 8 203.84
57540 19970411 7 493.60
66264 19971108 1 428.72
51485 19980213 12 280.12
94475 19970526 9 139.44
10151 19970730 9 9.57
60329 19970227 6 336.27
97299 19971021 7 269.68
75203 19980222 6 79.03
19758 19980613 3 107.82
56114 19970407 12 459.71
60942 19980326 7 413.88
67310 19980816 1 203.27
94411 19980925 4 146.20
00912 19981021 5 431.28
82893 19970729 11 232.19
16319 19971031 8 202.10
83702 19970720 5 218.46
42869 19970722 1 410.28
06284 19981222 4 386.75
72806 19980305 3 309.68
70477 19970823 6 249.44
96725 19980925 4 493.24
09482 19980107 10 115.57
03179 19980724 4 387.37
62107 19981117 1 461.35
82288 19980207 12 111.71
80062 19980122 12 420.67
47048 19970215 4 251.02
52564 19980919 9 201.62
58252 19970628 11 30.98
73134 19980305 5 113.70
71463 19981206 7 250.00
10694 19970614 8 327.83
71459 19971103 11 191.57
28131 19970915 9 141.16
53095 19980219 5 120.40
80366 19970423 6 313.83
31310 19970904 10 262.15
80690 19980121 10 266.43
51019 19971008 8 366.16
84704 19980719 4 7.06
06377 19970620 4 265.63
98668 19980913 11 392.55
78037 19970730 7 303.90
87162 19970727 3 78.81
28770 19970225 8 44.16
83606 19980403 7 260.61
39200 19970731 9 401.96
40114 19970814 5 181.48
22096 19971129 9 450.03
19324 19970906 9 139.78
81475 19970507 9 423.19
48727 19980430 8 410.23
81069 19981126 2 246.65
17176 19980715 11 69.14
80182 19970929 4 455.67
97933 19980507 4 44.23
69341 19970104 10 242.32
52865 19980903 4 230.64
30282 19981029 10 268.49
16983 19980713 6 381.48
58635 19970622 8 269.66
94861 19980505 9 209.18
50848 19980913 2 118.52
81616 19971120 2 404.86
73136 19981107 12 445.72
81855 19980419 9 42.02
88394 19971220 10 411.46
32174 19971014 12 355.84
59815 19971008 12 403.27
12808 19980129 2 161.61
62527 19970815 8 274.28
34210 19970820 9 468.47
69711 19981210 12 240.96
87421 19971218 10 400.71
87218 19980510 11 217.93
66936 19980728 8 7.22
87788 19970808 6 173.78
32562 19970818 1 21.16
18520 19970814 9 76.99
93918 19970715 8 262.85
53264 19971018 10 375.17
42975 19981018 9 200.09
97521 19970831 8 87.00
63177 19980531 3 35.59
31078 19970428 7 241.95
33896 19970328 2 157.99
99339 19980323 8 253.29
42421 19980804 5 312.81
60700 19971221 4 447.50
44608 19980815 8 162.48
50346 19970328 10 127.66
40338 19980712 11 254.81
57514 19980701 10 392.99
09721 19980611 6 97.17
51180 19981010 8 219.19
27860 19970620 8 11.40
08736 19980103 8 134.25
15453 19980724 5 57.93
28602 19971220 4 285.74
81404 19980321 12 272.09
26618 19970705 8 460.05
87661 19971025 3 490.29
04997 19980425 11 265.71
44385 19970622 5 239.78
71263 19980801 6 411.20
73434 19980407 2 409.91
14327 19980830 7 408.47
81819 19970715 12 182.02
23586 19980603 3 481.30
77399 19980524 11 258.65
33002 19970928 7 452.25
77583 19980902 6 139.20
63169 19980201 11 69.90
13370 19980423 2 133.60
10485 19971122 11 407.22
70351 19981215 9 201.73
23810 19981025 5 35.62
07832 19980630 1 113.00
48901 19981224 11 475.09
94174 19970517 2 193.75
38195 19970926 6 32.24
92926 19980328 10 315.29
27807 19980726 1 472.21
51146 19980102 6 446.17
36801 19980514 4 239.56
20691 19980806 10 397.82
92246 19980609 6 465.96
65948 19971001 1 494.37
56169 19971105 2 329.49
93734 19970704 8 60.54
36438 19981102 12 292.23
86871 19971012 12 412.79
78971 19970623 3 89.42
82979 19970111 11 345.00
45821 19980101 5 193.11
21963 19970305 7 192.94
50395 19970601 11 225.56
79237 19971024 9 228.40
45856 19980516 11 34.24
76768 19980309 5 301.09
72774 19980710 10 41.02
29239 19980620 5 419.55
86257 19970717 1 386.60
08478 19970721 6 461.86
06239 19980804 12 60.64
31128 19971112 9 118.82
11894 19970223 10 405.44
85237 19980704 6 21.78
29832 19980216 7 200.61
04990 19980802 8 350.90
19207 19980610 1 61.75
36706 19980419 12 272.35
13230 19980118 5 271.86
71438 19970307 1 147.43
79378 19980510 8 351.08
47069 19970424 1 331.97
00074 19980731 7 120.54
93452 19970918 12 318.43
09484 19980216 12 141.65
39631 19970630 3 116.12
00174 19970320 7 84.00
65652 19970907 6 403.75
89978 19980328 6 23.08
92433 19971228 10 157.23
93240 19970508 5 235.11
91164 19971217 6 269.62
44311 19981218 5 317.87
93076 19970120 4 246.94
89654 19970413 11 242.09
99880 19980630 10 335.51
00259 19970304 9 465.95
28595 19980411 11 272.01
30614 19980513 6 184.11
45045 19970505 4 250.43
09469 19970301 12 129.02
20675 19980815 5 61.13
74325 19980228 1 131.51
06238 19981010 7 469.92
09046 19971016 5 47.15
80140 19970718 4 308.93
38401 19981228 9 428.68
54846 19980212 1 499.89
36368 19980214 2 216.67
10546 19971214 2 388.63
11811 19971109 2 256.54
68314 19970715 5 205.36
34775 19980804 3 222.87
13460 19981102 12 251.76
51644 19970419 1 86.74
63061 19970929 3 481.97
31020 19971013 3 15.81
94587 19970216 10 52.03
05705 19970512 8 340.23
90551 19980822 9 186.37
78801 19971126 4 430.66
74575 19970125 2 19.37
45774 19970314 4 315.75
34256 19970625 1 336.76
29737 19980404 10 443.54
97630 19970820 9 208.24
25056 19980405 9 441.36
04469 19980918 6 383.26
12466 19970308 2 266.38
54733 19981218 7 148.39
70343 19980512 7 429.01
24736 19970309 10 139.05
85853 19970115 9 337.31
19113 19981224 1 423.34
69231 19970525 6 75.72
87225 19970209 7 367.88
54371 19980116 1 138.42
46342 19971129 9 183.89
50169 19970214 3 377.37
57463 19970926 2 304.81
56796 19970728 8 329.45
62589 19980602 10 188.22
95695 19971117 11 306.43
07832 19980331 6 344.58
62254 19980530 12 97.84
39385 19970924 3 229.90
11185 19980427 8 24.54
84943 19971118 3 148.47
11110 19970624 12 39.01
74873 19980114 3 96.53
28692 19980726 2 462.05
89341 19980326 11 205.35
43424 19980705 9 384.69
89942 19970409 6 459.35
15299 19981102 3 396.43
80721 19980328 10 19.25
95886 19980510 3 257.65
48246 19971012 8 154.34
81854 19980627 5 393.48
41458 19970917 3 59.12
70010 19970415 10 156.84
65671 19980225 5 328.07
70802 19980302 2 295.82
88182 19970214 12 260.94
88555 19970317 11 490.84
20015 19980708 1 93.69
67670 19980309 2 118.29
03646 19971127 5 414.74
42831 19980204 12 75.63
50505 19970123 3 494.92
76523 19970211 9 376.78
92118 19980626 3 336.41
83979 19980408 11 319.11
82366 19980426 2 279.38
79942 19970720 7 167.70
37520 19981108 12 66.84
69894 19970408 2 67.47
35609 19970213 9 248.61
77977 19980525 3 331.87
02367 19971219 12 59.12
93362 19970918 11 205.74
28691 19970828 12 85.08
07080 19970531 12 417.38
52516 19980521 2 87.48
89991 19970128 8 356.11
42386 19970919 2 467.79
10079 19971013 4 308.07
18802 19971211 9 198.52
75208 19970425 10 375.66
27288 19970602 7 275.39
79950 19970109 5 238.90
52060 19980922 12 16.00
10588 19980217 7 125.70
44177 19970211 2 74.23
19729 19980703 2 236.31
48137 19970811 11 19.39
26655 19970913 5 14.93
58220 19980515 5 443.61
50576 19970908 3 408.91
93142 19970327 10 202.03
56578 19970228 1 106.80
13936 19980908 8 80.11
95995 19981225 5 103.63
49914 19971214 1 472.72
70938 19970404 1 353.39
85983 19980224 11 189.76
80183 19970903 4 20.32
16348 19970412 9 191.98
67794 19980703 1 302.04
11546 19980309 1 139.30
81045 19970120 5 350.39
91547 19970109 12 63.81
43400 19981220 8 351.24
92833 19981018 5 93.67
96316 19980912 4 193.76
28471 19971017 8 267.38
53600 19980703 11 222.62
82280 19980218 8 80.45
09259 19980225 2 489.28
80665 19980118 8 253.86
21784 19980103 12 130.48
89342 19981222 9 65.47
82852 19980929 2 176.04
47713 19980923 2 190.27
99596 19970414 9 318.19
38058 19970325 9 444.30
18798 19970528 6 311.31
26277 19970314 1 97.73
84530 19980528 2 400.06
83366 19970415 8 489.13
05435 19971026 9 357.12
96126 19980302 5 46.23
59840 19980904 3 159.61
57810 19980427 3 383.03
49388 19970701 4 89.68
07645 19971113 1 94.97
71820 19980103 9 28.71
54675 19981106 3 463.02
85833 19970812 11 328.38
53738 19980915 4 467.50
27031 19980317 12 99.76
92476 19980915 6 432.91
01798 19980819 6 10.36
40090 19970105 12 168.65
44587 19970214 5 120.62
30506 19980130 6 148.77
85215 19981025 6 321.78
90599 19981109 1 172.14
34338 19971210 7 52.37
49598 19980601 7 261.10
55991 19970204 4 232.34
50369 19970628 3 409.68
33223 19980215 5 476.49
54765 19981030 12 379.59
97974 19970628 10 124.56
49568 19980525 6 101.48
37289 19970625 8 342.09
57298 19970920 2 37.45
01885 19970609 10 70.63
06770 19970606 3 83.23
05901 19981007 8 220.66
13846 19970317 3 250.53
22970 19980602 7 381.04
99028 19980916 11 130.63
29863 19981102 12 199.14
78237 19980121 2 307.19
82561 19970423 4 123.67
19195 19971227 3 489.44
88047 19970906 6 330.06
25803 19971018 5 462.84
96241 19970129 11 415.80
01213 19970615 2 99.74
03061 19980724 10 337.56
15260 19980311 2 396.66
10799 19980707 5 365.74
69131 19980207 12 261.33
18025 19970605 8 388.64
63717 19980714 12 375.15
59159 19980622 8 245.89
60475 19970830 5 213.58
87435 19971121 5 277.88
80343 19970325 10 306.57
88279 19970715 5 155.37
54492 19980605 6 435.15
99177 19980620 3 143.04
94533 19971030 10 305.30
95473 19980203 7 123.56
40614 19980920 3 278.80
11778 19970719 5 55.21
31676 19980506 5 458.68
14042 19980329 12 60.89
74371 19980708 3 375.95
45604 19970723 9 36.36
30325 19980406 3 353.29
22269 19980601 7 355.28
85514 19980401 5 313.06
81609 19970817 8 10.91
22578 19970720 11 122.58
54842 19980525 11 482.00
41683 19970810 5 52.20
22296 19970827 4 162.16
40877 19981213 10 305.00
05761 19980413 4 112.10
99006 19981011 12 438.32
65346 19970823 12 451.63
68933 19981218 5 391.77
67818 19970512 5 174.26
71396 19971025 10 79.99
67238 19971018 10 452.05
17616 19970225 10 81.70
46040 19970603 8 356.32
26111 19970225 7 116.93
76426 19980111 7 137.36
58666 19971221 8 408.02
29547 19970701 11 95.59
04625 19970316 1 195.92
08924 19970424 6 418.19
65971 19980622 4 434.11
78203 19981020 2 409.66
86201 19980604 12 105.49
51377 19970217 10 110.45
33999 19980215 8 440.66
15159 19971115 6 398.78
38897 19981016 12 438.01
76999 19971130 12 245.37
67014 19970606 5 115.96
60552 19980325 7 98.44
62053 19970213 9 118.78
41505 19980224 7 162.41
78405 19970411 5 383.76
55573 19971228 5 414.22
41303 19971112 9 100.31
77860 19970401 1 176.42
09373 19980329 6 75.30
42148 19971110 1 316.59
18712 19981112 7 279.75
55713 19980412 12 115.95
33178 19981222 10 163.34
67963 19970705 9 324.52
50534 19980703 4 276.74
98416 19970610 2 253.17
18544 19980113 2 116.31
68882 19981021 3 50.95
25842 19980101 11 475.74
52811 19981201 11 262.91
51460 19970829 9 385.37
42652 19980217 8 382.13
20728 19980920 9 341.42
10697 19970331 1 168.24
35653 19980223 4 13.34
96222 19980514 8 406.10
44086 19970522 8 359.75
12817 19970610 3 456.50
34904 19981101 3 393.87
45528 19970820 4 440.46
38850 19970721 4 112.46
00674 19970603 12 297.07
79427 19980707 1 206.96
50285 19980804 3 189.09
37251 19980822 4 349.17
90746 19970211 10 455.35
48479 19980313 9 58.58
29282 19981207 8 447.20
35379 19970228 3 419.90
78793 19970809 10 112.66
10607 19970704 1 254.63
40478 19980528 10 171.47
48438 19980422 12 471.49
30738 19980405 3 460.24
07042 19980726 12 111.66
43530 19980115 10 63.10
76779 19970326 7 250.21
40353 19980911 2 490.70
11753 19970112 4 83.64
96839 19980528 2 164.04
50299 19980102 3 138.62
16826 19971218 8 50.02
95620 19980412 11 95.70
70932 19980705 8 240.74
57532 19970327 5 377.29
82597 19981121 5 90.30
49789 19970209 7 399.70
75287 19970907 8 58.83
08476 19980517 1 406.04
96108 19971021 4 106.63
47143 19981014 4 286.70
46188 19971220 11 219.36
83990 19981101 9 251.94
28760 19970716 11 246.45
08297 19970702 11 424.69
51874 19970926 5 399.90
51183 19970724 11 358.55
90299 19980328 12 211.40
62768 19970712 5 262.23
27233 19981109 7 125.00
41574 19971227 4 295.45
26685 19980520 10 471.75
76834 19980923 7 367.39
22226 19970302 1 178.96
32123 19980601 5 445.14
72091 19980619 4 395.84
33812 19970720 2 482.53
34949 19980916 2 60.42
98930 19971229 11 71.56
10408 19970701 4 212.84
34416 19971123 12 260.19
63891 19980218 9 251.89
50890 19970317 8 396.20
96346 19981206 6 117.92
46661 19980720 8 75.21
85870 19981113 7 250.73
95203 19981206 1 126.10
03212 19970816 8 348.79
77766 19970427 1 472.77
95836 19980512 8 371.68
26848 19980329 9 431.01
01417 19980625 10 337.36
12544 19970602 10 194.06
11952 19980731 4 263.05
69978 19971022 7 341.48
26237 19971106 12 489.03
68916 19970224 10 210.69
56693 19980803 11 34.92
94264 19971209 10 414.96
80750 19980317 4 125.58
79769 19980509 12 227.88
94351 19970624 12 30.23
85588 19980725 5 93.83
91903 19980225 11 398.45
26752 19970328 11 235.08
39046 19981116 11 469.10
27486 19980424 10 96.53
53454 19970416 1 41.93
46248 19970313 7 214.04
82317 19970428 5 93.56
71644 19980714 3 470.95
19043 19980412 10 28.18
35443 19970209 6 498.79
49189 19970131 7 211.64
82037 19970512 11 418.58
94487 19980528 11 473.38
08522 19970530 3 134.00
68172 19980521 10 62.81
86674 19971227 8 127.23
16605 19970831 4 70.72
29733 19981217 1 84.16
15398 19971206 9 401.36
35482 19970107 5 366.40
54236 19970305 12 5.93
76991 19980811 1 228.06
20311 19970615 6 407.60
32998 19970916 6 38.79
82646 19980106 4 103.18
23617 19971207 6 24.40
43071 19980930 10 10.30
22453 19970920 1 317.00
74547 19970723 5 440.42
99058 19980816 10 421.33
94116 19980120 6 6.41
36977 19970918 12 258.23
63712 19970423 10 94.05
51466 19980424 8 293.32
75830 19980825 1 121.13
24098 19981115 3 113.73
61359 19980503 6 80.35
13767 19980804 11 196.87
37306 19971125 5 307.43
80807 19981207 6 113.09
98442 19971114 6 437.49
20534 19970808 7 218.24
73493 19980304 5 119.23
85204 19970401 6 374.67
99965 19980912 3 96.21
27075 19980415 6 33.27
30874 19970108 12 225.56
26706 19970119 10 379.06
65346 19980422 1 257.55
68226 19970301 1 204.39
38571 19980514 7 292.46
59145 19980924 7 113.86
63430 19971218 12 70.04
06474 19971205 5 391.67
47066 19980126 10 81.36
81077 19980425 6 405.63
23769 19980720 5 122.43
38265 19981212 6 128.68
48609 19980217 7 267.92
68451 19980720 1 242.88
72265 19970526 11 395.84
57016 19970807 2 292.35
99566 19980427 9 47.05
54251 19970210 3 436.04
73540 19971129 3 395.18
91063 19980810 1 57.83
58224 19981206 4 186.50
59075 19970128 12 386.65
78592 19980331 2 58.37
47495 19970401 9 333.00
53022 19970215 10 101.80
50352 19970331 11 10.13
80845 19981128 7 307.39
91237 19980515 10 497.88
11993 19971124 3 390.27
19147 19971125 3 433.47
21071 19980316 7 17.29
92305 19970815 1 245.04
33066 19971017 3 467.15
58582 19980205 4 388.43
50613 19970405 11 110.66
43686 19980414 5 408.74
18195 19971212 3 179.32
36255 19970504 10 87.85
49478 19980422 9 290.73
46618 19970212 7 236.90
01645 19981206 2 226.02
54644 19970919 3 154.90
10278 19980829 12 83.30
99844 19971115 5 28.58
46493 19971015 9 265.76
98528 19971031 5 93.04
88391 19980122 8 476.13
75283 19970420 12 482.40
85396 19970224 7 274.71
54635 19970516 6 356.30
40454 19981231 2 483.07
62966 19970418 8 229.03
69364 19980204 4 482.19
70698 19970531 10 405.56
66373 19971006 4 152.23
82553 19970517 6 458.30
67552 19971226 8 457.35
58203 19980705 6 89.66
32306 19980806 11 423.91
59354 19980614 5 239.51
93482 19970815 1 305.08
66179 19970923 8 39.44
36578 19980722 7 479.68
60970 19980211 12 26.85
73256 19970709 12 47.33
42288 19981010 11 392.91
08356 19980523 10 215.14
28145 19971029 10 336.60
88231 19981108 5 411.23
11539 19980115 8 182.39
42322 19980727 12 231.71
93986 19970204 7 340.59
54482 19971130 10 286.34
68425 19970209 4 451.75
05337 19971006 5 35.89
10291 19970826 11 455.93
05524 19970522 4 33.83
00540 19970704 1 180.75
77733 19970713 9 247.93
06638 19970608 5 219.98
44635 19980323 8 22.51
46706 19980310 6 405.07
80553 19970101 4 398.84
04612 19970905 2 219.04
54954 19971024 11 329.91
81560 19971110 3 335.52
76412 19980414 9 292.69
55084 19971227 3 408.30
88432 19971121 10 213.32
06680 19970513 1 330.75
56726 19980318 3 254.79
44378 19980116 7 423.34
17490 19970221 11 69.62
32149 19980801 5 152.76
28461 19980125 7 345.68
63677 19970121 1 340.48
52359 19980603 2 182.95
80925 19980728 5 451.07
29072 19970114 2 334.28
73779 19980923 1 348.99
46420 19970906 2 116.40
47139 19971111 9 53.52
99617 19981105 11 380.54
07126 19970311 4 58.38
27853 19980227 10 479.32
70295 19980531 5 451.43
37177 19981112 2 322.67
80622 19970312 11 201.73
70334 19980404 9 58.89
60438 19970704 9 441.95
27089 19970828 11 94.57
33789 19980825 11 45.74
94111 19970709 5 327.24
59064 19980212 4 224.62
45248 19970309 6 471.53
59069 19970822 2 496.83
00985 19970907 3 108.32
03810 19980905 4 327.04
62366 19970527 4 189.61
14273 19970314 5 134.54
28772 19971111 1 150.34
86129 19980122 6 190.08
61343 19980305 10 156.53
12188 19970711 7 290.45
98824 19981014 4 151.77
96543 19981124 3 335.89
58682 19980313 8 189.09
87371 19981225 6 171.19
52834 19971229 9 41.29
31847 19981104 5 315.05
01860 19971028 11 474.53
87573 19980321 5 376.60
49952 19981009 11 267.84
42850 19980729 6 75.46
96752 19980520 11 87.48
85416 19970622 10 281.03
82537 19981011 12 60.06
59720 19980117 7 179.46
09639 19971218 10 280.21
75141 19980511 2 276.96
73158 19971128 6 429.15
72565 19980703 6 366.23
35088 19981107 11 121.13
01741 19970125 1 448.36
24797 19980519 1 381.89
56601 19970127 3 496.73
97208 19970724 5 406.38
97360 19971002 5 353.15
47315 19980208 3 361.42
14138 19980709 12 334.37
84045 19980630 6 479.07
48031 19971111 6 328.71
27358 19970829 10 301.23
28830 19970910 2 41.76
85004 19980822 3 361.98
76617 19971225 2 466.67
54360 19980324 12 88.48
88715 19981022 4 482.70
95643 19980118 1 375.69
77509 19980617 1 386.77
81173 19970819 12 438.42
46962 19970214 7 133.25
30813 19970430 2 397.25
63017 19970317 7 379.65
40831 19981005 3 210.17
65823 19970228 4 266.06
22527 19981110 1 311.22
67990 19971219 11 355.76
16348 19971002 11 328.93
67212 19981030 6 168.58
55087 19980319 11 59.23
73517 19980814 4 209.29
32584 19970327 8 451.20
72973 19980823 4 5.03
51058 19971123 6 470.91
23695 19980807 11 20.76
40375 19980621 1 431.63
44059 19970105 10 330.38
55431 19970706 8 491.65
08578 19971025 9 93.16
98533 19980920 1 55.80
98698 19980602 5 304.77
68472 19981026 6 245.81
98280 19970206 4 428.69
71049 19971101 2 466.98
27922 19970826 8 294.79
12953 19981122 2 156.85
21569 19980711 9 43.58
80224 19970806 4 213.67
76591 19980207 11 57.86
99718 19980305 6 252.92
55058 19980216 6 450.52
20670 19980525 4 97.20
14812 19971122 1 397.54
90739 19971220 6 366.52
79609 19980125 12 98.15
09146 19980126 5 235.69
92035 19970109 10 13.60
74513 19970529 11 386.13
71625 19980810 11 61.00
40598 19980403 9 45.82
06666 19981117 12 147.38
03837 19980112 2 367.62
89065 19970113 6 168.83
79907 19970615 6 175.69
59010 19970411 9 467.09
52955 19970529 1 94.23
84791 19970323 2 171.76
52901 19971117 10 342.07
74004 19980202 11 438.05
19236 19970105 2 226.96
86298 19971120 9 55.19
50138 19981008 8 494.62
28716 19971122 9 173.04
47690 19980114 7 386.45
25781 19980201 7 215.69
43608 19970628 6 135.70
60817 19980630 9 413.87
82976 19981009 12 126.16
40883 19980822 5 65.87
78580 19971229 6 261.84
42817 19980101 1 128.56
71312 19971124 12 251.15
01527 19980929 6 308.75
44163 19970521 9 68.86
90432 19971114 6 63.32
20229 19981006 4 232.52
67653 19970412 4 343.47
88106 19980209 3 254.18
68005 19970314 6 484.76
64177 19981014 1 47.29
44017 19971104 8 170.12
89001 19970415 10 230.60
34796 19980906 8 450.12
07495 19970209 8 386.49
80965 19980319 11 273.51
09427 19970130 7 221.48
94808 19981214 10 449.05
65091 19980810 5 144.52
24888 19971019 4 62.47
92246 19981205 4 111.22
33109 19980810 6 222.64
43876 19981105 3 164.16
81543 19981027 2 431.98
56882 19970911 6 300.41
00830 19970416 10 464.45
46191 19980514 4 387.90
54206 19980709 9 135.73
17472 19970419 8 27.14
64802 19970728 4 57.63
90563 19970807 9 90.29
86475 19980223 7 132.39
31828 19970122 9 239.71
98542 19971130 6 360.50
51215 19970526 1 48.96
77107 19970624 3 37.91
40583 19980112 12 406.44
43167 19970914 6 437.16
17230 19971004 2 198.05
56144 19970916 5 196.70
78580 19981015 9 20.74
89487 19981112 9 499.53
32654 19981011 6 358.06
19932 19980713 4 62.93
06334 19980820 1 487.95
15129 19981118 5 177.87
78881 19970723 3 213.27
17808 19981203 4 341.68
20607 19980903 12 439.01
19827 19980314 4 356.40
59159 19980711 1 167.81
16543 19980408 6 190.73
41252 19981221 8 122.34
03753 19970111 12 468.81
94339 19981023 11 152.94
66731 19970920 1 170.66
06458 19980812 10 122.18
61774 19970525 12 337.58
65703 19970314 5 39.72
56346 19980908 9 394.79
77889 19971205 10 95.68
87476 19980820 2 12.24
35162 19980703 1 402.95
94725 19970619 12 450.15
40749 19970611 2 102.04
56915 19970721 10 161.70
60046 19971215 12 350.33
10608 19981219 12 492.52
60971 19981225 6 195.90
52978 19980827 10 29.90
81603 19980108 3 201.55
84651 19980217 10 476.14
31224 19970302 11 345.20
27105 19970131 1 91.14
13635 19970212 4 223.37
88906 19970603 11 91.90
22613 19970110 6 143.72
83486 19970806 5 36.50
04007 19980327 10 190.27
89173 19971127 10 65.51
76174 19980925 5 79.57
14681 19971016 10 409.59
25847 19971022 11 102.01
32475 19971108 1 349.48
52542 19980522 2 425.55
12352 19981024 9 415.34
40450 19970216 9 230.51
35743 19981004 11 377.25
85043 19971112 3 228.06
20473 19970619 7 54.67
46965 19981012 9 304.68
63039 19971114 5 477.01
19705 19970914 4 149.37
19029 19980326 4 32.69
89113 19970710 10 51.35
37113 19970714 4 468.71
03470 19970710 7 460.29
46684 19971207 10 253.77
03132 19970823 2 319.81
92611 19970628 10 444.68
03167 19980324 2 434.32
85064 19970930 8 177.74
20335 19980610 2 243.39
16664 19981012 12 292.70
82356 19980517 11 142.49
22923 19981129 5 162.20
39078 19980404 11 70.23
53616 19970121 3 45.63
32128 19980316 8 464.79
92613 19980915 9 345.65
67477 19971125 6 411.37
91379 19980826 1 84.77
86291 19980923 1 224.34
50103 19971019 9 95.41
11372 19980624 7 173.06
31614 19981127 10 94.48
32364 19970224 12 198.64
52220 19981106 7 214.41
49338 19980708 6 43.45
70776 19981002 2 153.11
15214 19970930 12 354.63
38252 19980115 3 49.01
20830 19971012 4 454.14
70474 19981227 2 449.39
55573 19970302 8 15.81
75765 19970519 3 21.77
88141 19971210 10 310.46
54726 19970424 3 496.92
46261 19970421 1 168.25
05341 19970223 12 491.71
69815 19981113 10 155.28
36228 19980826 6 490.66
81732 19970626 5 300.37
33292 19980924 11 357.53
59853 19980420 4 256.10
24687 19970305 10 8.97
77992 19981116 3 60.36
03872 19980926 2 396.27
90755 19970318 12 349.80
16213 19970728 5 227.97
68136 19970323 11 467.67
45504 19980413 3 347.84
11565 19970427 5 40.06
44196 19980606 10 372.58
00603 19970720 5 332.46
16203 19971231 7 7.22
36613 19980801 11 215.96
85781 19980328 2 494.34
57901 19981220 11 91.54
57070 19970909 1 358.86
57943 19971229 1 462.72
48181 19971008 7 12.66
37329 19980107 4 441.74
82136 19970708 8 192.40
70145 19980626 11 487.60
23674 19970121 9 383.46
96049 19970717 4 215.16
28428 19970809 9 402.34
67604 19980605 1 225.68
60515 19970429 2 410.59
24147 19970910 1 441.58
89306 19980301 8 222.44
02535 19970625 1 418.68
85365 19981120 11 345.75
41559 19981121 5 80.99
95139 19970619 2 440.50
78176 19970920 5 191.70
56003 19980318 6 420.77
57906 19980104 2 325.08
79201 19980218 11 222.04
91250 19970823 11 209.64
20116 19970430 11 302.04
66106 19970729 6 198.52
35017 19970101 6 221.82
10280 19970608 4 13.65
11659 19970403 7 443.64
85975 19970817 2 460.37
37568 19970730 12 37.76
85582 19980404 3 298.41
73051 19971204 5 27.77
25924 19970827 8 156.38
47823 19980207 12 234.02
67244 19970615 9 245.18
13754 19980411 2 434.77
46983 19980809 11 197.36
39312 19970215 2 8.15
76252 19971002 2 441.01
72774 19980421 12 303.38
36423 19970715 6 208.84
28785 19970718 10 44.86
00174 19970926 8 110.61
57530 19970614 8 176.34
86884 19980128 6 102.95
48883 19980228 8 496.32
12272 19980516 9 45.98
56018 19980729 12 471.59
98140 19981223 6 273.07
18157 19970921 10 166.01
17762 19970721 4 291.68
71836 19971212 10 477.52
06017 19970723 6 292.29
82581 19980124 1 293.29
79528 19980713 11 212.33
67271 19980905 1 235.64
76049 19971118 9 121.65
06062 19980320 4 183.79
79695 19980819 5 481.01
98237 19970203 6 26.00
27196 19980315 7 221.11
61932 19980822 10 281.97
16517 19970326 10 113.58
68849 19970507 4 393.75
59738 19980410 5 351.46
29455 19970805 12 12.65
98755 19970227 6 114.14
94502 19970416 10 236.45
75280 19980606 2 260.34
56765 19981116 8 270.96
83307 19980126 1 198.37
25734 19971120 9 325.09
28804 19980723 11 111.74
81994 19970803 7 354.61
42166 19970703 3 66.06
53137 19970331 11 240.25
63547 19981111 8 11.47
67833 19970219 10 193.38
36267 19970116 3 150.27
17396 19980406 11 152.09
08471 19981124 4 295.04
06266 19970219 2 217.06
85175 19980731 4 252.21
38484 19980901 6 182.78
00785 19970328 2 447.88
26957 19971008 5 33.71
30647 19970715 2 184.84
35518 19970302 9 180.85
60881 19980909 8 296.47
12321 19970331 2 498.85
09973 19970415 11 50.43
74053 19970603 6 298.47
97211 19971022 11 32.36
92195 19981114 7 487.42
15456 19981228 3 130.92
16873 19970602 7 448.63
50849 19981203 1 251.65
10466 19970605 5 66.88
35753 19980615 1 325.11
17312 19970702 3 78.31
88150 19970410 3 300.20
52961 19970202 1 285.48
16386 19970502 10 447.48
03917 19981023 11 292.51
03370 19970617 1 19.56
78378 19970524 7 339.59
83748 19971128 5 29.22
82704 19980204 4 378.04
79245 19980313 7 183.44
16836 19970420 12 389.61
76134 19971225 11 469.05
99060 19970520 10 273.77
71151 19980227 7 266.41
65458 19981231 2 260.00
05684 19980822 1 263.74
58068 19970326 6 92.83
19875 19980313 5 372.43
35502 19980727 9 452.63
22385 19970115 3 378.88
43012 19980212 5 421.60
14019 19971215 2 243.25
31319 19970824 10 17.65
81608 19971108 2 51.65
50660 19970627 7 373.71
58302 19980411 12 482.67
77139 19980703 4 463.80
13669 19981103 5 496.30
12067 19980323 2 133.14
75314 19980717 1 151.23
67772 19970514 12 424.07
53182 19981104 12 83.37
79118 19981115 5 83.20
82188 19970415 4 482.74
18322 19980118 4 397.27
97978 19980728 4 155.00
69348 19970728 11 52.03
27528 19970304 7 283.77
94620 19980315 12 110.05
01992 19970720 12 470.72
18392 19980126 8 353.49
13033 19971030 10 319.92
75707 19980727 10 450.32
62657 19970202 3 461.59
99907 19971015 10 168.92
22992 19970923 6 108.45
64956 19981123 1 345.44
18565 19970131 3 268.38
13383 19970728 5 140.18
94610 19981031 6 415.82
64945 19970214 1 261.30
04313 19970103 12 455.98
81198 19981110 8 272.61
61819 19980702 7 67.56
63568 19970403 11 269.23
97310 19970516 12 328.02
99111 19970928 6 220.71
78918 19981014 6 113.32
26860 19970924 11 395.47
10765 19970608 10 494.79
98164 19981206 8 445.82
96260 19971214 8 274.21
42423 19980316 5 34.67
49545 19981208 5 192.77
32801 19970522 4 144.61
27750 19971022 1 81.78
59239 19981117 2 355.65
81708 19970227 8 248.28
53213 19970328 4 248.89
65354 19970107 3 309.82
01947 19970417 10 13.08
04794 19980821 5 265.67
18765 19970731 4 387.40
57634 19971219 9 497.90
05295 19981117 6 419.23
81609 19971206 10 271.87
92718 19971121 2 234.34
00424 19970430 6 30.55
75247 19970320 1 428.09
64458 19970217 1 295.20
54715 19970902 2 100.94
16165 19970227 5 344.04
06420 19980317 9 420.00
80841 19970812 11 211.85
03153 19970204 7 435.82
48360 19981105 6 301.15
97680 19980110 5 186.92
56959 19980420 10 388.58
02540 19970102 4 126.12
17190 19980202 1 67.24
81371 19980810 5 77.46
21320 19980421 6 307.02
07642 19980728 9 122.16
96244 19980730 7 75.85
84110 19970721 4 375.95
84406 19970515 2 27.71
95946 19970206 9 148.24
05611 19980507 1 55.29
29475 19970927 5 297.27
28709 19970924 8 451.74
29680 19980911 8 76.24
19251 19981115 9 156.27
56248 19970505 6 446.24
34300 19980225 10 374.31
68007 19980917 4 383.11
29856 19980102 7 65.81
99057 19981102 6 23.14
91176 19970823 7 386.49
76983 19980416 5 236.16
88097 19970226 6 30.27
77993 19980513 3 264.51
80196 19980518 1 388.40
23710 19970303 4 407.56
37468 19981004 5 345.79
19583 19970723 2 417.93
72574 19971211 11 393.96
48260 19980308 10 253.54
94392 19970920 9 419.48
68102 19980128 3 279.44
14343 19971027 2 159.10
14056 19970807 10 64.17
02808 19970430 5 348.70
78797 19981002 10 19.68
78510 19970115 12 420.52
96299 19980826 12 272.18
37430 19981012 8 259.87
65964 19980808 12 447.44
82402 19980526 2 58.08
24104 19970805 9 181.16
24572 19971220 2 439.89
22864 19980418 11 323.64
33817 19980105 3 195.24
83431 19971211 8 72.48
02635 19981201 1 181.21
43600 19970704 9 242.89
63462 19981215 12 245.46
59203 19970622 2 200.20
01037 19980729 12 436.38
86145 19970218 2 207.55
85678 19970518 12 51.61
90657 19981220 6 210.03
57566 19981023 2 456.71
29976 19980812 10 335.24
82010 19970408 12 401.68
09275 19980626 9 384.01
46997 19971001 4 453.83
48764 19980914 6 468.04
92545 19970617 1 248.90
81344 19981012 9 33.82
17275 19981103 7 9.35
09621 19980302 3 430.75
00790 19971008 2 234.12
92977 19971023 4 206.04
14954 19970219 4 115.37
81375 19970411 8 221.01
46243 19970706 7 143.24
67654 19970916 9 52.90
38579 19970610 10 333.51
40586 19970402 12 452.85
79631 19970201 1 460.83
13417 19980429 3 157.04
72714 19970126 4 223.08
07249 19971229 11 34.40
13821 19980430 12 104.87
99395 19980603 1 359.34
22059 19980730 2 491.06
01491 19971013 3 182.34
41303 19971113 9 197.22
47216 19971006 12 249.66
38459 19980501 10 340.78
64074 19970822 7 314.86
39139 19981017 5 276.79
75169 19970805 10 344.12
15532 19980601 1 393.46
97769 19980416 9 169.99
76941 19980805 3 52.32
00689 19970402 6 63.95
29788 19970806 7 41.78
58735 19970614 8 446.07
00109 19970821 11 169.58
90299 19970409 2 182.65
92084 19980924 3 302.87
63771 19980711 1 270.36
53732 19981102 1 427.78
79668 19980103 6 213.06
69117 19981013 12 459.35
42644 19981024 3 440.64
03482 19980314 7 247.34
26727 19980510 6 64.25
52356 19970209 3 29.46
37652 19971205 3 223.43
76240 19970124 8 91.06
05122 19980128 2 15.63
27429 19981206 11 112.37
30882 19980125 10 205.72
97799 19971228 1 102.55
18258 19971127 8 98.38
79218 19980309 5 224.17
75444 19970927 6 157.46
84528 19980608 8 153.36
41579 19971125 10 238.82
74373 19980411 10 207.39
55779 19971025 1 478.11
48028 19970529 10 211.44
72012 19970221 2 341.93
60980 19970914 12 477.73
98592 19970402 8 69.28
52145 19980813 3 477.94
70467 19970927 5 387.43
02759 19970220 8 79.28
15349 19981125 6 452.16
94668 19980113 12 106.53
73463 19971211 12 432.23
60210 19970625 9 219.02
10281 19980722 3 474.19
66950 19980623 1 199.76
15718 19980305 2 341.86
70248 19970916 8 418.67
62280 19970928 6 23.30
30619 19981105 10 47.49
19413 19970412 9 474.24
31626 19981215 1 108.42
20091 19981023 5 320.33
59993 19980522 10 284.53
41551 19970421 6 186.09
43348 19970718 2 466.53
61294 19980131 4 41.14
67374 19980809 7 480.60
28059 19980115 10 326.61
71597 19980608 2 495.38
73255 19981229 12 334.51
62131 19980411 1 265.18
60949 19981214 9 11.65
10734 19981113 1 365.39
68080 19980103 1 396.87
50133 19981028 2 176.40
24942 19970122 10 259.32
88070 19971109 10 492.52
14708 19970622 4 219.49
82420 19980421 12 15.26
60117 19971207 5 358.16
88514 19980220 5 139.93
51901 19971018 10 396.16
00431 19970117 4 172.59
76951 19981012 6 403.64
64562 19970727 7 438.94
10673 19980914 10 97.93
23580 19970814 9 263.47
84869 19971216 11 19.89
95032 19981220 3 203.71
79328 19970129 7 321.07
89157 19980214 1 202.62
18993 19970831 7 362.84
34728 19970821 1 244.32
71222 19981016 11 426.63
45945 19971007 11 320.72
31701 19980829 5 185.99
00539 19981110 2 38.78
33151 19970328 7 167.08
11104 19970201 1 142.48
69293 19981001 1 496.06
48703 19971212 3 190.09
02549 19980521 1 358.18
09939 19980126 1 352.73
86071 19981128 11 424.88
56470 19971203 11 289.70
02022 19980722 3 190.58
33568 19980917 11 238.89
23343 19971207 9 77.86
13938 19971221 9 306.45
84080 19981202 3 121.03
42685 19970611 10 26.59
29540 19971123 1 263.59
84859 19980217 9 333.81
69375 19980613 7 339.02
57435 19971101 2 380.18
40991 19980126 2 28.59
50019 19970927 3 333.91
43156 19971110 8 390.06
79910 19970726 7 443.54
32478 19981015 7 10.27
71841 19970126 8 255.62
58036 19980318 6 390.51
87169 19970206 2 392.95
67856 19980611 9 156.63
51259 19970414 2 349.75
43657 19971116 4 310.20
08283 19980318 8 266.40
75648 19971009 3 306.34
92770 19970926 2 436.32
94825 19970514 4 450.89
80926 19981209 9 297.34
75492 19971225 2 16.20
10976 19970410 6 177.05
91016 19980924 9 148.19
97512 19971127 10 444.82
88780 19971209 4 323.41
05038 19971007 2 459.46
43866 19971023 4 482.14
05970 19980225 8 260.91
69638 19971129 8 49.47
60881 19981028 1 436.40
36184 19981224 5 233.03
73373 19981112 6 15.00
36108 19970703 12 405.20
59950 19980510 5 456.59
38612 19970524 1 337.74
56987 19980814 11 22.36
50777 19970628 9 255.90
67584 19981022 7 103.65
65223 19970101 6 359.76
74872 19970421 12 461.78
71565 19970926 6 348.24
00506 19971101 1 480.47
52142 19970828 2 273.03
63116 19980219 5 147.29
53328 19981031 6 266.64
78634 19970926 5 486.42
79267 19981030 3 354.27
04230 19971115 10 98.55
98622 19970421 7 242.13
56945 19980704 2 464.56
47478 19971116 6 150.40
78750 19980422 3 456.72
94131 19970507 4 225.77
14915 19981204 5 465.29
89699 19970227 6 347.29
26022 19980723 7 429.64
96933 19970831 5 484.96
88565 19980328 8 18.94
90237 19970222 7 466.08
71001 19980803 8 108.39
36326 19971018 3 50.10
33283 19980907 5 447.91
42773 19971231 8 420.08
45830 19980723 11 183.42
32093 19970925 9 19.23
69184 19980525 3 104.59
41457 19971105 6 334.35
10808 19980908 11 10.90
57343 19980815 10 384.46
16474 19970503 1 354.68
73302 19970613 9 43.92
91967 19970424 4 386.09
81029 19980303 5 106.21
53303 19971117 6 251.95
04833 19980806 9 249.34
15790 19981207 5 185.30
04136 19971115 5 324.62
34158 19980821 9 116.74
38919 19971110 1 205.24
56213 19970419 10 267.14
02397 19970912 2 465.18
61395 19980510 5 81.37
46602 19980223 5 169.28
45440 19970928 10 441.11
56043 19980608 4 253.43
00617 19971213 12 443.27
25241 19970211 12 241.90
49503 19980312 11 301.14
36667 19970403 9 392.47
74059 19980916 1 127.98
78263 19970729 6 43.17
07087 19970704 8 381.50
78778 19970404 10 256.69
05977 19971018 11 437.55
11529 19970723 9 250.92
62518 19980724 9 381.93
63847 19980710 7 228.92
26112 19970615 11 407.22
14488 19980726 4 75.12
75690 19980528 9 263.27
97514 19980521 3 196.96
71740 19971004 1 222.15
37612 19981222 6 306.40
67057 19980107 5 176.24
91302 19970314 10 363.40
59557 19970912 10 121.16
49845 19980906 12 122.49
41986 19980818 3 159.92
36530 19981209 9 22.51
41287 19981124 10 186.79
03219 19981016 2 165.26
33101 19970310 6 426.95
38909 19980709 3 359.71
79276 19970921 6 485.74
50047 19970925 4 268.47
62863 19981029 10 297.95
18852 19980813 12 104.50
85819 19980105 4 447.67
70199 19971106 10 46.51
04956 19970117 10 159.41
61840 19970320 5 43.25
64307 19970330 8 211.95
66172 19980121 11 194.67
18650 19971028 7 229.10
63623 19970409 8 188.46
31661 19980517 8 469.58
26870 19980718 6 25.75
53705 19970820 7 400.22
82098 19981122 5 100.20
24006 19981214 1 149.90
90704 19970805 5 313.77
10890 19970407 3 219.61
09507 19980106 11 73.74
18880 19970322 6 183.15
81459 19970819 3 379.05
45337 19971009 4 346.76
45011 19980901 7 264.33
04162 19980815 9 478.47
82447 19970729 9 443.43
89498 19970307 6 215.13
03077 19980317 9 338.07
75957 19980905 2 170.61
98688 19970924 9 454.55
43585 19981108 4 471.30
70520 19980311 4 431.51
48803 19981130 5 75.70
89375 19970917 6 76.40
20687 19980920 12 172.18
02426 19981110 9 360.88
37284 19981230 6 301.71
74053 19970507 8 455.80
61042 19980902 10 239.82
45098 19981229 8 53.70
98004 19980226 11 408.22
49418 19980821 2 476.61
77666 19980106 10 327.75
12497 19981029 7 26.20
46846 19970719 9 196.54
81263 19970614 3 428.20
19998 19971127 7 15.57
38182 19980808 7 318.06
74284 19980206 2 336.21
71238 19971113 10 379.83
30697 19970406 11 224.08
15603 19970117 4 117.98
04459 19980108 1 434.13
58970 19971227 8 89.20
41121 19970118 1 65.79
18454 19970410 10 281.44
64895 19980529 7 348.21
12463 19980614 4 354.51
49599 19981105 3 103.97
59977 19970211 7 90.33
88962 19981216 11 94.74
89703 19980509 10 107.08
40390 19980717 6 369.69
51119 19980307 7 276.48
59972 19981211 8 189.58
47744 19970415 9 8.96
05846 19980731 12 436.13
31554 19980428 7 213.27
22429 19980418 8 484.89
55468 19980424 8 289.86
08480 19971124 12 271.20
28430 19970119 4 104.47
35560 19970519 3 439.39
67846 19970926 4 103.57
79633 19970410 10 312.29
83798 19970903 4 190.64
26970 19970604 7 224.89
04434 19970413 10 413.20
54016 19980910 5 250.47
61081 19971023 8 392.02
53883 19971220 3 189.94
83751 19970724 3 258.61
95056 19970222 9 400.86
40182 19971203 5 61.17
03032 19970309 5 450.90
50822 19980101 1 472.38
85589 19971218 11 313.92
44737 19970505 10 44.36
72350 19970123 11 183.20
59771 19971008 2 9.67
00564 19971123 7 297.60
31584 19980123 9 212.08
21298 19970530 10 170.72
78941 19980420 4 211.06
70534 19980703 5 14.58
16904 19980924 6 276.48
73391 19980921 5 409.33
81966 19970709 3 25.54
02938 19970302 10 383.98
85544 19970529 1 260.46
72012 19980721 12 231.38
98629 19980130 4 79.33
85429 19970815 1 73.79
12631 19971213 12 307.02
73336 19980121 6 474.96
56473 19970323 6 397.92
94530 19971208 2 142.80
53257 19970822 12 326.11
81750 19970603 10 443.73
33418 19970501 7 12.73
00812 19980531 11 77.47
63857 19971108 2 175.40
03192 19970503 10 54.49
27925 19970119 10 116.65
16328 19980929 10 170.16
84871 19970613 9 40.48
80627 19980506 3 349.46
50588 19970629 1 380.37
42187 19971008 2 114.44
73498 19970108 2 214.03
41630 19981109 10 308.15
08840 19970209 10 497.00
71112 19970131 3 296.13
98771 19980814 5 193.94
97616 19980501 1 118.04
46648 19970831 10 177.32
81107 19981026 6 418.70
20348 19980717 7 143.21
79614 19980624 2 105.33
37482 19980803 9 188.51
51080 19970506 9 56.44
14878 19971011 2 340.17
32923 19970928 4 153.97
03626 19970423 11 202.40
76767 19981211 11 460.59
11505 19980106 1 68.37
64600 19970907 2 261.80
71910 19971020 10 420.24
53835 19980701 6 356.94
42037 19971217 9 173.40
62320 19970528 1 335.17
79107 19981021 5 350.88
66342 19971114 9 37.25
02110 19981122 8 367.85
19505 19970131 12 222.62
75416 19970818 12 410.88
00576 19980901 9 338.34
30556 19970826 12 202.83
54816 19970413 6 303.03
69853 19981011 4 472.74
38434 19980402 3 52.04
52463 19970630 4 128.28
51806 19980114 12 180.34
50425 19971217 7 206.04
77991 19981025 3 289.17
69434 19980408 3 96.01
99164 19971222 7 227.88
69997 19980816 2 370.70
07815 19980602 5 453.77
18238 19980819 4 468.71
18808 19970813 5 258.35
95805 19980426 5 367.14
73158 19981202 12 62.61
29454 19970101 3 68.70
26090 19970614 1 104.46
42541 19980227 4 309.46
95816 19980512 2 113.50
76902 19980119 8 170.65
32102 19971216 10 390.33
38499 19980424 7 267.90
50032 19980809 12 276.79
99133 19980405 8 70.45
72818 19970104 12 142.56
57403 19970627 9 137.31
62846 19971217 3 147.57
15951 19980629 1 16.94
31985 19970701 11 439.02
55548 19971010 1 219.12
89231 19970620 10 150.34
23516 19970502 10 377.64
67792 19970609 6 479.13
18008 19980123 5 343.49
60914 19981114 8 192.96
70757 19970414 1 173.24
22757 19980616 1 348.37
33690 19980405 11 476.27
36421 19970310 7 298.33
68440 19981203 8 141.65
81783 19980117 3 461.64
62067 19970319 4 498.90
39238 19970228 11 87.61
42401 19980402 5 264.79
19882 19980531 10 222.35
45929 19980626 10 404.77
86890 19980414 9 382.44
88751 19980604 4 172.92
96328 19970307 3 297.02
16128 19970618 7 319.58
03285 19980412 7 414.97
24574 19980823 1 371.12
02948 19971115 4 253.29
27659 19980105 6 231.16
11268 19970311 4 377.25
86802 19980312 12 319.97
70470 19980314 4 351.35
38752 19970911 9 479.96
19756 19970714 12 297.91
33575 19980307 1 449.85
64668 19980908 12 81.27
26788 19980131 11 113.25
93093 19970821 1 300.89
28676 19980710 4 286.24
23227 19980628 10 461.78
54832 19970616 6 129.48
10670 19970417 11 326.05
17407 19970403 10 129.03
36161 19980823 6 93.54
04811 19970504 2 465.29
36899 19981223 7 414.12
23386 19980624 6 464.83
31724 19971013 12 173.52
05853 19970605 3 21.39
03229 19980216 3 247.65
23643 19980518 2 101.30
59812 19971127 2 427.91
49699 19980104 8 93.15
87098 19970508 6 181.11
35297 19970526 5 489.40
30105 19980614 12 395.70
99716 19970621 4 305.55
07758 19980212 2 65.40
93993 19970913 6 473.17
33086 19970512 7 47.26
70272 19981017 4 421.67
30055 19970306 8 273.54
06059 19970819 1 324.02
80713 19970928 2 40.03
78972 19981205 1 284.02
89645 19970926 8 462.47
68052 19981226 8 398.35
18314 19980316 1 450.13
90052 19980306 7 215.15
48332 19980412 10 91.46
98619 19980520 11 249.49
37280 19980712 12 44.89
03895 19980513 4 41.55
45917 19970221 1 490.74
38075 19970122 10 383.49
15841 19980714 6 156.83
91227 19970604 4 298.59
67907 19980701 9 264.98
22301 19970707 7 82.35
81140 19980405 3 428.45
72698 19981025 5 215.87
18997 19970624 6 492.69
39120 19971226 6 52.02
37277 19980319 3 411.92
55695 19971004 2 364.77
51479 19970922 11 379.78
87538 19980216 11 190.63
36415 19970505 5 497.44
41681 19980526 10 273.57
35692 19970102 5 139.13
36235 19970414 6 440.29
68354 19981020 11 457.93
41635 19970714 11 283.93
32214 19981014 5 453.99
67783 19980219 11 45.55
94154 19980620 5 339.86
50210 19970821 6 10.02
56175 19971004 7 75.16
53225 19970809 4 5.99
66633 19971205 1 117.38
89811 19970312 1 329.10
25554 19980730 9 83.40
61819 19980224 3 322.27
81498 19980317 8 452.80
12450 19980608 1 288.20
51326 19980829 10 321.13
76720 19980507 4 133.25
63232 19970217 12 218.62
17324 19981014 12 475.53
16489 19980428 3 92.62
03344 19970226 4 287.40
89445 19971119 5 326.19
61004 19980706 6 13.40
97402 19980715 1 198.52
55888 19970929 9 478.78
62067 19981027 10 241.16
31913 19970804 11 484.16
17742 19980805 11 176.97
89339 19970524 5 412.35
71237 19980920 1 419.92
66490 19980401 2 165.05
33531 19980522 8 137.05
71662 19970703 11 457.49
09881 19981117 12 355.83
01949 19981031 5 465.71
70662 19970721 9 89.08
53523 19970520 11 450.94
77523 19970704 9 314.91
56940 19970630 6 376.94
45195 19970312 2 487.34
51271 19970531 3 393.79
55157 19970127 3 27.11
64431 19970917 1 230.44
27715 19980702 12 423.97
57362 19970414 10 298.20
65915 19981117 12 424.16
10227 19980505 8 64.40
90899 19970709 7 81.91
13064 19970118 9 454.76
79210 19980324 10 388.12
87227 19980923 1 114.00
91069 19980721 5 414.08
70970 19980426 10 133.83
57394 19980429 2 428.24
57930 19981203 8 335.89
46421 19970131 8 44.49
65537 19970226 9 190.67
75136 19970701 1 74.51
49672 19970405 11 103.67
61243 19980726 3 478.07
12463 19970803 7 218.79
98622 19970123 1 355.49
76181 19970307 3 185.74
65766 19980514 5 60.58
91627 19971121 10 278.31
16996 19980518 3 315.47
33584 19980904 2 495.09
51985 19970427 11 272.09
22270 19971030 12 116.09
63380 19980927 11 218.96
97359 19981120 9 82.35
17986 19970515 11 259.36
21375 19970804 9 411.43
63872 19970722 1 344.41
70301 19980604 9 19.27
63609 19980617 1 119.65
98572 19970821 11 51.04
15987 19981010 4 482.12
40531 19970531 4 349.94
19441 19970220 10 36.84
45600 19980625 2 356.39
60382 19971012 9 393.05
36039 19980925 5 342.64
91463 19971002 9 409.08
32683 19980903 8 140.05
58242 19970603 1 403.97
45984 19970208 6 286.84
08192 19980317 11 26.98
52562 19980116 1 45.55
47926 19970929 3 302.93
58523 19971205 8 120.17
86305 19980731 5 386.11
21947 19980718 12 109.14
88875 19970803 1 123.42
05577 19981114 7 424.14
16085 19980317 8 93.05
12349 19970302 4 407.23
65464 19970227 9 160.65
56519 19981110 3 419.97
88691 19980924 1 283.83
73877 19971125 6 317.08
61319 19971124 1 134.32
83024 19970927 2 69.70
19028 19980604 5 114.25
02781 19981021 11 461.46
52312 19981130 7 485.64
55558 19980203 8 110.65
66125 19970110 7 231.98
68293 19970924 1 101.36
12710 19970731 9 291.18
76571 19981010 8 442.94
15747 19970411 11 103.79
10812 19980602 5 232.57
16106 19970715 7 92.55
09805 19971012 10 457.21
63044 19980422 3 71.26
26340 19980117 10 41.24
51850 19970903 1 339.68
97043 19971221 5 479.99
18755 19971017 1 453.41
74302 19970625 7 74.98
37620 19970317 12 328.94
07065 19970207 11 480.38
12560 19980912 12 111.50
42348 19970804 2 32.26
18798 19980425 3 161.22
61370 19970926 3 233.41
45988 19970630 10 206.31
96921 19980530 7 375.16
00704 19970805 11 366.96
61431 19980128 10 201.12
11693 19970729 5 479.89
79060 19980205 2 176.86
02341 19980228 5 263.18
56025 19981231 3 206.55
63480 19970821 4 323.57
99948 19980402 8 456.82
24363 19980116 3 262.06
84887 19970222 1 24.89
74316 19981001 12 428.53
34547 19970117 11 150.58
95052 19970721 10 348.18
82644 19980710 6 99.08
60612 19970629 4 77.62
17775 19970509 6 13.48
26949 19980525 6 64.64
82523 19980404 5 399.69
23501 19980519 1 446.78
85885 19971112 4 333.43
62583 19981117 6 391.39
06217 19970429 9 338.90
47312 19980727 9 68.27
08820 19980729 6 454.38
71452 19971121 4 238.93
59231 19971214 4 488.40
30221 19980625 10 396.90
64860 19971003 3 380.42
37900 19981123 12 389.25
73413 19980911 6 151.22
27384 19980626 7 423.23
88364 19980823 10 81.91
35429 19980420 4 96.61
70855 19981128 1 416.60
04717 19980703 4 372.68
42122 19980508 7 84.32
72325 19970918 3 323.55
88006 19980815 10 126.83
67919 19981217 3 434.52
70517 19980920 4 188.39
16277 19981004 12 347.22
04547 19981031 2 443.11
65329 19970403 10 29.82
92671 19980713 6 229.18
04709 19971021 1 423.17
32509 19970316 2 132.90
16955 19971119 11 221.19
56559 19981115 9 54.60
70602 19970705 1 317.20
13616 19981231 10 456.34
75936 19981125 7 59.14
73801 19970720 4 460.95
71578 19970122 11 162.74
73668 19970201 11 213.83
58817 19970810 11 362.99
54380 19971207 4 347.81
70529 19971212 11 342.82
23645 19981120 8 21.87
46150 19970215 6 136.02
07227 19970623 10 44.68
19066 19971111 3 37.00
96095 19970114 9 144.13
03056 19980930 9 125.27
86444 19971228 7 79.55
81639 19970911 5 399.20
93547 19980902 12 56.33
45107 19980515 3 174.82
18617 19970212 7 66.44
49224 19980922 6 461.27
24434 19970805 3 376.50
66008 19970104 1 265.17
78954 19970305 8 465.94
45859 19970119 8 461.17
01599 19981017 3 17.22
78526 19980416 3 24.52
77674 19980330 10 95.53
37352 19980509 9 317.58
74535 19980614 1 289.86
39814 19980107 3 100.95
31667 19970323 7 152.46
03321 19981209 7 151.93
34118 19970212 12 17.65
22577 19971213 7 45.07
50783 19980711 12 21.25
86072 19970402 3 225.66
33088 19970221 5 389.40
46440 19980909 8 346.23
38400 19980413 3 441.05
36235 19970117 5 211.82
23060 19980704 3 371.03
01767 19970606 2 373.81
84261 19970909 7 42.17
95111 19980526 10 262.25
06779 19980417 6 183.10
63308 19970908 10 490.06
82732 19970510 7 374.36
24131 19980215 1 417.83
20456 19980626 5 387.74
20237 19980630 7 53.54
13183 19971210 6 383.93
65564 19970204 1 215.85
56416 19970416 7 425.15
27357 19980304 4 331.27
75654 19971026 8 157.18
36901 19970505 7 189.15
26836 19970408 9 31.66
42561 19970610 5 464.97
47552 19971203 4 355.16
78517 19970831 10 310.77
38271 19971205 9 419.60
78595 19981212 8 33.03
44951 19980101 3 227.37
95257 19970716 12 357.97
79415 19980317 9 250.11
69002 19980709 4 48.94
37623 19971026 2 79.37
26259 19981127 5 287.77
04514 19981115 5 257.98
78282 19970423 8 195.92
42084 19970914 8 221.08
95018 19980801 7 18.94
03966 19970212 7 262.39
38083 19971207 8 307.83
94601 19970903 3 251.83
67667 19970510 6 270.95
93409 19980210 4 160.11
71252 19980602 1 212.59
35079 19980409 10 220.90
84115 19970110 11 260.33
11228 19971102 4 161.62
90717 19981015 12 454.48
10828 19970422 4 429.73
10077 19970722 11 16.67
81426 19971124 3 480.13
77300 19980819 12 457.05
18736 19971203 8 178.02
15018 19970214 3 12.04
52018 19981013 6 158.99
26409 19980424 2 461.62
68704 19981207 1 492.60
79514 19971012 4 425.88
23932 19971124 12 198.00
06272 19980417 6 219.75
48108 19980819 3 261.62
33148 19980605 2 210.95
14349 19970321 6 277.98
82579 19970402 4 177.45
06563 19980808 3 116.03
86677 19970327 10 81.48
78383 19980517 8 366.62
62134 19980213 2 345.18
72738 19970709 6 439.82
91420 19970302 3 473.92
63948 19971114 7 342.57
83532 19981018 7 450.06
64079 19970419 5 111.24
12136 19971021 4 486.24
01844 19980618 10 478.19
84134 19970530 6 297.18
34290 19971202 12 247.92
24576 19980421 6 229.83
70839 19970318 11 173.12
65352 19971111 2 359.50
35374 19981227 9 196.59
94057 19970211 5 10.86
99770 19980228 3 190.23
80636 19981111 2 254.86
75946 19981012 1 407.84
47980 19970718 9 5.95
82149 19971129 8 489.88
73393 19981225 3 322.78
43428 19980208 4 357.44
17753 19980701 7 251.93
08675 19981119 11 448.67
11243 19970628 12 438.30
61150 19980908 3 392.41
98215 19980520 6 96.39
01003 19980405 8 483.25
48507 19980323 3 429.10
69692 19980213 2 459.79
27766 19971226 5 205.66
93538 19971101 7 57.66
58098 19981229 6 129.24
10442 19980620 11 289.32
71849 19970801 12 366.81
26609 19980716 12 476.03
59396 19980717 1 373.16
56421 19970929 5 324.14
14494 19970302 11 52.15
12668 19980125 7 483.83
93343 19970227 7 320.77
08961 19980827 4 299.63
06069 19980509 7 490.87
00912 19980116 3 365.88
32758 19970617 12 387.78
32193 19980401 5 422.23
46706 19970811 4 141.91
76481 19980605 1 219.09
07418 19970110 7 299.98
67207 19970829 10 115.21
20943 19970807 9 42.77
44982 19970705 6 322.06
18481 19980519 4 77.80
79762 19971029 11 469.71
85991 19980807 9 230.69
11711 19970122 4 382.53
24513 19980726 11 466.04
09969 19970418 5 323.69
24274 19970626 8 342.10
28413 19970607 5 47.97
94577 19971020 3 278.67
38665 19980819 9 478.97
89431 19990101 7 417.67
30816 19970426 12 85.96
98058 19970922 4 312.64
21842 19980522 2 339.32
65842 19980130 6 166.06
88126 19980206 5 438.89
69544 19980101 7 138.52
80541 19980809 3 87.09
27946 19980325 12 36.67
13249 19980207 2 63.27
30874 19970602 11 239.72
69535 19970717 6 201.78
36162 19980402 7 335.54
99255 19971130 5 482.69
26088 19971029 12 444.72
47147 19981207 9 33.11
93980 19980902 11 122.48
20853 19980603 11 472.24
21011 19980906 7 469.63
06595 19970226 3 130.40
54710 19980915 2 240.06
29394 19980303 4 182.49
04444 19970805 10 108.23
28353 19971119 5 73.28
37635 19980731 4 437.67
01506 19980925 2 421.98
10128 19981218 4 472.61
25222 19980826 4 382.94
48147 19970303 1 152.81
66013 19980511 3 295.49
44171 19980922 4 296.10
94736 19970506 1 109.37
14826 19980726 10 387.62
14820 19970424 7 87.85
70812 19970511 12 414.39
81301 19980225 5 18.46
04807 19970721 7 291.57
80356 19980429 11 108.51
21668 19980913 7 120.60
64752 19970531 10 353.03
94194 19981222 3 485.91
09227 19980309 5 48.70
66139 19981220 12 457.52
75548 19970123 6 300.46
83700 19970509 1 135.71
59807 19980727 9 492.00
46127 19971020 6 231.06
65857 19980118 8 111.55
59333 19981007 7 339.92
27253 19980505 4 447.82
21685 19971221 1 14.52
77000 19980119 9 477.84
94051 19980303 12 86.48
69474 19970922 1 80.45
29913 19981202 5 459.52
68730 19970115 11 377.14
70699 19980103 1 69.62
15817 19981230 7 242.52
12297 19970917 2 248.48
50658 19981220 6 383.48
53973 19970510 3 402.50
20234 19970410 3 450.68
30714 19980115 2 90.85
36389 19970421 10 384.19
60231 19980630 4 295.01
95595 19980321 9 318.12
87410 19970309 11 354.32
74728 19980305 7 439.78
74339 19970111 11 96.96
14394 19981025 12 390.09
78360 19970519 5 321.71
83535 19970308 4 109.96
65209 19971031 5 477.65
09836 19981217 7 469.79
40419 19971121 1 399.36
38616 19970707 2 111.41
84268 19980617 1 193.18
59411 19980814 10 250.93
82115 19970629 8 265.82
87129 19971201 4 349.60
28488 19981122 4 259.09
46643 19970313 5 412.80
35096 19970910 4 473.09
24887 19970204 1 30.25
05108 19970208 10 211.67
11826 19971022 3 302.48
52022 19970810 5 421.87
22812 19970621 10 325.00
04106 19981205 4 244.74
40905 19981104 6 444.67
47400 19981012 7 152.54
85042 19970414 1 34.03
71831 19970327 1 6.31
25296 19980607 9 229.15
20130 19971011 2 339.81
29215 19970313 1 250.14
87695 19981027 1 31.40
84844 19980129 5 362.31
58143 19970609 6 206.82
13687 19970217 7 360.92
62966 19970515 3 373.62
39121 19980822 2 299.62
60572 19970207 3 197.47
51393 19980730 8 131.73
35901 19981129 4 109.17
74663 19971125 2 471.03
17351 19980509 7 385.91
98999 19970420 12 11.12
68887 19980617 6 80.22
90418 19981027 12 14.26
98540 19980224 4 104.29
54155 19970311 8 264.63
88007 19980102 10 446.55
64124 19980929 5 283.24
94740 19970418 4 143.88
46847 19970626 2 313.50
47583 19980930 2 227.90
61912 19980827 6 203.88
58120 19970409 12 88.45
03375 19981112 5 484.56
48452 19970518 4 432.40
74721 19980808 2 447.83
71063 19970911 4 258.28
68897 19970906 12 431.53
28611 19970815 7 60.66
50850 19980107 9 142.40
92766 19981216 9 173.42
16024 19980128 1 380.05
81421 19970816 12 28.91
17473 19980916 1 350.58
46091 19980604 1 44.12
59741 19970127 11 263.08
11157 19980105 11 146.32
22795 19980101 10 417.12
65264 19981013 8 499.70
86606 19980728 5 207.76
86185 19971102 1 380.83
73550 19980605 4 236.59
68550 19970504 8 498.74
92414 19971001 9 204.21
17509 19970622 10 360.63
35420 19980624 9 190.44
00584 19981027 2 60.15
44423 19970602 9 125.15
53791 19980124 4 79.33
70465 19980505 7 121.29
79870 19970120 12 12.21
88686 19971230 6 414.92
17116 19970830 2 296.33
77444 19980221 12 238.54
94591 19971225 5 92.27
99273 19980503 10 30.53
54776 19981214 3 170.06
14334 19970109 5 40.76
69724 19970402 11 26.30
51682 19971112 11 441.16
27645 19980302 6 447.42
75006 19970628 5 193.03
83034 19980113 3 410.93
12778 19970531 4 28.93
80675 19970106 8 224.99
03809 19980329 7 404.72
20064 19980504 5 280.58
69644 19980531 4 216.11
81618 19970419 3 396.27
18368 19970328 10 153.29
18848 19971122 9 421.88
81777 19970222 7 357.23
58415 19970424 9 340.22
24740 19980919 4 178.48
20662 19981105 3 470.69
23298 19981007 8 296.32
14585 19970409 5 31.12
51517 19970103 9 463.15
80071 19970321 8 373.44
10380 19971209 6 357.19
58724 19970731 9 76.47
67880 19981129 7 386.60
73125 19980816 1 301.66
36499 19970127 1 6.42
73800 19970214 8 341.22
05003 19970614 5 84.41
73845 19981119 4 229.94
21009 19970817 10 119.07
10240 19970122 1 181.61
16870 19980411 5 382.85
60905 19981026 5 125.55
36047 19970925 5 115.24
79732 19971010 6 418.58
16941 19980410 5 403.43
68120 19981116 10 319.66
88067 19980406 1 348.24
37752 19980221 12 228.68
63498 19970722 12 482.98
89340 19971102 9 470.64
73746 19980130 5 150.87
82544 19970815 5 150.76
50928 19980106 7 112.98
09966 19981029 7 446.42
25019 19970815 6 107.06
26213 19980927 10 209.69
22649 19970331 9 288.44
65298 19970608 3 405.17
34344 19980409 4 109.66
64817 19980605 10 86.58
56342 19980404 1 433.55
15742 19970923 4 49.31
94489 19980909 9 291.06
31569 19970331 5 483.40
18370 19980822 3 245.81
16932 19981228 5 346.64
82353 19980208 11 217.31
74667 19980814 7 493.44
86955 19981219 10 106.28
82421 19971231 2 36.28
37411 19970319 3 379.73
75567 19970214 2 421.22
73908 19980722 6 378.10
27966 19971121 1 183.41
76299 19970719 10 233.45
87041 19970831 3 296.62
89767 19971219 10 273.15
34644 19970328 4 196.64
32323 19980324 1 241.03
94333 19970621 3 487.00
99255 19981122 7 123.17
24870 19971209 4 369.98
25051 19980901 6 321.26
87651 19980131 10 181.93
43078 19970426 11 24.04
72539 19971015 12 67.89
64793 19980717 6 234.63
54554 19970515 1 299.93
28656 19970401 10 81.22
15087 19981016 12 176.59
78451 19970618 1 448.71
70883 19980815 11 376.01
13744 19970708 3 250.03
40986 19980224 10 426.52
27181 19971111 8 359.20
23609 19971001 3 435.00
82107 19970831 3 376.64
47667 19980206 5 381.29
18330 19971223 11 204.44
67261 19971115 4 252.17
72246 19980516 2 253.41
90782 19970326 6 464.01
41256 19970925 5 273.49
51977 19970506 1 166.88
30533 19971230 10 353.04
82639 19980409 12 76.44
02653 19981011 3 126.57
12640 19980416 6 137.64
13471 19981119 12 461.03
13330 19980904 11 236.94
91463 19981006 4 185.26
95270 19971112 7 206.53
49883 19981027 8 117.36
53803 19980208 10 58.48
96221 19970725 6 69.31
00645 19980929 7 477.20
81243 19980818 11 59.94
11031 19971013 12 416.48
19776 19981002 5 464.54
03694 19970709 10 56.34
39439 19980405 8 472.65
09992 19970117 8 488.42
11311 19980522 8 395.44
59797 19980505 6 288.40
36751 19980329 11 385.62
63974 19971126 4 433.10
57426 19970905 9 160.65
91424 19970117 1 84.83
39984 19970906 5 81.01
75502 19980331 5 333.58
69508 19970419 1 198.89
72744 19980619 4 286.98
33032 19981031 5 167.79
32236 19980202 7 76.63
27414 19970706 7 359.50
01422 19980915 10 391.47
34749 19980810 8 235.15
00465 19980920 1 350.16
25768 19970916 11 449.31
87434 19970612 5 336.50
24538 19971012 11 106.51
86490 19970526 7 385.74
45142 19980708 3 85.93
56970 19981108 4 312.72
49233 19971011 2 17.60
85891 19970607 4 415.24
51699 19970516 7 19.49
40012 19971003 9 37.04
42856 19981219 5 284.46
57762 19970217 12 101.30
64026 19970318 4 219.81
65253 19970510 9 251.48
86168 19981218 10 32.50
35190 19970216 2 246.16
68552 19971028 2 179.56
21679 19980224 12 498.34
04999 19970414 3 301.45
30778 19980907 9 197.86
44530 19970124 12 48.53
93878 19980712 7 244.91
41860 19980610 5 322.29
87057 19981205 3 7.97
35390 19971028 9 109.36
38485 19970105 5 365.95
53798 19980918 6 67.18
46164 19970208 8 393.35
12986 19981005 12 137.97
77135 19970208 2 381.16
30897 19980816 1 56.54
70569 19981231 12 397.79
99961 19971020 3 203.73
85225 19970201 3 53.24
48969 19970830 7 75.95
34398 19980812 9 127.38
88404 19980307 8 473.24
56280 19981226 3 239.08
69779 19970424 11 204.49
87504 19970715 11 301.19
66541 19970419 10 438.57
83475 19970417 12 346.34
90850 19970720 1 26.75
85807 19980925 3 279.20
02952 19971120 11 433.77
72466 19980714 9 437.05
93477 19970214 6 203.02
08429 19980905 1 86.04
34289 19971111 3 21.82
19753 19980217 9 305.23
42141 19980322 12 139.14
77961 19970122 4 45.77
08483 19970128 3 37.06
88057 19970705 11 80.90
08654 19980910 10 71.48
07755 19970729 1 7.12
63009 19971204 2 38.22
43448 19970327 10 189.13
83142 19981119 8 17.52
19799 19971108 11 178.50
40754 19980821 1 71.08
30759 19980226 10 189.20
78908 19980924 2 402.07
93055 19971102 5 389.51
52490 19980401 12 37.83
46783 19970129 8 328.73
85306 19971222 5 325.21
71054 19980504 11 62.57
01152 19980219 5 94.01
73877 19970120 1 457.73
69119 19970425 10 182.52
84028 19971124 5 305.69
67146 19981227 11 212.49
75604 19981214 12 195.08
67565 19981101 9 398.64
30403 19970615 4 484.51
05360 19980711 2 438.07
11333 19970518 10 143.18
16830 19970729 3 482.77
44898 19980415 10 169.24
53135 19980310 3 139.34
63513 19980826 2 132.63
57123 19971026 9 358.49
75479 19970112 7 188.53
05297 19970511 3 320.75
15725 19970418 4 498.64
43730 19970308 10 58.48
05448 19980612 3 134.87
66060 19970402 9 377.13
25655 19970923 11 272.46
76565 19980702 5 442.13
51357 19981209 4 343.51
20486 19981230 1 50.16
06688 19980701 9 478.89
99793 19981021 8 64.46
26007 19980918 1 252.66
32211 19981213 6 20.18
97881 19981229 5 44.62
87746 19980617 7 258.64
55609 19971027 2 148.08
76415 19980623 3 221.60
22965 19981115 1 270.32
59438 19980830 12 438.32
20374 19970827 5 389.87
50337 19970212 8 13.55
04627 19970315 2 183.34
51716 19980602 4 176.66
01608 19970515 10 392.16
45940 19970109 7 174.56
59740 19980121 6 242.85
22077 19970306 8 262.62
37315 19980603 12 447.50
13214 19970414 5 136.01
82036 19971210 7 402.27
51129 19980102 11 120.59
29047 19970924 4 316.31
21530 19980901 6 33.41
19709 19971029 6 133.76
64547 19970110 2 106.16
48721 19980928 4 213.25
89865 19970305 8 383.10
69949 19970610 4 493.02
72278 19980603 11 207.48
76138 19980928 3 86.92
22693 19970921 3 158.03
60775 19980513 5 61.78
78128 19980901 4 444.89
13080 19981226 4 304.02
68286 19980108 8 99.11
91849 19980317 5 29.52
61584 19971018 10 236.93
64790 19970304 9 129.37
09651 19980728 12 335.93
50043 19980815 11 48.87
08955 19980908 10 154.01
19071 19970717 6 395.53
16726 19980904 7 189.48
52166 19970320 3 483.73
67457 19980924 7 195.54
99502 19970224 8 409.28
01277 19971226 4 362.56
11075 19971215 1 208.23
59846 19980919 4 290.43
66557 19980326 3 55.52
96229 19970110 12 445.62
87511 19970920 11 170.51
28482 19970221 12 353.95
70445 19980119 11 447.93
51724 19970108 11 439.11
26758 19980526 10 71.12
76528 19980203 6 17.50
62278 19970305 4 392.63
09858 19970127 6 230.65
98818 19980920 5 270.46
71839 19980227 1 450.79
05366 19970615 11 134.32
72013 19980323 6 52.89
99534 19970513 9 222.14
17033 19980910 7 405.46
25490 19980324 9 265.72
93572 19971210 10 376.84
12576 19980603 2 359.94
76100 19970627 11 40.21
58625 19971210 4 37.96
15983 19980730 3 194.00
84504 19970315 7 461.94
64430 19970507 5 430.74
76694 19970603 9 315.77
35271 19970414 3 313.62
08238 19970703 9 445.05
76341 19970616 11 277.49
47286 19970325 7 437.26
19764 19970216 9 71.26
07171 19971027 3 279.47
12993 19980920 3 386.13
36083 19980812 4 477.06
88634 19970205 9 415.59
18520 19970829 11 436.80
83849 19970703 6 442.38
10280 19970128 6 133.53
73636 19980327 7 457.96
08818 19970713 5 95.41
22707 19980524 6 115.63
09756 19970715 8 201.90
98245 19970621 6 422.01
53601 19981104 9 82.91
49416 19970627 8 382.56
74863 19980416 3 119.84
35346 19980529 11 238.20
53530 19971002 6 489.70
58258 19980226 8 26.02
06110 19970222 12 69.79
01109 19980103 5 436.16
47892 19970514 6 464.03
13598 19970621 10 472.39
92835 19980913 7 493.87
60567 19980405 1 225.25
93679 19970104 9 488.02
89569 19980729 8 130.11
26488 19970801 4 257.64
84822 19970219 2 168.91
78923 19970605 12 446.97
72003 19980124 7 65.81
45527 19980807 7 429.84
39062 19980210 12 37.08
37258 19970418 11 201.56
15863 19970604 5 200.71
31823 19981109 9 125.79
85244 19970717 10 421.45
96449 19980511 4 109.19
02574 19980321 5 17.12
34130 19970817 5 145.70
99891 19980816 2 136.18
64394 19980928 9 444.38
06161 19980506 9 274.68
89026 19970805 11 313.94
11280 19980923 9 289.15
09527 19970226 11 339.49
28493 19980617 2 86.10
41441 19981101 5 208.99
51846 19980722 7 474.10
70803 19970625 7 129.87
21501 19971221 9 426.34
69355 19981103 5 316.14
84106 19971127 6 28.53
56617 19981223 10 402.65
07680 19970524 6 46.67
15176 19980927 6 333.05
14214 19970621 4 122.16
98450 19970805 9 264.38
67668 19981114 10 335.18
03450 19970707 6 92.92
28033 19971214 2 237.76
33879 19981206 11 173.23
78562 19980715 3 245.25
95607 19980706 5 386.31
82277 19970424 1 432.98
98400 19980909 2 483.74
08993 19971004 6 255.69
67611 19981108 6 112.52
53356 19980303 3 492.05
20749 19981015 9 116.27
11671 19970909 3 19.86
50509 19970409 3 252.07
51545 19980621 12 13.84
98691 19980128 5 233.38
48267 19980720 8 180.90
70470 19971104 4 399.81
06117 19970128 4 283.90
34208 19980328 7 122.11
91557 19970616 8 73.42
94685 19971112 3 167.02
59475 19971017 12 180.79
49422 19970627 2 88.96
51905 19980804 6 162.74
50024 19970202 4 234.71
84067 19980717 8 128.75
78459 19980529 1 337.38
11057 19980412 2 480.15
52269 19970518 9 156.63
97988 19970426 4 440.24
80424 19970824 1 475.85
58874 19980125 10 414.73
41769 19970525 6 451.27
19335 19980220 10 59.54
94241 19970608 8 56.08
49472 19970113 6 142.44
12853 19970603 5 117.08
71969 19980425 5 418.77
44025 19971026 1 227.20
14839 19970613 10 451.23
27614 19970109 3 49.72
86997 19980213 12 183.25
89896 19970731 11 420.15
72003 19970430 6 285.86
73125 19970511 1 251.55
15764 19980210 3 278.40
90633 19981029 3 413.19
91239 19970820 5 262.58
77020 19971228 12 411.08
02176 19980627 2 146.37
46202 19970723 9 9.50
68426 19970817 8 372.87
10245 19980906 11 40.09
25089 19970214 4 185.25
35312 19980416 2 110.57
05937 19970203 4 448.19
56528 19970413 10 286.28
67629 19970610 7 256.55
83919 19970321 10 324.84
36036 19980514 4 20.55
47789 19980313 6 150.98
56979 19980608 10 46.72
58197 19970723 9 341.44
74436 19970214 6 32.95
42800 19970526 5 415.35
75348 19980104 8 176.17
75282 19980508 5 393.34
35758 19970329 8 197.69
05734 19970914 6 130.80
64631 19971208 12 169.22
82444 19971019 12 195.84
01681 19971123 5 341.81
47508 19981202 2 20.36
43339 19980727 9 139.93
60448 19970330 8 104.43
00673 19970912 8 270.20
08713 19970726 12 128.54
16016 19970125 5 192.78
82065 19980704 7 278.86
73622 19980810 5 193.09
06930 19980624 1 73.32
28576 19970622 7 168.24
75314 19981126 4 123.02
28017 19971020 9 463.82
13688 19971013 7 335.42
62805 19970322 4 124.80
52438 19980611 11 39.88
05239 19980408 10 359.59
60864 19970330 1 193.54
10456 19970126 2 374.15
44549 19970916 3 29.22
90775 19981023 3 147.32
23469 19970326 6 380.08
17355 19970830 4 474.96
09722 19980420 8 298.73
24105 19971030 3 149.83
26080 19980902 7 124.40
47346 19980322 2 263.02
69281 19980715 4 180.41
84466 19980409 11 365.00
83285 19970603 12 183.40
75568 19971023 8 59.07
28830 19970920 11 30.64
05772 19980410 10 66.05
51459 19980827 11 488.51
24451 19980911 2 43.80
78415 19980908 7 310.99
10975 19970206 3 61.45
95368 19980703 7 5.08
46392 19981112 2 236.83
34549 19980425 6 184.17
09499 19970401 12 55.86
57824 19980528 9 351.83
79886 19970127 8 401.93
71743 19980607 12 389.64
81841 19970114 2 136.23
85575 19981014 7 70.90
66487 19970523 3 17.24
01539 19970627 8 212.22
83889 19970728 9 422.08
38653 19970201 4 433.16
24379 19980804 8 449.97
36671 19980717 12 218.57
14876 19970515 2 349.90
33268 19971225 12 456.83
94110 19980309 9 105.92
03473 19971105 5 473.55
02578 19980610 8 344.23
36625 19970714 10 184.52
63774 19970227 7 39.28
83002 19970705 6 390.47
63136 19970504 8 184.53
81935 19980913 3 262.15
40101 19980710 6 257.45
72346 19970429 8 164.38
53873 19980703 1 472.27
59573 19981011 2 315.22
39616 19981105 6 297.97
28917 19980825 2 230.01
37175 19971229 6 307.63
29445 19980108 6 264.18
20410 19980722 5 52.65
94514 19970701 5 146.04
96991 19981024 10 125.81
87197 19981029 7 143.02
89369 19970411 4 293.29
53545 19980228 12 487.40
90048 19980708 9 151.42
43106 19980709 6 116.60
92044 19970929 8 368.91
38206 19980425 10 479.84
65170 19971024 5 345.97
15368 19970914 8 36.31
31827 19980316 9 308.45
16731 19970920 8 227.50
89294 19970630 6 69.26
47244 19971014 9 187.85
57772 19971029 1 304.10
40493 19970422 2 378.90
37579 19980609 6 137.56
62079 19970518 12 358.76
03593 19970714 10 452.60
36919 19980412 10 449.64
60200 19980809 3 224.78
30731 19980703 1 236.53
91761 19970109 3 78.55
38406 19980531 4 405.07
57542 19980222 11 50.11
98140 19981030 6 489.85
82746 19980119 8 250.87
30482 19970217 11 292.91
48471 19980313 7 150.16
91017 19970416 8 213.45
34326 19970518 6 213.69
02513 19970203 7 494.38
59160 19970101 5 398.03
94902 19970601 2 44.83
78954 19980924 4 62.34
16948 19970713 1 480.71
50675 19981129 6 220.99
62131 19980201 4 423.62
81272 19981208 11 182.59
31592 19970313 8 297.34
41075 19971101 5 156.29
78069 19970518 5 416.45
18416 19970112 12 32.95
10579 19970211 11 206.65
99021 19970329 11 317.79
76267 19970819 2 486.00
64999 19980316 7 444.01
83538 19981224 3 300.34
67900 19980224 9 311.38
93390 19980507 3 193.61
71447 19970227 10 478.01
51845 19970325 7 493.28
82836 19981214 1 389.91
93451 19970819 12 190.54
40363 19970803 12 128.67
28984 19970420 7 239.80
45876 19970606 5 202.59
45202 19981119 3 199.40
34921 19970415 12 23.84
29856 19980118 11 284.62
64861 19980201 7 488.50
74041 19981203 2 178.30
71299 19980313 2 115.02
23976 19980929 5 473.02
52947 19980114 10 435.99
14883 19971127 11 345.78
18476 19971229 12 152.16
75960 19970610 4 403.23
54991 19970704 4 138.33
12155 19980403 2 180.58
08072 19970109 6 317.36
19311 19970707 9 380.40
10499 19971019 3 116.53
46104 19971211 7 352.95
95092 19980918 11 362.46
58139 19971106 1 192.98
62361 19970912 7 367.89
21438 19971209 7 111.44
44332 19970503 10 250.26
34167 19981107 9 165.41
61884 19980530 4 248.97
55705 19970104 2 343.04
83699 19970904 1 171.04
93315 19970217 2 254.54
44335 19971021 10 111.17
25981 19980603 5 98.51
96086 19980429 11 187.63
18569 19980929 4 257.04
79764 19980301 10 362.13
73298 19970831 6 301.10
42911 19971204 10 90.14
48617 19980924 1 320.32
16339 19970606 11 208.31
53890 19970917 2 37.28
39590 19981117 4 39.35
96070 19970423 4 422.82
17035 19970526 4 310.09
27448 19981019 12 158.65
13473 19970106 11 365.85
49653 19980329 5 425.54
53756 19981008 4 249.21
13977 19980317 10 268.57
82968 19980403 1 432.38
72880 19971201 6 329.05
62798 19980302 2 214.97
25523 19970220 12 201.43
00961 19981221 3 274.82
99435 19980811 2 318.52
81891 19971230 5 262.93
96315 19980429 2 446.43
24691 19970622 10 219.95
85753 19980103 11 196.55
70864 19981027 3 240.06
14672 19971221 4 424.95
69829 19980418 4 261.71
67361 19980907 2 327.80
07779 19980322 12 54.34
34291 19980101 7 197.12
25123 19981008 11 408.73
57325 19970511 8 371.46
90201 19981016 9 153.42
15596 19980319 4 277.30
67773 19971009 6 347.11
51778 19980607 1 123.42
07587 19970125 3 334.68
24937 19970514 6 327.53
22665 19980413 7 416.29
23024 19971103 1 341.65
94614 19980803 4 22.05
15828 19970127 12 219.37
19589 19980915 10 413.15
26892 19971222 1 422.12
59287 19980617 10 392.86
95910 19980505 10 359.07
08763 19970210 8 398.40
09080 19980919 3 393.65
38228 19970917 9 390.11
81372 19970124 1 315.52
38356 19980721 4 499.34
76334 19980709 5 447.43
77170 19980418 11 346.52
81791 19970620 4 75.91
92660 19980223 12 354.94
62801 19980803 2 494.41
19483 19970619 12 301.09
63306 19970616 12 226.38
23767 19981104 12 122.61
55932 19970302 10 477.40
40061 19970202 4 262.19
27666 19970619 10 495.11
73910 19980317 7 202.29
63649 19970911 7 478.02
77756 19970927 6 116.26
03131 19970623 10 247.50
67596 19970710 8 378.99
80989 19971024 12 86.51
96803 19980203 9 84.24
68454 19971201 3 40.19
87937 19980214 12 319.69
99349 19970219 9 18.18
47292 19971026 9 201.32
08571 19970925 8 27.52
70753 19971108 2 91.14
11963 19970715 12 147.36
20768 19970605 8 320.96
63856 19981219 8 451.24
38274 19980130 5 260.58
13627 19970724 3 91.69
21318 19980719 1 120.34
03993 19970711 2 480.83
82820 19970630 8 235.79
39796 19970331 11 387.53
72598 19970306 2 467.70
71386 19971013 11 97.36
16241 19970731 4 247.03
22186 19980702 6 158.71
77051 19970412 8 80.50
93956 19970329 4 418.61
76868 19970415 1 167.83
34942 19980105 1 223.47
70069 19980928 12 421.64
42013 19971105 11 215.53
18135 19970518 2 184.01
91082 19981031 4 396.62
75588 19971030 3 263.27
66353 19970301 6 221.02
85011 19980627 6 307.24
37799 19981110 8 376.30
26526 19970405 7 283.36
10919 19971123 4 266.92
97886 19971108 5 75.43
64755 19970409 6 175.76
63358 19971123 7 457.09
66523 19970910 5 259.95
60859 19971230 10 456.33
45965 19981122 10 255.95
38129 19970819 7 441.80
27279 19981228 11 40.48
87087 19971128 5 391.60
50475 19980513 9 36.81
36973 19981111 10 65.22
38111 19981114 12 284.06
23814 19970925 9 195.98
03146 19980327 11 292.49
04274 19980208 1 437.78
96790 19970713 4 433.66
69504 19980514 2 368.88
59728 19970906 4 264.90
34491 19980715 12 259.73
25355 19980517 10 207.40
82236 19970602 11 11.37
59386 19980318 10 409.03
17913 19980122 4 211.70
41476 19981108 10 300.30
71880 19971106 6 148.22
36160 19970827 12 442.86
74379 19970606 7 228.47
43413 19971126 7 281.23
37316 19981228 2 260.98
39742 19970111 4 382.36
63255 19980823 8 75.60
61632 19981105 4 71.03
37979 19980415 5 440.07
03486 19980623 12 404.85
69400 19970130 1 73.27
46598 19980516 4 195.88
47333 19970311 9 211.09
82926 19970823 5 387.92
73816 19970506 5 493.21
10573 19970723 12 487.27
91172 19981016 5 318.72
45056 19980618 10 81.03
41328 19970521 11 20.74
68770 19970614 11 206.89
45508 19980801 9 445.19
72459 19980831 2 372.89
53785 19981220 2 127.33
79750 19980511 2 361.85
53832 19980317 10 276.12
59964 19980516 9 317.25
54757 19980603 6 23.01
40205 19970109 4 345.85
03538 19980102 7 172.64
14382 19970618 11 451.21
14007 19970309 10 67.17
78938 19970519 1 198.86
90148 19970129 7 9.50
03380 19971126 8 128.34
91503 19970427 8 177.69
55130 19971019 9 12.69
15262 19980622 5 330.95
70712 19980323 11 478.91
41278 19971108 8 18.74
85781 19970718 12 402.37
40757 19980727 8 90.57
78844 19981030 2 397.67
19752 19971115 6 453.87
14227 19980606 11 295.18
66434 19980831 11 392.83
75302 19980823 8 333.22
44587 19980907 5 288.39
59238 19981024 8 182.49
55454 19981202 11 452.42
57625 19971112 6 433.68
20637 19970113 5 309.92
03052 19971220 6 265.60
24606 19980502 12 402.31
32110 19970212 7 446.79
50126 19980806 2 327.59
84327 19970104 6 158.74
39630 19980627 9 281.98
17572 19971230 4 453.40
35956 19981103 5 356.40
57563 19970424 5 256.45
87509 19980302 7 280.36
48822 19970410 7 307.22
62259 19970809 8 435.88
88437 19981007 2 293.19
36195 19981014 6 358.73
59948 19970414 4 416.94
20941 19980823 12 318.64
16684 19970304 12 332.22
82210 19980312 8 428.81
93409 19980609 11 441.98
53369 19980929 11 65.56
29908 19970422 2 412.76
84436 19970127 2 73.43
87282 19980507 8 477.66
07765 19970727 3 264.36
79886 19970120 2 432.32
10287 19970310 11 379.43
82436 19981101 7 58.34
11785 19970628 12 22.21
93644 19980202 12 153.24
57770 19981216 9 71.89
60054 19981102 4 332.81
94998 19980216 8 60.01
81384 19981210 3 384.68
80288 19971102 5 410.60
96336 19970328 6 481.14
86732 19970921 8 124.74
75385 19970709 9 383.90
24531 19980425 4 362.36
74294 19970113 12 286.14
95954 19970118 4 433.86
48155 19970311 6 191.79
53043 19980815 7 479.83
92898 19971119 11 224.77
02777 19970103 7 64.12
07291 19971206 10 58.26
02695 19980511 2 122.52
87449 19970203 10 28.03
52819 19980224 2 377.73
50953 19980203 12 242.10
31328 19980620 5 170.45
28158 19970129 7 387.29
64793 19970914 1 309.29
97787 19980112 3 465.60
57800 19971129 4 431.79
19443 19980815 9 34.26
93403 19980526 9 153.48
61214 19990101 9 59.47
22091 19981129 4 411.97
92130 19980214 8 279.45
57131 19980221 3 195.59
44952 19970419 12 492.47
68963 19970110 11 29.45
03222 19981013 3 331.75
68713 19980724 4 429.66
99669 19971227 2 161.65
15331 19970913 10 291.93
83676 19970126 8 208.77
38370 19980422 6 454.56
46177 19980205 6 201.22
86878 19980107 9 270.63
97502 19970410 1 343.38
18109 19980819 9 235.64
46836 19981119 5 289.03
35155 19980810 8 370.25
91455 19980908 7 457.37
83622 19970708 3 147.08
28252 19981030 11 117.76
91516 19981028 5 230.23
56157 19970626 5 335.02
47122 19970918 12 199.86
71182 19970827 11 255.20
76787 19981216 6 229.40
30437 19970623 7 5.12
99373 19981012 5 296.54
48909 19971128 2 445.57
70346 19970914 6 165.91
73499 19970519 3 249.95
37918 19980726 7 8.92
68869 19980603 9 215.50
52309 19981002 2 351.29
76182 19981105 7 154.11
80802 19980610 2 197.69
84880 19980426 11 494.46
87041 19970503 6 418.54
46482 19981006 4 438.03
37251 19980921 12 54.86
10181 19970821 4 428.09
70972 19970718 4 223.83
67235 19981008 11 358.17
78219 19970811 4 59.83
05825 19971225 2 440.78
07581 19970603 1 80.68
86727 19970511 9 34.05
10710 19981217 10 347.87
89121 19970819 3 368.69
35934 19970609 12 11.17
91456 19970928 5 153.21
16097 19981208 10 217.05
53857 19980603 5 271.69
70986 19980325 1 385.43
99804 19980413 4 363.12
19193 19980822 7 28.41
17093 19970926 1 324.38
27282 19980620 8 377.40
97151 19970222 4 284.49
37487 19981030 10 327.25
58184 19971126 5 310.28
04742 19970328 11 342.79
84210 19971104 4 371.66
48189 19980930 12 329.41
88076 19980723 7 95.61
93839 19981105 6 177.83
75579 19971106 11 235.23
10130 19970826 7 259.06
61877 19970403 11 222.64
17266 19971009 2 214.86
32791 19980210 3 419.82
32351 19980824 5 354.64
39233 19981002 4 245.28
43891 19970105 4 405.81
20325 19981204 6 96.18
55627 19970728 8 28.02
53564 19981113 9 197.39
99934 19980802 4 179.51
01829 19970626 1 447.86
49311 19970730 8 454.43
31672 19980930 2 427.76
70203 19980712 4 51.02
37026 19971018 1 382.40
94216 19970517 7 40.19
76894 19981211 1 395.66
93640 19971205 8 301.16
07550 19980501 12 67.44
67558 19970209 6 424.75
36629 19970503 3 187.03
58887 19970414 3 474.51
68639 19970602 12 358.45
18109 19981129 9 251.92
59476 19970203 11 128.26
80780 19970524 6 430.16
11465 19970121 11 459.12
01343 19970815 12 117.73
82814 19970626 10 34.49
66575 19981118 11 282.09
95111 19981226 12 340.23
98082 19971011 2 454.66
05717 19981230 2 38.55
16177 19970131 2 249.89
74354 19980428 2 81.43
14993 19971209 3 416.01
86338 19981202 7 150.99
28777 19981006 8 492.50
11392 19970827 8 38.76
80124 19980608 1 371.57
32871 19971216 5 157.71
85786 19971010 10 98.26
36822 19981205 4 93.52
77477 19970316 1 435.81
66506 19970911 10 334.50
41696 19970517 8 150.94
60867 19980313 3 135.69
84880 19970706 1 383.11
50125 19971206 10 279.33
55639 19970131 5 264.83
42311 19970123 3 177.52
62578 19970727 8 184.55
83317 19971229 6 384.70
74500 19980712 8 358.46
42152 19970327 3 366.22
38511 19980126 11 204.96
95667 19980208 12 125.72
34050 19970405 5 192.83
40920 19980501 4 168.30
00016 19971210 10 22.51
47661 19980911 4 487.36
59296 19981231 12 394.37
05697 19980803 7 433.22
60977 19981210 11 272.76
53714 19981115 6 366.45
36357 19980202 1 257.32
70796 19980104 11 490.85
96199 19981111 3 329.55
43659 19981006 12 323.26
20979 19981127 9 314.89
07845 19971114 5 191.63
77819 19980314 5 64.24
04000 19970701 8 403.26
87870 19980814 4 216.06
84930 19980808 1 282.80
15945 19980731 5 458.43
10807 19971025 7 438.22
86366 19981215 11 16.21
51308 19980522 7 212.29
35072 19980302 1 109.53
19741 19970913 7 193.36
94963 19970907 5 137.17
26791 19971029 5 93.86
89928 19970504 11 277.93
93120 19980830 5 361.53
09515 19980915 3 155.25
13246 19980729 5 211.22
42253 19970408 9 101.82
68154 19970123 8 72.73
05046 19971222 3 49.98
30971 19980223 6 162.62
74118 19970511 5 429.61
29728 19970821 1 180.76
50061 19981004 6 149.78
72193 19980513 3 129.80
46689 19980531 12 226.72
95419 19971007 5 42.66
60896 19980214 8 62.25
21065 19980824 2 453.55
84391 19980807 8 217.56
46907 19970715 11 79.04
65893 19981110 3 48.80
42329 19980222 8 396.27
96172 19970331 3 115.85
53106 19970526 4 123.12
17457 19980224 2 30.70
98855 19981201 8 125.39
99646 19981001 11 331.89
32304 19980426 4 302.66
49017 19970530 12 482.69
66051 19980114 7 17.75
09026 19981003 6 336.87
58927 19970417 8 277.09
92241 19981213 9 296.74
63619 19970412 8 214.15
79269 19970909 5 423.88
75272 19971202 3 178.03
73662 19980506 9 441.26
55596 19980504 7 84.03
10773 19980129 7 231.33
55654 19980729 1 428.99
56303 19970811 9 232.21
16683 19970615 9 140.42
79305 19980917 4 261.39
68736 19971209 4 11.04
57478 19980729 2 122.45
22946 19980924 1 192.73
71928 19980118 11 353.31
55817 19981214 2 362.07
77470 19980825 8 384.66
53336 19981213 2 207.12
85723 19980704 4 367.25
43073 19980622 10 319.06
09457 19980218 7 108.79
87297 19981228 6 402.06
54764 19970209 3 479.92
78019 19980728 1 425.59
97938 19970918 1 239.27
48231 19970801 7 120.97
02042 19971016 12 257.19
12797 19970728 5 373.10
78952 19971208 6 177.61
77013 19970818 4 162.55
12458 19970124 10 283.63
34918 19980220 5 433.58
41275 19980412 9 376.04
06176 19980919 10 141.14
04312 19981207 12 446.07
04554 19980811 7 447.66
34125 19980413 7 289.41
25825 19971119 10 248.49
68947 19970809 11 173.04
16054 19980522 11 258.74
67871 19981214 8 291.69
68234 19980715 12 428.71
44601 19981024 4 67.20
45764 19980910 3 263.89
21552 19970724 12 466.90
45576 19981226 6 166.79
72840 19971227 9 92.32
69880 19981006 9 400.28
61228 19970703 9 169.88
84957 19970425 12 43.51
61336 19971203 12 157.79
32909 19980503 8 493.90
71770 19980521 11 61.47
03643 19980211 6 113.48
66750 19980305 2 174.42
62850 19970930 9 184.87
89603 19980415 7 454.54
12314 19970906 2 281.14
94202 19980530 1 335.04
44892 19980926 1 360.28
37778 19981203 11 304.73
50318 19970628 2 307.64
95954 19980126 11 431.00
14638 19980109 5 316.56
21103 19970613 2 341.14
54362 19971013 12 154.09
72523 19970609 1 420.81
35985 19980709 5 74.76
20710 19981104 5 242.70
38877 19980802 11 301.13
33138 19970530 1 439.34
35877 19970214 9 98.53
76897 19981120 4 469.38
10047 19970811 1 234.17
50268 19970725 6 459.52
01675 19970428 5 51.89
46544 19970423 9 435.42
65939 19981205 5 452.19
52653 19980423 6 94.51
99556 19980226 1 392.35
64286 19971016 4 315.35
09261 19970226 11 27.05
61930 19970816 12 480.61
06327 19980828 1 52.43
82050 19970214 4 96.99
99840 19970730 5 305.11
36736 19980914 1 288.73
64458 19971202 11 203.69
20087 19980925 8 442.90
31811 19980512 6 43.49
00071 19970109 6 303.57
75995 19980810 4 396.41
53681 19971205 6 294.95
82528 19970420 5 154.43
60751 19980222 8 424.55
60220 19980221 10 386.33
31857 19971206 5 38.10
87506 19980723 10 471.79
77569 19970731 9 295.31
02921 19971210 5 468.04
12920 19980905 6 52.33
94198 19980325 6 162.08
19567 19970705 3 343.84
90651 19971024 7 359.05
48867 19970315 11 14.16
48087 19980329 3 175.86
04023 19980407 4 423.73
11526 19980813 7 419.79
75146 19971025 10 235.76
89756 19970703 12 254.02
24673 19970215 2 149.49
35968 19980528 4 319.47
82798 19970804 1 243.17
96846 19970213 5 309.30
20202 19981218 12 448.23
07793 19980813 5 189.41
88167 19970120 8 241.79
83770 19980522 9 255.29
89007 19970721 9 41.20
25161 19980710 8 82.03
60699 19980915 7 408.60
52948 19971003 8 434.61
00844 19970103 4 42.67
30062 19971204 3 72.05
69144 19970202 4 309.58
82552 19970629 8 344.59
56855 19970201 11 399.36
42786 19970302 10 387.23
04552 19980910 12 136.30
41835 19981206 8 75.75
81067 19971021 7 93.59
75761 19980220 4 186.02
81133 19980828 7 389.57
85920 19970608 10 89.41
02788 19971114 5 405.29
31286 19970601 2 21.56
33018 19971017 11 104.14
47202 19981223 6 306.12
89551 19980731 5 111.55
41371 19981221 4 208.75
93623 19980425 10 96.09
55799 19970515 4 378.84
46335 19980330 5 46.52
22662 19970705 11 342.52
64245 19980424 7 317.30
92249 19981109 11 213.08
27009 19970328 5 33.91
75573 19970118 10 196.19
11944 19970114 1 304.44
63833 19980813 5 5.46
79114 19970717 8 363.60
63264 19971203 12 346.18
76356 19981125 4 217.51
63274 19970701 8 275.24
20854 19970928 6 391.84
18088 19980813 2 279.10
77456 19970525 11 143.46
65299 19981220 8 9.93
58860 19981024 4 336.89
19900 19980923 6 271.95
82518 19970522 3 309.80
70037 19971209 10 357.34
36378 19970328 8 406.24
38836 19981120 10 111.91
94749 19970123 6 242.68
79676 19980624 5 410.50
42526 19970804 11 174.71
88684 19980512 11 497.82
71815 19970717 10 183.81
27953 19970810 12 260.31
05467 19980725 2 489.23
88895 19970205 8 242.96
96553 19971230 9 453.53
04835 19980501 7 321.27
08217 19980414 1 287.73
51319 19981104 7 150.92
20937 19970902 9 360.53
36797 19980414 9 164.83
05200 19981101 3 248.13
74310 19981109 4 369.97
22076 19970126 7 403.38
06811 19980325 9 307.88
91979 19970710 3 481.77
85071 19970731 9 302.56
61360 19971203 4 196.35
55402 19970424 11 482.84
77089 19971205 1 25.45
14607 19970923 5 157.65
09125 19971106 3 367.37
54066 19970920 5 123.01
37953 19970822 11 205.45
08936 19981121 5 300.81
00096 19980213 7 39.40
60054 19970213 12 488.91
86573 19980326 9 215.78
37240 19970823 7 214.34
57577 19970612 4 483.91
29952 19981211 12 450.40
47022 19970407 7 347.01
63231 19970320 2 31.71
60784 19971211 2 314.27
71190 19980729 3 35.64
57694 19970427 8 389.64
40736 19980228 7 304.65
94150 19971218 8 422.39
72245 19971028 2 395.81
16728 19971225 8 208.12
58707 19970902 2 252.47
49211 19981204 1 136.79
84868 19980801 1 127.29
41588 19980330 8 171.68
41583 19980805 7 317.15
60458 19971211 7 220.49
78977 19980405 8 110.42
89253 19970712 3 388.35
59552 19981023 12 303.60
99879 19980317 8 454.30
08396 19980913 10 476.63
88514 19971214 6 498.76
74155 19970107 7 470.80
34640 19981113 8 412.80
19614 19970627 8 57.56
93266 19970107 11 329.06
45846 19970616 10 318.84
27173 19970609 9 471.37
90640 19970220 3 20.38
24400 19970813 5 187.62
94028 19980817 5 356.91
66566 19981203 7 34.86
18951 19970317 9 83.29
26491 19981114 4 125.62
94832 19970407 3 347.10
28367 19970502 8 346.37
71743 19981208 6 52.75
94036 19971217 5 448.84
34472 19980508 4 269.37
16740 19981012 2 491.80
07469 19970401 6 375.77
37857 19970625 8 229.65
82806 19980426 12 497.94
90973 19970429 7 486.98
13766 19981111 4 272.93
19067 19981003 8 425.76
11197 19970731 11 63.48
98782 19981006 7 377.11
96343 19971021 5 125.30
38950 19970425 1 223.78
83807 19980115 2 99.35
03520 19970331 10 339.38
68158 19980205 2 93.85
07856 19980908 9 5.72
15812 19970817 4 387.09
48909 19980607 7 434.72
87053 19980418 11 497.31
99795 19970719 8 42.08
89977 19981021 6 8.71
98282 19970105 3 186.41
01782 19970401 8 481.71
23482 19971223 2 207.98
21986 19981029 1 390.00
45256 19981023 2 352.59
20687 19970521 7 455.77
39541 19970418 11 166.59
66616 19980102 8 490.41
41059 19970826 1 101.29
21295 19970209 3 77.27
44047 19980621 8 118.90
67039 19980528 9 337.01
46965 19970523 11 489.99
90272 19970412 9 196.87
74562 19970802 9 272.13
57172 19970314 8 354.47
38957 19971031 4 384.66
16000 19980211 9 100.03
00215 19970604 11 374.58
28767 19970405 1 399.90
51954 19980518 12 353.83
76601 19980131 2 49.91
66926 19970621 5 33.07
12352 19981212 4 196.47
10102 19980726 4 266.04
07578 19980518 12 152.54
43652 19970624 11 449.53
82917 19980709 9 486.32
16623 19971102 10 491.60
22423 19980317 3 29.98
47169 19980727 6 498.74
29780 19970928 8 416.24
08345 19970316 5 237.84
84807 19970806 11 412.40
47225 19981129 11 85.72
15271 19970824 11 37.37
37353 19980106 4 459.15
72419 19980210 6 128.59
49328 19980610 4 304.92
24135 19970210 3 62.72
30501 19970507 12 87.99
75028 19981002 10 347.58
34398 19971107 12 124.99
78993 19971111 7 41.25
15638 19980421 12 115.67
96656 19970121 3 317.64
63078 19970523 12 438.20
47814 19980603 7 74.55
86259 19980327 7 83.45
68936 19980716 9 279.85
03825 19980529 5 251.17
80924 19980905 7 263.73
48105 19970316 6 178.62
16188 19971011 2 191.07
58370 19971007 1 359.39
19254 19980925 2 218.58
69348 19970805 6 385.73
74947 19970530 7 125.01
35212 19970807 6 80.98
53022 19980813 12 64.17
47834 19971220 1 493.83
99382 19980808 10 295.45
93244 19970630 3 397.63
32395 19981128 12 449.46
89231 19980825 5 228.26
22186 19980623 11 497.17
02772 19970630 2 497.79
64083 19980126 10 182.50
67656 19980124 5 339.86
93894 19980713 4 462.57
36950 19980925 10 292.24
56702 19980820 5 305.63
66152 19980211 3 204.56
25959 19970207 6 168.62
78563 19971204 1 126.32
63105 19980422 9 252.48
41168 19970411 3 451.50
96753 19980323 6 394.37
51921 19970512 12 485.60
64378 19970310 7 10.00
02490 19970128 4 220.35
60743 19970726 8 306.61
17654 19970111 8 429.03
76246 19971225 1 455.31
18425 19980720 2 414.79
06072 19980517 5 11.10
86024 19980607 4 248.87
64607 19980730 2 283.28
99956 19970112 3 298.35
75890 19971004 4 325.88
62578 19971001 11 275.57
84813 19981221 11 247.94
13442 19970318 12 100.11
31314 19981028 9 441.10
48153 19971210 2 113.62
96511 19980603 4 237.64
92281 19980702 11 48.87
59435 19971101 11 391.55
48437 19970925 5 71.24
96449 19970404 9 441.83
09334 19981213 10 208.29
82969 19970131 11 158.63
49673 19980627 4 416.26
47658 19980120 2 259.19
43388 19980420 4 109.20
25023 19980719 5 61.34
33783 19980302 7 205.09
33196 19981116 10 74.38
98758 19971127 2 59.66
34110 19980328 7 16.25
24342 19980123 7 394.90
46417 19980625 9 129.70
37507 19970617 10 286.78
70159 19971019 9 366.05
74297 19981027 6 298.89
83237 19970516 4 154.39
64989 19981027 7 343.29
95485 19980220 7 487.37
97250 19970915 4 318.55
21758 19970317 4 195.21
37638 19980114 2 328.22
82288 19970421 9 306.95
20508 19971015 1 160.22
36642 19970904 5 105.24
25659 19970706 12 170.61
26072 19981016 11 293.44
37781 19980805 12 114.91
52145 19981224 10 95.77
75642 19970909 3 167.36
57513 19970211 11 145.77
37599 19971005 4 221.56
65400 19970210 9 425.18
53977 19970821 10 495.63
91955 19980106 6 453.12
73170 19970216 2 129.37
65961 19980224 7 211.36
41079 19971222 2 376.46
40076 19980514 4 412.61
04561 19980528 5 129.35
97768 19970623 11 201.76
77100 19980320 5 267.69
06304 19970525 8 458.89
72263 19970711 9 260.97
15775 19971001 3 487.32
68852 19980918 8 129.85
65758 19980730 3 103.09
30304 19970915 12 163.91
93099 19971107 12 386.82
98965 19971111 10 338.07
80018 19970216 12 325.85
26060 19970719 12 241.08
93350 19980605 11 15.95
81637 19980901 11 76.84
72233 19970219 12 318.88
87049 19971203 4 198.88
04786 19970910 4 170.95
60743 19980722 9 31.79
92588 19970308 6 201.61
54949 19980629 9 167.36
59292 19980625 3 263.38
86839 19970703 8 194.86
48018 19970906 2 262.52
13278 19971130 4 274.67
37382 19970704 9 88.54
38785 19971025 5 284.71
25478 19980126 6 282.80
19985 19980421 12 108.61
38548 19980410 1 278.72
79553 19980125 7 489.40
55104 19971210 12 303.14
53722 19980923 8 430.36
91250 19970303 3 173.62
74983 19970201 1 62.58
78711 19970903 11 429.16
68216 19980904 4 145.23
77700 19981223 5 244.79
56332 19980918 1 413.31
86458 19981015 8 332.73
78490 19970421 1 338.02
81567 19970721 2 401.71
49963 19980713 5 226.60
19597 19970826 3 107.19
88677 19981114 5 142.65
64857 19980207 1 37.83
08387 19981030 10 230.78
66179 19971025 5 270.46
39570 19980701 2 469.71
13711 19980509 4 61.45
28345 19970226 10 67.00
86141 19971130 11 420.91
06005 19980813 12 317.44
89703 19981130 7 412.16
02094 19970628 12 238.60
83188 19980706 2 121.43
13952 19981127 10 74.28
03389 19980321 8 353.48
74106 19981201 11 266.55
65590 19980316 11 361.39
69370 19980927 2 390.30
06360 19981019 4 60.58
05294 19980826 12 9.93
74274 19980919 3 411.66
32510 19971017 6 495.09
96145 19980125 7 447.31
11993 19981114 10 190.15
63651 19980825 4 278.00
23823 19980102 11 12.53
44266 19980120 3 269.96
02915 19970718 11 426.55
47646 19970804 8 40.00
10177 19980927 12 421.74
94486 19980829 5 493.42
93590 19980612 4 202.43
05865 19971220 7 65.37
50203 19980521 11 354.44
79522 19981105 8 469.95
55575 19970106 2 157.88
46861 19970124 12 312.70
70407 19980531 3 291.51
96382 19970327 11 393.71
27300 19980217 9 73.63
92480 19970218 8 341.71
55010 19980919 4 216.03
37484 19970805 9 344.17
54345 19970217 5 171.07
71373 19970120 5 161.45
29400 19971105 6 230.97
00382 19981011 10 159.11
62513 19970831 4 368.23
73052 19980307 5 183.87
29904 19971010 12 94.59
62864 19970406 10 309.69
26363 19970115 6 141.55
48869 19970618 6 360.39
65723 19970312 11 447.85
48934 19970601 5 443.05
45639 19970506 7 483.85
11945 19971124 4 8.43
64819 19980801 3 188.59
95831 19970915 7 351.05
51045 19981128 10 101.27
99938 19980806 1 372.63
80633 19980330 8 321.40
92813 19980906 3 480.18
33718 19970507 2 487.64
34574 19980505 7 388.02
80082 19970305 11 178.00
49259 19970717 7 463.67
65177 19970507 8 222.39
62954 19970530 10 292.03
78958 19970623 7 350.01
58820 19980706 4 413.20
08520 19970112 8 364.68
45728 19980814 2 145.55
32174 19990101 1 406.09
05269 19980920 8 18.90
34553 19970819 11 400.61
98306 19970131 6 316.84
16694 19980502 1 429.41
80117 19970412 3 273.18
66731 19970912 4 331.25
10689 19981026 6 306.39
93789 19970822 5 460.83
83986 19971115 9 319.94
88165 19970207 12 115.77
38163 19970216 8 223.14
98679 19981129 12 331.32
62982 19970919 7 16.22
89644 19970529 6 123.27
64721 19970118 7 262.24
64847 19970518 2 69.06
11057 19980910 4 5.45
08464 19981201 12 221.07
80042 19970309 2 50.19
27800 19981109 3 120.54
48473 19981025 12 128.84
02970 19980629 4 417.26
60278 19980304 6 372.45
63560 19980607 12 95.59
74450 19980318 4 52.64
40832 19980328 8 177.91
16034 19980906 5 488.54
40078 19970506 10 54.77
18717 19970315 10 223.08
18389 19970727 2 209.31
38349 19980305 11 350.34
71420 19970302 12 370.67
53411 19970406 2 234.82
28496 19981118 5 442.94
73301 19970502 5 329.56
70167 19971219 8 298.99
41616 19970512 9 347.61
91313 19971230 11 330.14
18670 19980213 12 298.54
74747 19970425 8 159.88
25879 19981112 8 430.69
32854 19970313 1 460.82
50573 19970716 12 299.66
57222 19971212 11 81.79
54674 19971031 9 308.26
63771 19980819 7 142.69
04172 19971004 2 241.98
91636 19981227 1 113.37
86569 19980118 5 249.06
93384 19971219 8 286.29
64862 19980107 11 184.07
03765 19981023 10 31.66
24030 19980625 6 468.55
40568 19980612 12 128.95
33672 19980220 1 239.09
34863 19980328 6 445.47
75742 19971030 2 61.67
65944 19970707 5 18.67
94050 19970208 10 238.41
42077 19980127 12 217.85
87661 19980305 5 233.40
83313 19980827 6 443.17
45891 19980521 8 242.82
83294 19971125 2 77.59
97975 19980106 3 23.09
07172 19980920 10 188.75
13508 19980831 5 494.28
38550 19970207 6 110.47
45629 19971012 3 206.16
21551 19970301 8 210.49
69798 19980628 4 388.51
38851 19971125 10 211.12
81534 19970411 11 360.12
17593 19970527 6 73.90
54645 19970313 6 173.04
29835 19970328 9 204.08
14715 19980131 5 477.42
58545 19980705 7 465.98
72241 19981014 1 92.70
08202 19970526 7 165.39
63907 19980710 5 483.74
99940 19980205 8 299.95
83898 19980427 1 458.01
00539 19970411 1 215.99
26934 19981030 8 278.85
50596 19980901 7 263.47
92030 19981020 8 220.64
86895 19981214 1 98.00
83334 19980923 11 404.22
80748 19970906 9 71.29
38515 19970907 7 106.04
97135 19981005 4 347.72
24641 19970715 9 344.34
30051 19971117 7 264.11
11170 19980318 2 206.50
99902 19980428 1 446.37
61583 19971106 1 57.77
16740 19971110 6 129.34
56077 19970711 9 187.19
19307 19980210 7 257.45
97782 19971209 8 478.88
03184 19970816 9 23.73
56862 19970412 5 427.33
50141 19970127 3 251.19
06207 19980725 6 221.58
93460 19971210 9 61.32
67194 19980831 4 188.38
68016 19980418 5 465.57
08513 19981003 3 317.78
51851 19980126 9 67.26
52532 19970627 7 352.39
65129 19981220 9 382.79
23985 19970623 3 302.18
17505 19980811 7 419.29
08922 19980928 9 150.53
10728 19970125 10 46.59
16756 19970125 9 484.18
34059 19980829 10 425.45
90377 19981010 12 155.55
50873 19970908 7 483.90
90298 19970807 12 370.97
01609 19971119 4 411.23
17062 19970924 9 286.19
71222 19970318 3 40.19
87283 19980620 12 60.35
28243 19970609 11 314.78
87775 19980210 5 410.18
92477 19980202 4 97.85
11791 19970517 7 166.26
47361 19981103 3 230.41
38931 19980727 7 76.92
66426 19971003 10 89.30
18739 19970530 9 250.41
59762 19971227 1 307.93
51799 19971218 5 173.58
80358 19971128 5 422.23
43223 19970815 1 285.04
97863 19980903 9 407.17
02362 19980609 12 31.48
89206 19980623 4 215.61
66821 19980206 12 192.10
62025 19981029 2 382.26
52242 19980815 8 329.50
65598 19971120 11 295.11
09868 19980817 11 239.94
25907 19980323 7 95.88
48707 19971103 11 124.85
55197 19980325 6 439.68
62029 19970911 8 410.43
53946 19980213 2 272.09
65237 19970221 12 190.44
95194 19970409 6 51.16
52445 19971215 10 406.14
98857 19970430 1 466.03
69183 19980416 7 376.59
71631 19981118 7 311.25
48866 19980220 2 423.72
07677 19981001 3 35.13
83950 19970411 9 451.16
50004 19980211 6 479.48
52575 19980603 10 293.61
77896 19980722 9 258.74
23115 19980616 11 212.84
19322 19980619 2 445.03
94503 19980413 3 418.65
40475 19970524 8 292.54
37684 19980418 10 445.94
93845 19971215 11 245.15
81080 19971217 4 315.45
88896 19980304 9 165.06
49941 19970717 1 230.89
38640 19970316 3 81.95
10721 19971222 3 485.49
97975 19970519 3 224.99
70145 19970614 5 474.98
40741 19981104 6 184.04
83333 19970316 7 493.43
91810 19970701 8 203.94
18545 19980713 7 408.32
68493 19970722 12 95.33
33970 19980319 12 353.71
77322 19990101 5 64.88
55022 19970826 11 170.17
90669 19970326 1 86.38
38687 19980606 11 36.64
79300 19980815 4 464.10
13303 19980312 8 116.11
96991 19970224 7 392.98
62370 19970106 1 224.76
83119 19980821 10 114.72
33516 19970724 1 239.94
94246 19981212 6 49.54
37354 19981103 8 186.36
11013 19980612 3 20.91
66700 19980812 7 375.54
78081 19971231 4 334.93
11804 19980524 11 270.95
79804 19980201 4 146.94
99320 19971231 11 66.93
94663 19971118 2 180.45
28883 19970903 8 104.38
54429 19980422 4 446.72
40481 19980126 6 173.99
27501 19980930 1 144.27
11445 19970807 3 28.57
19739 19980519 11 68.56
53939 19970825 7 343.83
50382 19971220 2 237.78
26357 19980316 1 13.17
43432 19970302 8 268.24
07580 19981017 11 300.71
73705 19970319 6 360.44
87829 19970615 6 282.87
60727 19980702 5 472.30
16850 19970727 5 15.40
29707 19980620 5 27.97
16365 19980807 11 142.19
43183 19980830 7 466.76
62172 19970330 8 258.23
04960 19970901 7 115.71
11322 19970721 3 236.62
13742 19970408 2 377.74
88185 19970905 9 19.56
49787 19971202 6 414.26
72916 19980603 12 175.36
70744 19970719 12 347.61
62224 19980828 1 319.14
03441 19970627 8 190.58
20642 19980910 6 72.39
99053 19970925 3 130.29
73845 19971125 4 383.50
86875 19980917 7 258.43
09354 19970715 3 402.81
92849 19980526 3 402.47
49593 19981231 8 488.56
50704 19980922 9 117.75
59943 19971122 9 230.65
83291 19970621 11 324.11
64637 19980123 9 449.99
73985 19970810 12 457.89
24266 19970517 5 227.89
31383 19970207 5 302.94
61946 19981019 12 227.60
00277 19980522 1 87.01
35332 19970427 5 437.26
65530 19970316 11 252.69
94690 19981018 4 156.37
17883 19980927 3 329.91
42030 19971209 2 437.39
59203 19981012 4 19.28
10010 19980601 10 441.87
23121 19980831 9 71.52
83498 19971230 1 283.26
22377 19980307 12 468.57
04047 19981029 11 422.99
15510 19980112 1 250.45
29924 19980805 5 330.22
47529 19980507 9 321.61
24289 19971210 5 193.54
27074 19970516 8 494.44
30383 19980704 10 389.57
08589 19971023 12 77.47
51790 19980117 8 467.81
29634 19970726 3 169.58
19047 19980801 1 466.04
37426 19981106 3 443.44
76828 19971210 1 83.66
71615 19980726 11 173.61
81094 19971130 11 141.17
73366 19971222 1 393.08
69151 19970113 3 429.08
47782 19980826 1 67.43
97536 19980820 2 138.91
92272 19970112 1 352.58
99062 19971004 8 12.88
07163 19970112 11 241.40
76131 19970717 4 180.12
60713 19970619 5 89.23
32365 19980409 4 311.59
23930 19980728 1 285.25
11068 19970325 10 115.97
44029 19971230 8 218.18
29807 19970115 4 281.10
82824 19981231 5 57.80
99962 19980414 9 473.66
03566 19980320 6 157.68
72475 19980914 10 367.94
20460 19970330 8 200.77
87967 19971211 10 41.81
76471 19980623 8 358.94
18451 19981005 12 360.71
93550 19970730 7 340.62
51400 19980729 12 73.05
33515 19970919 1 455.89
67911 19970402 6 185.87
66452 19971107 5 78.42
03349 19970830 5 228.94
46688 19981226 3 375.91
01642 19981026 2 353.14
02621 19980804 6 101.73
72391 19980328 4 445.37
63178 19970316 6 401.16
89312 19970404 1 431.46
91773 19970116 1 103.39
24571 19971124 4 240.15
75332 19980216 6 96.23
12827 19981107 10 68.06
22831 19970809 9 219.13
74715 19980604 9 292.32
97736 19970212 6 223.05
89653 19971205 3 32.31
30882 19970128 1 328.85
29003 19970528 9 136.52
21078 19970326 4 127.20
76479 19970622 11 240.39
86440 19970209 4 188.86
71788 19980320 1 145.17
64266 19980625 9 375.19
83570 19970309 9 477.62
19288 19970906 3 487.36
08999 19970702 7 345.29
41071 19980218 9 174.21
73753 19981018 7 192.80
41427 19981111 5 94.23
16217 19981125 2 263.36
73028 19980808 12 431.35
64467 19980516 2 90.79
22565 19980317 9 214.75
85184 19971102 4 280.36
44623 19970114 7 236.76
31684 19970812 2 441.17
96561 19980508 9 368.51
17066 19971114 12 454.16
07890 19981127 2 425.97
86072 19980721 7 25.73
22308 19970413 6 10.54
23502 19970228 5 480.95
19812 19970312 10 146.39
23121 19980629 2 377.77
93246 19980218 7 307.07
52652 19981210 3 235.57
42465 19980430 1 338.83
86166 19980928 6 367.85
16780 19981119 12 5.09
49205 19970131 10 40.05
84087 19980825 5 444.70
24812 19980422 8 419.21
19968 19970213 6 265.47
86780 19980225 8 48.53
38942 19970222 7 414.06
79787 19980206 8 421.16
01252 19970114 8 15.90
82839 19970211 5 314.54
27755 19980512 9 439.12
79331 19970729 8 200.46
30134 19970825 7 20.33
27925 19980511 7 288.87
86930 19980915 12 387.04
22120 19970825 10 169.30
36676 19970103 2 416.05
89966 19980706 5 65.99
47274 19980203 7 47.73
37879 19971111 5 113.18
54975 19970302 10 152.58
86926 19980618 1 454.43
61889 19971203 10 45.47
76531 19970213 9 217.48
12152 19970821 3 416.83
19955 19970325 8 98.62
30790 19980109 9 285.47
01167 19980925 1 288.62
53380 19980117 3 252.11
40183 19980824 7 63.98
47527 19980331 7 362.30
70727 19981202 7 440.23
64377 19981012 4 416.51
05341 19980911 5 299.60
10162 19970928 9 271.06
11927 19981107 3 333.05
01017 19971006 10 175.97
73060 19980501 8 480.74
29165 19980705 5 244.61
96580 19970619 3 34.87
21488 19980129 8 460.93
17338 19981116 9 80.96
01174 19970711 12 254.54
22320 19970813 2 254.80
39259 19981222 9 171.08
91139 19970819 6 347.80
78720 19980717 3 174.84
77189 19970502 11 149.32
77636 19980207 7 70.51
88661 19981115 7 193.51
53576 19980313 11 261.15
18552 19970919 7 157.71
19581 19970724 1 323.44
26311 19970624 7 488.20
60798 19980418 7 395.23
28218 19970328 11 255.16
32202 19980613 8 316.10
75485 19970928 2 37.33
76483 19980211 11 472.16
18336 19980225 9 25.60
58179 19971216 11 34.31
94221 19980218 3 344.54
23414 19970201 11 217.17
76234 19980823 10 151.19
57112 19980216 10 184.48
18842 19980615 5 476.18
78001 19970821 5 259.46
34397 19971222 2 98.11
62298 19970524 8 345.43
46262 19970519 10 454.99
91434 19981006 9 208.03
04930 19970111 11 188.38
07551 19970424 10 15.57
69530 19970903 5 108.28
55695 19980210 4 73.59
13679 19980615 9 242.97
80496 19980226 9 368.53
67097 19971211 8 175.94
42736 19970112 9 168.91
15263 19980303 10 47.56
87184 19981005 10 398.19
65932 19980424 11 135.98
35244 19980907 10 413.35
52076 19970205 2 157.72
71224 19981129 4 332.97
37802 19980607 2 273.37
72218 19981019 4 281.40
62398 19981015 2 76.22
24499 19980601 10 277.91
37166 19980225 11 177.43
52453 19971227 6 444.30
07933 19970507 11 385.11
72960 19970801 1 171.80
32242 19981231 9 288.84
09832 19980122 9 50.61
71599 19980815 3 465.40
44792 19980516 4 25.82
65492 19980421 7 134.63
94815 19980516 7 126.96
77340 19980604 9 172.49
61772 19980913 8 301.20
03122 19980518 11 120.07
64187 19971017 3 236.29
74124 19980617 11 15.97
61859 19980218 5 273.29
50116 19980817 4 434.82
30735 19970813 7 304.35
26546 19970425 11 294.21
39686 19980210 6 442.95
17093 19970214 6 468.96
72920 19970414 5 149.72
27542 19980412 10 366.72
12377 19971224 9 17.84
00660 19981206 3 14.67
58374 19970113 8 470.80
65485 19970512 8 260.75
58602 19970216 4 62.34
18551 19980226 2 350.86
35043 19980127 10 273.61
31187 19980826 6 51.41
59838 19971102 12 390.80
65746 19980402 12 446.36
48505 19970327 1 404.23
35890 19980816 2 224.27
79153 19970606 4 250.90
86070 19980309 6 407.30
29359 19970623 4 318.01
09649 19970711 4 431.01
48015 19970323 7 473.46
08254 19981108 12 221.93
42344 19980308 3 272.90
71889 19971005 10 250.70
44509 19981222 5 418.34
64298 19980206 8 74.56
13397 19970117 2 101.56
61138 19970211 9 468.39
79799 19981030 10 96.50
57948 19980312 11 289.16
61975 19970726 12 197.32
51489 19980607 3 129.17
07289 19970204 12 167.83
81363 19971106 11 64.07
56954 19980826 3 485.08
64844 19970608 3 80.17
17698 19980102 5 239.20
58571 19970405 9 312.72
57546 19971003 5 58.02
70369 19971107 2 323.91
16111 19970822 5 24.53
74074 19980613 4 72.83
73042 19970403 2 172.23
34713 19980510 3 440.52
26210 19970313 2 43.72
00968 19971028 7 115.02
80090 19981111 11 31.72
91581 19980414 10 328.53
98285 19981104 5 82.29
35359 19970313 6 259.32
09857 19970627 11 358.81
04504 19970914 4 150.96
83813 19971210 7 321.39
48727 19980611 11 51.95
14377 19981023 1 494.43
30049 19980925 1 446.54
14188 19971217 10 45.01
85996 19980525 3 148.79
43677 19970920 4 302.54
36786 19980321 6 477.70
41301 19980527 2 295.48
22419 19970325 4 155.83
23669 19980522 5 387.32
74921 19980116 6 187.92
63461 19980826 2 339.11
13622 19980816 12 88.65
52914 19980322 8 410.24
20265 19980403 1 306.36
79334 19981008 3 18.73
55840 19980531 6 493.38
35799 19980710 2 294.22
35546 19970316 5 138.34
34741 19980424 11 31.52
64515 19970905 12 385.50
02017 19980124 7 243.63
49079 19980104 4 455.90
98522 19970410 10 234.81
46883 19980201 3 461.93
10360 19970404 7 119.86
38314 19970204 8 229.14
74076 19981104 11 225.98
74039 19980704 4 24.71
14773 19970619 1 229.97
70623 19980211 1 173.23
74700 19971015 1 454.46
72517 19981011 8 136.26
73630 19980122 4 370.20
52434 19971011 11 22.71
17082 19970327 9 313.04
10594 19980703 3 100.19
29703 19981121 7 487.97
34287 19980812 10 38.64
07630 19970626 6 103.72
10868 19971226 12 318.13
50438 19981023 7 156.96
81935 19980120 10 473.75
39534 19980126 1 490.19
08355 19981223 9 61.17
46836 19980615 5 71.78
96101 19980702 8 426.40
68840 19981128 10 58.44
28382 19970603 10 459.89
85928 19970703 5 375.79
12382 19970209 10 423.20
45295 19970308 12 425.80
61897 19971121 10 14.55
40692 19970311 10 174.08
17750 19980220 4 441.81
75735 19981022 9 346.87
87214 19971214 8 185.53
61772 19970223 2 151.37
94438 19970312 3 369.55
63237 19981017 8 393.23
13304 19970831 6 71.05
02291 19970915 6 360.42
67477 19970429 2 262.89
91133 19981014 9 144.96
58813 19970801 2 197.45
77450 19980316 6 284.27
83361 19971011 3 327.32
11237 19970511 8 137.92
85844 19980302 11 332.77
81276 19980512 3 314.21
24243 19980605 12 375.13
00092 19980328 8 148.05
71191 19980423 10 202.56
69080 19970316 5 157.23
44386 19980625 3 442.53
62420 19980916 3 136.00
93495 19971216 12 161.84
11453 19970409 6 124.90
94651 19971008 10 196.67
45661 19980903 10 346.59
05417 19971019 1 463.71
07083 19981002 8 235.47
84563 19980530 10 479.21
59941 19981106 8 381.25
49343 19970707 9 283.11
49488 19970730 1 439.19
83650 19980405 11 64.92
08842 19970420 3 458.07
86713 19971215 8 47.30
50288 19970822 11 389.65
51577 19971205 6 482.51
41507 19980818 2 493.14
59346 19980906 6 61.38
05205 19980401 12 200.05
72233 19980405 11 132.31
19049 19970417 4 400.02
38295 19980220 8 221.72
82616 19970905 8 242.77
08462 19980227 10 390.68
76930 19980724 2 482.34
92459 19980314 8 368.35
25277 19981212 3 320.43
71599 19970207 12 397.55
70680 19970906 10 193.32
78546 19970502 2 59.11
33043 19970124 4 329.93
83023 19971223 8 402.88
24094 19980712 7 106.17
82000 19970316 12 381.33
65738 19980303 10 419.48
97211 19970119 8 421.27
88488 19970607 5 128.40
56341 19970202 9 272.17
00162 19980711 2 43.53
65862 19980107 6 257.18
12799 19981007 1 447.05
88001 19971228 5 433.10
97906 19980417 3 115.12
61114 19980401 3 69.13
02423 19970307 6 473.84
39869 19980208 8 404.96
21153 19980108 8 96.22
31341 19981010 12 69.13
25688 19970724 4 80.69
52909 19970919 11 252.83
15238 19970811 9 458.06
34125 19970824 9 280.60
13613 19980517 1 449.40
69733 19981110 8 184.90
07809 19980806 12 407.61
13628 19971119 8 49.33
58100 19970712 1 335.86
79341 19970215 11 416.91
87861 19971026 9 385.49
40538 19981108 8 38.66
05235 19981008 8 5.34
45578 19980925 9 367.19
58702 19980402 5 396.38
27907 19970612 8 436.70
59569 19971217 8 277.22
36281 19980201 4 366.15
50682 19970926 3 73.90
86201 19970716 2 476.61
98312 19971203 2 6.27
37711 19980217 7 266.32
10253 19970126 3 262.28
33123 19970912 1 96.23
19721 19970412 10 250.77
93761 19981023 5 22.07
54385 19980311 6 204.96
85144 19980928 12 169.06
87873 19970712 8 133.67
33992 19970307 12 353.44
59512 19981110 9 496.55
85339 19970820 12 271.69
16195 19980130 11 89.39
11428 19980707 8 281.58
34978 19981002 1 7.35
71209 19971022 6 230.02
15544 19980823 12 421.17
66357 19980720 12 35.87
69006 19980408 3 473.75
79168 19971031 3 144.92
46979 19971114 11 257.29
31493 19971123 8 9.67
70439 19980219 2 364.81
63157 19981027 12 43.53
91636 19970405 9 42.19
06216 19971026 7 147.04
52217 19981023 8 450.25
97733 19970723 8 343.27
89030 19980428 8 118.02
08773 19970909 2 88.24
29771 19980118 8 202.87
56001 19980330 9 128.38
92385 19970816 3 210.48
75133 19970709 3 424.14
46724 19970423 8 299.82
67553 19970530 8 234.07
13262 19980827 11 187.22
04645 19980507 7 158.67
04198 19980520 11 19.27
64888 19980620 3 163.39
17125 19980331 3 293.53
51768 19980827 1 173.82
74222 19971201 5 106.83
39028 19970731 8 76.92
46781 19970304 10 40.61
11864 19980818 3 287.96
28251 19971224 9 72.77
33979 19980408 12 450.74
18512 19970812 2 132.39
00627 19970801 7 286.35
27655 19981119 8 184.43
72902 19980511 12 100.28
26020 19981122 1 225.42
39000 19980925 2 104.00
17715 19980420 12 158.69
43499 19980326 7 16.61
60414 19970120 5 254.04
80032 19980208 2 312.29
41108 19980304 8 148.87
94254 19970527 2 402.45
26871 19970912 5 402.17
41075 19971013 6 57.05
13193 19970706 11 460.73
11072 19970905 8 476.38
58038 19980914 5 478.95
86062 19981023 11 76.32
44686 19980326 3 453.10
23677 19970213 10 22.78
14095 19970128 4 132.42
33339 19970406 4 284.77
35446 19980802 7 240.51
37299 19971018 11 143.61
20528 19971029 12 290.18
14970 19970918 9 137.25
24055 19980204 7 440.80
24487 19971223 6 39.17
71916 19970403 2 277.87
48156 19970925 8 160.15
73971 19970515 11 89.45
05583 19980422 9 119.59
51476 19970215 5 36.59
94632 19970630 1 327.03
73924 19970721 11 88.12
33001 19970806 4 409.22
89059 19981125 5 23.70
54600 19981124 3 378.59
21739 19980807 12 275.21
92407 19970602 11 292.47
48737 19980424 10 441.79
67510 19980103 7 331.12
56369 19970820 1 368.08
90905 19970517 6 234.99
40339 19980628 2 408.14
47527 19980609 1 257.35
20356 19981115 2 85.12
67103 19970312 12 98.78
99827 19981231 1 8.44
94305 19970202 6 187.04
02156 19980913 9 499.75
50433 19981228 4 476.89
77450 19971120 1 243.58
36906 19981208 7 153.56
22724 19980902 1 496.55
24912 19970526 8 149.57
16435 19970701 11 419.85
66261 19970502 3 277.22
60022 19980911 6 282.45
53601 19970629 10 382.53
30245 19971107 4 7.64
90364 19970223 5 496.01
09474 19980709 9 400.15
42919 19971217 3 82.18
72175 19970227 3 201.63
16844 19981101 10 161.17
85670 19980220 11 140.62
09756 19980320 11 380.60
86118 19980416 3 87.90
91341 19970619 11 216.84
87347 19980804 7 299.09
69266 19980914 4 5.26
47798 19970911 11 370.98
59876 19971101 6 116.44
91149 19970713 7 392.11
64362 19980917 10 461.21
42415 19971224 6 422.76
71004 19970126 11 216.92
75456 19981204 8 128.14
35012 19970524 7 183.48
05570 19980505 5 228.28
82465 19970929 10 452.69
00301 19980720 8 264.77
05977 19971009 1 201.51
77111 19970220 10 75.15
40422 19970402 11 350.18
50122 19981107 11 385.05
99884 19980418 10 292.25
69769 19981004 8 142.08
28697 19980301 10 278.87
56135 19970407 2 101.43
32446 19970520 9 381.56
33292 19981110 6 389.32
99592 19980604 8 216.45
28480 19980723 4 294.83
15365 19980501 9 143.99
30297 19970921 3 81.96
09648 19970201 4 205.74
13852 19971017 10 227.13
95265 19981029 2 469.98
94648 19970806 1 405.21
63277 19980222 6 63.12
97449 19970315 12 462.03
31881 19970405 1 87.36
55083 19970729 6 334.03
93365 19970613 2 415.89
03891 19970827 5 198.17
20086 19980531 11 44.42
83100 19980727 7 141.74
72771 19980313 3 132.37
20165 19970324 1 458.41
94249 19971030 10 117.86
51521 19981205 12 247.55
20234 19971126 8 364.03
63282 19971009 10 84.88
27298 19971223 12 227.49
80664 19980925 2 12.98
93474 19980812 3 26.68
61712 19970306 5 468.59
33070 19980114 1 102.00
08393 19980824 12 100.12
56868 19970812 11 113.81
56151 19970722 8 225.10
19590 19980708 3 35.33
45596 19971225 3 291.16
26759 19981128 6 489.90
34091 19980613 7 90.28
30601 19980124 7 464.20
13854 19980420 2 204.93
41958 19980101 1 264.39
50271 19970710 8 192.36
68050 19971205 7 60.76
18667 19970707 5 372.71
49175 19971021 11 71.43
10100 19980930 10 461.04
36816 19980304 5 363.80
49204 19980908 2 257.14
20733 19980530 8 99.07
06136 19981217 1 389.20
17245 19970307 10 342.17
87728 19980405 1 85.52
35505 19971003 9 202.09
35385 19980715 3 135.27
64896 19980525 11 342.81
57453 19980221 1 455.88
86260 19970304 5 346.05
95758 19981103 3 376.68
30563 19970810 4 299.57
90202 19970818 3 50.31
84151 19980114 3 272.54
32015 19971021 6 134.40
47641 19970624 2 220.87
92051 19970426 4 161.18
17319 19980825 2 55.85
10656 19980506 8 37.03
68887 19971127 1 21.55
73296 19970329 8 289.61
96216 19980418 7 266.71
11761 19970703 2 497.03
90521 19970709 6 193.29
38701 19980522 4 169.03
30079 19980215 9 176.19
60368 19980312 1 143.02
25854 19981013 2 130.70
65201 19980712 1 216.73
02231 19970503 11 126.25
12892 19980821 11 188.52
64106 19980113 10 99.07
49428 19981122 12 251.10
09246 19980719 8 346.45
66997 19970425 8 427.26
48024 19980810 1 437.11
06813 19970102 11 303.53
36335 19970915 4 63.76
86873 19981017 10 345.00
90750 19980323 4 382.32
82249 19970419 6 384.26
36890 19970820 12 448.30
44755 19970223 10 72.15
62714 19980613 2 107.28
87956 19970223 10 169.24
11537 19981127 10 439.24
12553 19980808 5 90.56
29835 19981127 1 370.35
56522 19970605 6 299.80
83814 19971118 11 329.88
81154 19970111 12 367.90
33738 19970914 10 261.66
91682 19970227 3 86.95
25665 19980804 2 111.56
39323 19981215 9 388.48
95558 19970223 8 225.38
92286 19980110 5 290.36
66659 19970425 10 400.82
51083 19980112 11 430.38
22962 19970809 7 86.69
07131 19971118 7 109.17
46995 19981002 9 143.12
51027 19970212 7 482.97
43247 19970117 5 142.48
67704 19980524 6 77.66
27875 19970120 7 80.29
53487 19981221 1 358.43
28121 19970326 11 96.53
67383 19970522 1 346.72
79374 19970125 9 261.81
45202 19980604 10 442.87
58473 19971108 7 452.88
69613 19980602 10 427.50
69395 19980316 8 455.24
05861 19980619 12 416.78
50000 19980618 9 297.03
27700 19980112 8 191.33
21441 19980111 3 6.91
79768 19971116 9 124.63
89917 19980719 1 48.15
42263 19970520 1 234.63
56017 19980730 8 230.67
91539 19970426 1 90.06
88826 19980628 9 150.47
87515 19980801 7 144.65
09674 19980127 4 63.89
53945 19971009 11 392.12
35673 19970914 7 134.15
17437 19981223 1 454.50
40489 19970418 6 150.04
19248 19970401 9 274.93
09901 19980122 11 256.20
47079 19970611 9 358.03
47092 19981004 3 70.36
07655 19970604 1 440.42
94063 19971223 4 76.73
54308 19971130 7 209.43
26543 19970530 4 88.52
65307 19971218 11 195.80
88831 19970905 8 263.82
13025 19971014 10 12.06
58738 19970226 7 235.40
67405 19980326 10 177.20
70615 19980517 5 59.09
28456 19971030 7 261.97
70015 19980905 1 286.33
60495 19970502 11 16.52
14268 19970917 4 299.24
11090 19970324 2 470.88
32457 19981123 2 265.64
30974 19980719 8 450.54
59226 19970320 6 254.33
07383 19980419 7 486.93
68305 19981115 4 245.19
42940 19971012 6 157.01
20093 19981129 6 260.64
88973 19980408 10 218.55
08973 19981230 7 397.22
75582 19981115 6 264.05
89682 19971029 11 177.89
33705 19971207 8 463.74
83492 19970128 12 328.98
75334 19970122 1 105.81
54681 19980111 9 40.05
01319 19970329 5 397.49
12363 19970617 6 454.41
05888 19980403 4 250.07
72887 19970708 1 106.03
64907 19980914 6 108.55
18062 19980510 1 479.22
06339 19970714 2 17.19
70883 19970915 11 402.58
36928 19981013 11 343.09
49367 19970312 6 281.46
06440 19981004 7 189.78
07976 19980508 2 47.66
16070 19980609 8 386.92
49020 19980131 8 477.32
88583 19980824 4 350.03
29014 19980927 9 226.60
81224 19981101 12 371.46
42806 19970209 12 475.28
40922 19970503 2 83.97
97169 19980127 12 273.19
09377 19971218 11 12.68
93629 19980527 9 340.08
99730 19970114 6 454.02
51145 19980806 1 415.46
29815 19971102 4 34.52
18472 19980128 9 126.43
03198 19980729 11 254.23
22334 19980312 7 432.35
56142 19980831 11 145.65
72958 19981217 8 391.64
33619 19970918 12 396.90
50663 19970318 7 330.93
87544 19971014 7 413.19
63966 19970323 7 355.19
81395 19970729 1 136.07
93275 19980223 8 237.99
66038 19970205 8 114.98
57618 19970501 1 245.38
91028 19980114 1 447.54
74671 19981117 8 130.10
70265 19980514 10 88.60
18714 19980617 8 11.29
59094 19970520 3 492.45
81193 19971125 8 149.63
44432 19971108 6 121.30
95680 19980804 11 192.37
18277 19970404 12 456.29
95739 19980309 2 42.28
69479 19970327 6 117.55
16184 19980102 5 7.14
88549 19980218 10 363.25
46175 19970608 1 421.40
63620 19980912 6 468.73
46668 19971216 8 315.08
11253 19980303 10 253.52
02646 19981217 9 45.78
65958 19980722 1 301.52
38763 19970416 10 306.58
80425 19970702 11 366.94
62977 19970130 4 66.92
07478 19980413 12 443.43
51211 19980310 9 87.89
21376 19970525 11 226.05
06602 19980226 1 363.16
74164 19980112 5 364.81
92038 19970326 3 400.00
55396 19980802 11 110.74
37985 19980822 12 283.79
52123 19970802 2 116.29
52066 19981206 11 242.42
91085 19980118 2 217.56
76404 19971107 10 232.52
53579 19970717 4 344.61
31866 19980512 1 269.21
57632 19970713 10 88.22
31666 19970507 7 450.69
35339 19970125 5 394.19
12578 19970107 10 17.39
81190 19980719 9 470.30
56881 19980513 6 7.22
71655 19981017 7 471.62
59577 19971209 10 373.68
35729 19970505 7 408.68
06659 19980320 11 445.93
63097 19980721 6 271.58
09641 19980913 10 203.79
42740 19970714 12 296.35
86618 19980220 3 130.34
41405 19970308 6 180.96
71142 19970720 12 359.09
45751 19980902 8 110.92
00234 19980216 6 168.71
45053 19981118 3 340.95
78083 19980911 10 23.38
70878 19970303 5 278.08
97879 19970816 2 123.99
23607 19970729 2 218.29
74115 19980721 6 130.21
10280 19971103 7 235.59
24129 19980313 1 408.25
75658 19981001 8 415.57
87646 19980426 12 121.24
62673 19980510 3 340.98
28109 19970818 4 145.40
55882 19970926 6 373.78
04809 19970420 7 331.29
21327 19980403 7 123.21
37833 19980304 11 305.39
52353 19971004 3 169.43
67309 19971028 11 398.25
44856 19981217 6 27.65
60567 19971114 12 281.12
15582 19970506 3 130.57
25151 19970227 10 52.48
36711 19970225 4 270.55
62865 19980330 7 263.69
76326 19980706 8 237.42
05717 19981224 7 169.22
52326 19980705 11 384.77
16830 19980512 9 319.40
11668 19970510 2 397.02
25437 19970421 7 158.91
63121 19970811 5 41.69
36823 19971002 5 26.28
06105 19971216 12 52.79
34675 19970609 5 411.64
28242 19981023 2 315.54
54687 19970724 3 10.54
36937 19971121 10 349.39
76546 19980719 3 419.20
47013 19970525 4 475.99
45630 19970906 4 440.88
70488 19970129 12 199.16
20667 19980509 11 363.42
86011 19981125 7 59.86
95238 19981122 6 179.54
64197 19980120 8 356.15
06155 19971109 6 487.77
11305 19980213 1 28.23
51773 19980705 2 169.32
98334 19980911 5 39.04
06749 19980404 7 461.86
31397 19970929 3 401.58
94586 19970406 12 154.78
61317 19971205 6 13.86
31115 19980921 3 193.84
78798 19980518 12 279.03
27081 19981201 4 323.97
64102 19980517 5 273.94
04164 19970213 6 405.75
42404 19980922 12 142.80
63322 19981017 3 56.14
01373 19971226 5 466.23
60485 19980914 10 124.88
56678 19970525 8 400.73
82490 19971207 9 293.01
99779 19980118 9 61.30
09514 19970315 2 443.25
21864 19980309 7 102.60
06143 19970114 8 475.48
80337 19970928 8 238.46
90745 19980306 10 368.72
13145 19980502 10 207.83
73849 19970430 12 44.37
86415 19971215 2 27.08
13901 19970508 5 476.62
13098 19980322 6 335.85
58950 19981004 4 193.44
32901 19981219 8 377.74
44080 19980629 10 297.36
77286 19980911 6 201.20
34655 19970801 5 194.20
18813 19980421 8 140.50
40576 19981118 6 485.82
05289 19981211 1 22.25
98783 19981230 3 192.45
91429 19980820 11 153.04
38513 19981219 1 26.97
16697 19970425 2 323.40
37741 19980717 5 228.07
38375 19971113 3 131.17
45247 19980226 1 341.80
78100 19980701 2 325.49
57653 19981227 8 192.70
06075 19970721 3 477.25
94657 19971126 9 238.62
70678 19970304 5 381.36
57064 19980325 11 405.52
57046 19980219 6 429.24
32892 19980106 1 328.63
80693 19981215 10 456.88
54692 19970624 6 200.08
88233 19980323 1 406.42
09427 19970219 1 10.56
02579 19971017 3 209.91
88510 19981029 11 431.33
81116 19970116 7 153.35
87918 19970318 2 359.28
28780 19981005 10 49.54
24640 19970127 2 471.35
34325 19970803 2 162.90
37627 19970322 2 339.92
38556 19970101 8 473.04
96777 19980418 1 58.75
05925 19981119 11 104.97
90189 19970930 1 392.97
11644 19980224 6 198.38
42991 19970309 2 27.45
00586 19970121 9 138.90
13772 19970110 6 344.29
05495 19980217 10 75.67
82008 19980114 4 399.62
63161 19980529 7 325.14
90907 19971217 2 167.90
17098 19970509 1 206.80
48740 19980913 5 277.96
04916 19971117 9 86.10
36447 19970919 2 297.71
74931 19970211 6 379.91
80441 19970328 6 237.71
38620 19980603 8 223.72
72775 19980307 10 242.75
87376 19980624 1 331.08
65691 19980325 11 71.06
32723 19980109 5 262.46
53394 19971108 1 254.69
58022 19971009 2 307.81
99897 19971220 5 366.88
48672 19971227 7 370.20
64779 19970615 10 93.06
68991 19970908 12 412.44
51446 19970919 4 473.54
58821 19981123 4 82.13
60880 19980927 12 86.92
13724 19981003 12 187.86
04371 19981125 11 255.16
67777 19970523 2 430.72
37124 19981030 8 23.20
00842 19970903 7 483.70
85729 19970805 8 264.54
78894 19980114 11 283.14
07782 19971103 8 248.11
04410 19980505 7 348.83
40433 19980909 9 445.72
87838 19970125 4 438.68
01215 19970220 7 470.06
14839 19970131 10 463.03
82691 19971002 6 198.57
08243 19980825 5 65.83
38985 19971011 7 181.45
81268 19980502 10 168.18
68345 19970915 10 187.03
34800 19990101 6 448.73
00375 19970916 5 193.33
86108 19970905 4 168.84
72507 19970226 11 429.30
05084 19970925 9 263.21
81769 19970930 5 92.84
35700 19980622 11 477.17
91494 19970417 6 112.32
79753 19970624 8 483.95
03789 19980409 11 148.99
02697 19970401 9 217.62
76798 19980330 9 113.50
61215 19971112 8 334.72
71051 19970824 3 289.35
56915 19971118 7 347.11
82489 19980103 5 331.46
83547 19981009 5 235.77
64178 19970828 7 202.46
03651 19980920 1 494.75
26986 19970709 2 209.91
82062 19980219 9 439.19
37864 19980908 12 222.50
29594 19970216 4 344.31
51672 19980220 2 18.11
41017 19980724 12 279.01
87277 19970129 5 173.70
34663 19970812 5 177.50
33955 19970209 8 143.72
11578 19971005 11 118.85
27117 19971105 12 38.41
26968 19970113 7 375.41
74510 19970210 1 237.79
78102 19980130 10 131.18
56227 19971016 9 447.95
73128 19971120 4 475.56
46002 19981215 8 382.56
41724 19980129 3 37.84
39813 19970520 4 126.37
77581 19980103 1 488.55
01037 19980905 1 281.39
49019 19980611 6 262.67
71542 19980730 12 91.97
45468 19971212 10 70.98
58583 19980218 2 94.32
53396 19970819 8 222.27
83384 19970315 10 286.59
41365 19980926 9 285.14
99688 19970501 5 210.32
52039 19980326 8 369.34
55824 19980819 4 366.77
11586 19980616 11 414.84
29332 19980123 11 65.52
41558 19970526 11 376.72
90244 19980817 2 41.60
26952 19970725 10 300.40
80845 19970913 5 15.01
54168 19970216 11 5.20
63154 19980219 3 313.87
37863 19980915 9 289.95
87377 19980609 1 91.98
51258 19980325 10 126.20
01568 19970927 1 120.20
96522 19980323 8 180.39
44210 19980628 2 322.68
40628 19970618 8 289.07
10925 19970811 11 91.69
03657 19970828 6 49.05
04871 19980721 2 416.06
26295 19980812 10 324.66
22926 19980509 7 112.02
19475 19981128 9 475.55
08645 19981127 6 272.72
17054 19970923 2 279.51
50877 19970507 9 48.89
71543 19980310 10 326.41
05923 19970917 2 344.42
71938 19970730 5 348.47
27754 19981025 10 71.48
30820 19970308 4 327.23
06625 19980928 8 195.06
45569 19971006 4 249.34
70255 19980505 7 169.48
18581 19981016 6 174.17
19696 19980116 4 310.35
44126 19971030 8 142.03
75061 19981206 11 252.66
74687 19971213 4 389.71
94785 19971123 12 167.91
80468 19980921 4 366.89
72080 19970123 3 294.43
14264 19970717 8 282.77
88617 19980427 3 24.73
91683 19970105 1 165.79
95349 19980612 11 34.72
95430 19980417 2 460.44
32496 19970523 10 101.18
87040 19971112 11 62.60
56426 19970209 1 202.48
74199 19980502 12 68.22
41542 19980614 11 429.50
11420 19980112 6 224.88
06718 19970802 6 260.96
22953 19970815 7 17.93
28670 19980228 5 88.35
13501 19980811 6 248.79
82293 19970310 4 334.75
20633 19970629 9 436.45
80548 19980625 3 446.07
59403 19970919 9 376.26
67884 19981205 11 281.61
76432 19970407 12 492.20
30964 19970402 10 103.00
62899 19970820 1 240.78
84167 19981029 7 158.38
41235 19981014 5 273.83
99722 19970222 2 386.31
24014 19981119 3 461.65
48651 19971106 8 219.77
34969 19971001 9 79.57
99752 19980201 10 449.05
86312 19980107 3 37.37
46684 19980111 5 96.07
15880 19981215 12 303.66
82753 19971112 8 398.00
46122 19970916 10 178.08
13016 19970720 6 95.50
85319 19970622 3 54.86
29709 19980426 5 121.98
40738 19971218 7 146.87
22678 19971003 12 111.98
11787 19980630 9 336.92
65626 19971012 1 386.44
62602 19980101 9 32.59
47356 19981215 8 338.82
78459 19970330 11 333.90
26331 19970428 7 296.23
26476 19970720 11 322.09
01974 19981227 5 93.40
49724 19970118 2 181.68
03207 19981025 12 27.18
11745 19970907 6 119.80
44612 19971022 10 489.78
19348 19970118 9 403.56
96380 19981026 2 299.03
22915 19970606 7 151.44
92737 19970607 10 237.38
76322 19970311 8 297.90
62517 19980611 1 285.60
06398 19971002 8 450.66
07401 19980611 1 244.11
72829 19971205 9 396.86
09321 19970902 4 79.42
75093 19970108 11 498.28
02890 19970629 5 374.36
75230 19970414 9 124.59
23291 19970308 5 223.63
22985 19971118 3 7.32
10502 19970626 1 6.30
90922 19970406 4 47.51
44925 19980417 3 318.21
29410 19970724 2 55.85
98018 19971209 11 188.31
04752 19980619 11 387.99
38400 19980823 7 53.43
56074 19970511 7 240.39
40241 19970610 8 278.87
59627 19970624 5 433.63
13113 19980521 10 314.17
82413 19971216 4 406.55
18485 19970511 2 183.28
46859 19971006 9 261.02
72626 19981219 8 493.97
28609 19971017 12 177.30
26362 19970104 12 272.93
14772 19980923 1 374.25
78246 19970219 12 215.79
45088 19970719 8 334.95
22209 19970601 11 146.84
15006 19971010 3 175.84
73452 19970721 1 351.69
59235 19980305 6 170.56
89303 19970316 6 448.57
57171 19971014 8 211.41
22075 19980518 6 105.66
20048 19980210 6 335.90
59616 19970802 7 388.22
16186 19971226 5 394.47
69982 19971228 4 345.91
22740 19970903 7 375.70
87363 19970902 1 51.35
80521 19970106 6 360.02
82194 19980215 9 323.90
47898 19980613 5 107.22
22656 19980520 2 133.12
13562 19970421 1 129.53
45858 19980710 7 112.01
49501 19980916 11 170.10
98785 19980430 6 223.94
20837 19980703 11 60.04
80296 19980822 12 276.34
76435 19971020 3 291.00
46593 19971004 3 380.24
90237 19970708 4 169.36
78122 19970608 1 125.20
46539 19970621 7 98.67
61630 19980603 11 190.73
44673 19970607 11 182.58
21893 19981003 4 442.92
49322 19971223 6 19.16
11628 19980508 11 22.33
50749 19981021 2 323.40
69884 19970124 12 338.79
00786 19980829 6 384.36
70372 19970721 7 428.57
74143 19970818 10 23.61
42805 19980213 11 350.27
31273 19980729 12 119.37
73308 19980814 4 62.58
41575 19980609 11 303.90
05144 19971203 10 477.97
01221 19981013 8 200.87
81495 19980620 2 155.17
62228 19980507 8 163.59
67044 19970606 10 410.22
80501 19980116 8 379.89
47353 19980214 1 256.20
33012 19980316 12 232.52
35848 19980728 12 213.68
15661 19980116 5 391.68
06177 19981114 11 297.49
64409 19981201 1 200.56
55940 19970121 8 173.84
61635 19970724 11 126.69
66974 19980709 5 160.43
84209 19971227 7 145.76
75815 19980717 2 321.67
81269 19971215 7 189.39
56635 19981030 7 229.77
93167 19970306 7 174.70
61859 19970304 11 366.28
82862 19980831 8 110.66
53157 19970614 5 236.68
49198 19980701 3 410.95
39793 19981010 2 420.08
61160 19981209 3 27.79
67317 19980511 2 294.81
07000 19970803 2 459.13
08053 19970919 9 429.00
54303 19980419 1 31.32
93542 19971001 8 454.41
07887 19970102 2 123.77
52770 19981013 2 468.42
44211 19980614 12 108.60
22965 19980703 1 456.89
62448 19970524 3 306.60
01340 19981120 11 498.37
43947 19980727 1 204.26
44806 19980404 4 178.14
74974 19970430 8 106.20
66586 19981224 2 229.79
93324 19980130 2 481.20
52944 19980313 3 396.19
17916 19980325 4 359.31
36248 19980325 8 258.67
67091 19971031 8 275.21
58846 19971101 12 451.68
51214 19981002 9 172.91
33786 19970801 12 110.14
75696 19970610 1 32.64
40233 19970208 5 304.07
99989 19980424 11 52.49
68678 19970102 2 469.80
25162 19980817 9 265.26
57535 19980608 4 27.99
35478 19971123 7 255.51
44803 19980111 6 450.15
47342 19980122 9 76.32
75032 19981001 10 400.15
54764 19971220 8 493.01
48528 19980907 9 234.87
87560 19980405 10 341.48
75446 19980501 11 202.32
94689 19970525 11 231.27
04633 19970131 7 43.65
48408 19980901 10 92.12
62019 19981124 12 305.75
44894 19981129 12 390.80
45104 19981213 12 433.00
85721 19970111 10 81.57
66932 19981117 1 458.84
91032 19971122 3 328.30
90232 19970819 10 360.93
40929 19970815 9 102.24
39907 19980420 5 475.77
00702 19980118 5 452.56
88063 19970812 9 405.89
46419 19981120 11 160.28
65328 19971110 8 182.65
00535 19970627 2 46.99
69724 19980522 8 427.83
77813 19970617 11 281.17
45690 19970225 6 102.00
11119 19971216 6 131.55
30481 19980717 7 383.84
89363 19970521 2 448.23
46260 19970319 2 473.77
52300 19981227 10 195.85
41078 19970605 9 8.36
48120 19970726 7 235.32
53596 19980908 2 349.02
60900 19970426 6 254.21
63976 19970420 11 140.39
04993 19970708 9 82.86
62506 19981126 10 113.93
06486 19980115 5 12.10
13890 19970501 4 237.80
90257 19970224 12 499.18
39598 19971016 6 291.50
88662 19980625 9 390.39
62825 19980313 6 45.26
01122 19970704 10 97.69
63563 19970419 7 254.77
81457 19970921 6 6.49
90488 19971013 7 28.73
01605 19971113 4 279.36
27781 19980426 3 26.72
78868 19980720 11 118.70
97085 19970213 7 143.39
39494 19970815 1 293.31
52168 19970726 6 438.08
91042 19970209 12 294.33
96048 19980816 3 368.14
28961 19971126 5 275.26
15039 19971110 2 171.66
53833 19980529 9 17.65
76557 19970619 6 153.24
20486 19970608 10 434.94
30876 19970402 5 136.79
10045 19970226 4 158.85
85055 19970708 2 54.19
45312 19970520 11 439.65
81308 19970718 3 182.28
98913 19980305 7 283.02
31671 19980815 7 130.65
21566 19980211 6 127.72
34347 19970916 11 19.76
87842 19980210 8 32.76
01526 19980219 12 147.72
56074 19970917 6 196.34
52748 19971117 9 140.60
55325 19980723 2 397.92
06964 19970821 3 355.75
56304 19970226 4 482.91
52641 19980102 2 224.42
07258 19980520 12 413.40
64108 19970510 7 320.94
22994 19981027 3 463.61
34230 19970410 3 119.10
04084 19970906 2 121.98
02263 19980819 1 301.87
18083 19980619 4 216.01
12799 19980807 3 434.59
23248 19980401 12 452.83
81773 19980214 6 62.68
38020 19980328 9 363.80
77027 19970125 12 143.41
20635 19980715 7 208.64
75518 19970115 4 469.75
33264 19980315 6 142.89
85907 19970803 10 240.91
83725 19970417 12 276.85
66229 19980420 11 88.00
37479 19980224 10 265.26
40004 19980810 3 23.09
02948 19990101 12 472.20
84560 19980414 3 360.01
09365 19970107 11 495.64
57218 19970619 12 486.64
91070 19971129 8 141.39
56570 19981022 12 330.31
42056 19980617 12 178.16
81122 19980511 5 451.34
80894 19981227 8 158.03
00317 19980826 11 219.69
11676 19980315 5 462.32
48824 19980921 9 340.71
66770 19980316 2 288.56
05934 19980418 3 305.19
07691 19970630 9 380.81
70636 19970504 1 37.25
19395 19970531 9 177.69
42578 19970905 12 281.18
94089 19970119 3 24.91
40458 19970502 9 102.85
93562 19981218 4 105.91
09959 19970325 9 309.44
80731 19970929 1 295.71
06207 19970329 7 28.16
82892 19980514 12 468.88
27279 19970702 11 412.46
27212 19970411 2 363.99
72356 19981121 7 135.35
53928 19970624 4 182.63
95501 19970914 1 426.64
89907 19970527 12 51.87
05821 19980722 6 74.08
98384 19970114 6 155.60
29885 19971124 6 266.98
70331 19970720 8 221.25
08784 19970319 3 247.31
18411 19970703 2 171.13
63070 19980618 3 285.28
12565 19970228 11 58.40
09491 19970227 11 116.96
25552 19970223 2 316.08
10666 19970518 1 185.34
72116 19981008 8 59.97
94185 19971031 1 282.85
60684 19981127 9 201.69
85358 19981205 3 44.84
32213 19980104 4 465.64
69893 19981020 6 166.84
60777 19980705 9 192.36
30981 19971110 4 455.00
50723 19970219 2 273.13
83280 19970909 1 479.45
63446 19971117 7 387.53
69374 19970330 10 106.16
39018 19970822 10 350.00
00822 19970115 10 199.40
95441 19970605 3 310.03
02926 19980502 3 460.39
91048 19970401 8 21.00
76424 19981026 12 244.93
03871 19970915 8 212.54
68285 19981118 2 459.90
48537 19981204 7 306.18
28568 19980114 4 351.70
99172 19981024 7 138.98
33712 19980417 10 339.50
65872 19980710 10 376.16
06304 19980331 11 256.49
71736 19980720 9 135.60
71990 19981208 6 255.18
04929 19970126 5 448.17
61353 19981110 5 18.97
06703 19970119 5 310.01
72125 19981010 8 363.34
43277 19981121 10 401.33
96524 19981105 9 224.25
04620 19980613 5 126.10
45869 19971115 12 365.49
97273 19971002 11 423.13
26704 19970209 3 101.50
93811 19980221 8 321.65
45671 19970906 3 98.90
50467 19981105 1 57.83
57680 19971129 8 129.49
06085 19970910 11 154.84
29168 19980618 9 28.54
87356 19980211 7 444.34
14409 19981202 11 308.31
18223 19970703 8 177.34
53558 19980827 3 448.39
33896 19980203 2 300.75
94181 19981006 8 277.93
11935 19970305 2 461.27
26575 19980405 11 402.67
24659 19980805 3 178.90
62221 19970313 1 101.73
60449 19981211 12 147.34
91322 19970926 11 461.11
07893 19980110 9 328.71
22735 19980319 7 46.94
46339 19980308 3 25.26
50756 19970823 12 468.34
06827 19980222 1 170.22
63739 19980206 11 424.50
83418 19981220 2 327.09
87775 19970119 11 174.99
39242 19970623 10 36.29
55793 19980923 11 339.02
42593 19970508 10 119.95
27173 19980305 6 388.76
52359 19970906 1 390.35
86338 19971028 9 461.93
49732 19970227 10 350.83
53591 19970212 2 162.39
72603 19980717 3 119.58
48963 19980709 3 53.89
20570 19981112 7 447.38
55155 19980404 3 247.37
05842 19970927 6 25.06
65946 19971209 12 393.96
66759 19971223 3 100.32
78561 19981009 7 440.58
19206 19970705 7 340.04
58701 19980620 8 406.09
21070 19980203 3 380.68
80442 19980815 6 30.10
65656 19980515 4 203.48
33762 19980822 1 166.52
68583 19980527 5 38.22
54898 19980705 11 214.37
08254 19970212 10 368.05
67185 19980504 9 176.08
39741 19981201 7 251.22
92862 19980731 8 352.36
36357 19970405 6 80.48
92240 19970921 10 51.16
51242 19980509 7 382.84
50126 19971223 5 318.46
69762 19970516 12 313.39
06944 19980118 3 39.25
06411 19981122 11 448.34
10455 19970125 4 161.84
26698 19970228 11 467.10
22820 19970830 7 338.84
70040 19970421 10 280.59
28745 19971210 9 52.11
08119 19980206 8 53.06
93517 19980507 6 345.39
93286 19971219 4 448.78
68781 19980124 11 15.75
27454 19980623 12 435.29
01611 19970804 2 249.30
02250 19980925 10 169.48
97099 19980722 4 174.29
69173 19970710 2 261.50
91649 19970605 11 65.87
73488 19971123 7 358.17
96546 19980531 5 43.19
82057 19980903 9 183.04
94781 19980817 1 439.74
39449 19980224 12 123.52
70139 19980702 5 122.52
52765 19980923 10 56.23
62027 19981020 12 168.36
01797 19981006 6 301.64
96267 19970804 10 403.79
32763 19980806 7 145.58
32084 19970801 6 300.65
76812 19980428 8 498.12
10501 19980407 5 143.55
07646 19981105 7 332.89
38424 19970424 11 340.12
25872 19971216 6 5.27
15743 19970402 3 451.45
79220 19980316 8 462.64
34443 19970408 2 357.90
57914 19970415 6 244.60
53069 19970108 1 401.16
43204 19980704 12 188.31
69106 19970711 4 269.95
33351 19970408 4 404.74
99232 19970828 1 87.45
44120 19970309 7 292.71
72772 19980407 12 440.75
06946 19971023 9 111.06
84981 19970518 10 148.80
81894 19980619 4 89.34
49270 19970629 7 288.75
19779 19980620 2 120.01
71729 19970727 10 422.40
38378 19970207 9 202.82
13184 19970913 5 490.56
92105 19980323 1 114.52
53734 19980211 5 186.38
35344 19980609 3 344.05
65693 19970526 8 108.58
94002 19980410 3 198.79
13124 19981211 8 484.06
59717 19980820 5 160.92
00905 19980926 7 221.83
97080 19971119 10 242.62
70163 19981006 10 322.37
67816 19980108 6 428.19
98417 19981126 5 450.81
41106 19980516 6 241.09
82011 19970918 8 470.99
23600 19971026 1 410.18
23138 19971014 1 144.54
57446 19970326 8 214.68
88961 19981204 4 316.90
43935 19980718 11 109.96
00527 19970623 4 194.78
48764 19981101 5 304.45
20783 19980726 4 134.82
40722 19980804 12 280.83
57403 19971212 7 94.91
08132 19981204 1 191.73
82728 19970816 2 446.06
14714 19980725 8 25.00
46164 19981124 8 176.04
37929 19970330 8 120.19
70349 19970222 8 416.39
46047 19980910 2 471.16
76722 19971223 4 122.28
24222 19980319 9 242.45
45927 19980915 3 133.22
09271 19980719 10 313.36
99159 19980625 11 216.73
49803 19970523 10 126.69
51905 19981210 1 54.49
40524 19970202 12 196.35
62745 19980825 3 287.05
46144 19980728 1 447.19
19450 19980522 9 126.00
17446 19980104 2 460.95
44833 19980612 9 192.43
91073 19980822 9 27.76
18380 19970211 11 432.85
70203 19981110 11 462.77
46278 19981118 7 183.01
70211 19970513 11 290.65
74455 19970316 4 363.45
90836 19970512 7 228.34
08560 19980825 10 433.54
67253 19970704 7 206.46
97564 19980128 11 41.35
09232 19980110 9 205.59
31271 19970824 12 481.91
85886 19980327 3 302.87
49264 19970717 1 84.50
60664 19971222 7 345.86
18958 19970321 4 362.58
99677 19970304 8 90.60
28100 19980613 12 444.17
64249 19970328 8 384.88
93295 19970813 5 329.09
60330 19970305 9 375.62
85083 19980106 12 421.58
87384 19970701 1 54.20
90755 19980208 9 391.93
57893 19980921 11 156.92
22698 19970616 7 227.58
59952 19971230 6 90.62
86882 19980210 1 332.78
42254 19970127 11 106.56
80955 19981215 12 441.40
08544 19970406 4 120.63
87431 19970527 9 287.07
42658 19971010 12 62.40
55627 19971226 6 434.58
92613 19980202 6 75.95
88468 19970422 9 199.26
21620 19980114 4 262.27
62881 19980310 7 240.40
64154 19970914 12 268.48
10486 19980729 4 71.43
14763 19970829 9 78.92
16575 19970903 2 352.06
27794 19981210 9 437.28
80742 19980314 9 280.59
96084 19970627 12 113.13
33337 19980212 4 485.12
78145 19980402 5 468.10
63125 19971111 3 237.10
04652 19971226 11 300.65
53167 19970905 11 414.55
37968 19970412 4 472.27
56512 19980629 12 372.71
89230 19971004 7 311.84
30417 19980204 6 107.34
59642 19980101 5 355.12
81702 19980129 9 225.48
29943 19981012 8 127.32
96811 19971007 8 177.39
32181 19980213 7 17.07
67867 19971231 8 48.51
11559 19970612 8 449.93
03418 19971217 6 118.98
70963 19971202 6 41.27
88225 19971227 9 275.83
72652 19980917 4 42.24
85787 19981121 6 156.08
29455 19980625 10 224.54
58455 19971027 11 447.22
29781 19980417 5 97.37
10713 19970112 11 491.85
64146 19980131 5 76.02
84716 19980421 11 369.09
59603 19981210 4 371.48
77009 19971204 5 44.37
43029 19970303 2 152.75
00810 19980219 6 356.58
37588 19971203 2 53.58
29443 19981231 1 138.07
15607 19970302 7 130.00
75201 19970203 11 7.32
61864 19980912 11 474.16
68959 19981122 8 131.63
00870 19971113 9 347.39
90890 19980323 1 174.08
41631 19970718 8 125.51
81605 19980112 10 187.77
11979 19970815 7 208.68
86141 19981027 10 438.41
11746 19971224 6 385.12
85769 19971215 1 390.46
96846 19980218 2 115.64
99840 19980412 1 275.81
75805 19981030 5 46.07
24132 19970926 9 494.73
87901 19971115 5 483.44
41615 19980907 9 85.19
61607 19980612 4 481.41
44353 19971202 9 481.60
32341 19980527 2 128.57
47211 19980703 9 211.22
83434 19980520 10 9.07
27724 19980812 11 317.58
54454 19980410 6 72.83
35820 19971201 9 274.59
62204 19981113 12 106.00
73744 19980429 1 32.42
87120 19970125 3 140.64
00389 19981117 9 44.39
55848 19970619 2 298.34
76569 19970815 5 128.88
74462 19981027 11 496.67
80311 19980524 11 435.36
23274 19980408 11 303.95
57812 19971203 9 160.94
64004 19970904 2 333.06
58609 19980429 7 140.53
89883 19980416 3 383.86
23117 19980209 6 290.07
93445 19970120 9 302.87
86277 19981030 1 272.90
63253 19980920 7 274.56
23740 19970610 7 355.71
53521 19980810 3 205.90
49414 19981018 2 477.38
28197 19980119 6 31.35
84359 19981210 9 350.10
95059 19970626 5 48.24
20803 19980706 5 397.87
31094 19970719 8 392.32
53410 19980426 6 260.18
47825 19980713 2 333.27
01096 19971124 8 57.69
77158 19980630 6 154.81
81844 19970520 2 499.94
67453 19970719 12 473.08
68609 19971109 12 445.31
87795 19980705 7 176.00
34747 19970714 12 171.52
35441 19970722 2 134.14
74880 19981124 6 356.39
38826 19970322 4 84.04
50731 19980408 6 275.91
83318 19970714 3 33.96
54128 19980920 1 294.61
33400 19980701 11 291.47
87619 19980430 8 366.11
19924 19980714 7 55.30
15385 19980714 6 436.35
77468 19980317 2 462.15
31203 19970528 4 416.17
25123 19970116 12 458.37
10485 19980222 10 122.59
69794 19980801 5 290.94
89396 19980511 6 40.49
90031 19970520 1 245.17
68465 19970625 4 450.95
77124 19970807 4 434.40
66653 19970124 2 428.10
67698 19970323 1 169.15
72220 19980118 3 426.50
93133 19971023 4 499.07
16906 19970711 8 499.54
13696 19980807 10 9.48
72739 19981003 5 485.76
85832 19980318 11 105.70
11116 19971024 8 127.40
39838 19971007 7 27.16
38703 19981121 3 58.85
72484 19980622 5 41.72
36172 19980808 4 87.24
33123 19980328 11 453.39
80969 19981006 9 140.55
79837 19971028 2 355.26
16422 19980114 12 287.63
87731 19980429 7 134.79
73322 19970805 8 17.65
69822 19980602 5 403.51
01272 19971106 7 98.63
81371 19970730 11 386.14
61596 19970311 5 187.27
47145 19971227 10 484.59
36844 19980508 6 46.83
71296 19971216 8 89.89
70547 19971130 7 333.41
51257 19981025 2 88.85
70286 19970406 5 203.84
92467 19971104 10 91.72
86416 19970903 10 150.68
10891 19980820 4 399.16
66582 19970702 9 190.64
84295 19980223 5 69.79
68030 19970707 9 389.63
03312 19970508 6 22.52
92647 19980424 6 293.47
13000 19970716 8 67.30
16710 19981128 8 34.01
09603 19970427 4 63.81
77973 19980701 1 267.08
73837 19981118 12 472.28
14872 19980523 1 159.21
31097 19981031 2 365.21
17000 19980227 5 487.64
38547 19980522 10 113.63
80031 19981221 8 128.29
89353 19980601 9 304.04
42963 19970307 12 209.56
47701 19980404 2 182.03
60687 19981204 11 138.86
21678 19980801 8 95.28
83265 19970322 7 146.68
51755 19970225 11 74.48
28832 19970604 12 462.37
39207 19970417 4 494.83
95571 19980409 9 263.70
90639 19980110 10 428.83
29484 19980527 3 144.32
25922 19980921 12 84.50
51821 19981001 8 52.21
99257 19971212 3 460.20
80492 19970119 7 72.23
70905 19970414 10 50.40
74502 19980407 2 491.94
71927 19971028 7 231.01
36564 19970822 6 316.20
69147 19980611 3 430.84
84563 19970710 2 402.47
37129 19981125 2 75.58
15235 19980606 1 189.83
44549 19980516 1 131.51
23251 19971016 7 223.97
18470 19970716 2 15.13
88187 19980301 1 402.97
88452 19980924 9 179.56
07494 19971014 5 66.77
83502 19971214 3 421.73
94122 19971129 9 475.72
57045 19980319 10 343.64
36212 19971116 3 482.53
01931 19970507 3 454.66
93165 19980802 7 241.11
07087 19970512 4 18.75
92853 19970112 6 295.31
77425 19980127 11 175.70
70555 19971006 3 254.83
69850 19980924 1 456.81
66626 19971004 11 244.07
54451 19970813 8 83.88
38332 19980816 10 116.77
70793 19980416 2 226.71
14350 19971128 3 497.31
72524 19980115 6 105.27
35993 19970727 1 324.44
53042 19980912 3 45.91
12284 19980422 5 410.61
53296 19971121 11 338.69
14484 19970721 6 387.88
33192 19980424 2 296.02
46703 19971208 11 349.01
31096 19970408 7 56.84
19870 19971220 2 362.76
29663 19970802 7 201.83
52420 19980807 12 372.78
36257 19980706 2 250.71
42546 19980103 7 331.35
04660 19980108 2 80.72
15300 19981127 2 336.62
35310 19970805 1 17.75
08021 19980521 9 490.20
26695 19971112 7 394.93
59369 19980529 10 32.26
41096 19971110 2 230.55
72857 19980218 2 311.38
66595 19981211 1 77.59
86364 19970113 9 119.47
24998 19980511 3 330.35
90945 19971203 8 359.49
83309 19970419 11 353.95
99323 19980812 11 410.80
31385 19970516 8 167.76
23156 19970527 9 492.72
69657 19970101 7 28.93
45167 19970205 3 394.30
18661 19981018 3 113.28
89610 19970105 5 494.44
80030 19980317 12 315.74
28180 19970607 5 477.75
21746 19971114 6 72.88
47506 19981202 9 135.52
15681 19970330 8 229.63
15627 19971030 7 285.10
77622 19971116 2 481.76
05645 19970207 9 39.73
10498 19981122 12 167.74
40403 19980916 9 350.93
78090 19971211 10 34.51
20354 19981111 4 420.43
84340 19980317 7 197.92
00849 19970718 4 375.82
80800 19970124 5 177.65
83536 19980307 12 79.07
19109 19970918 10 432.11
25226 19970416 7 44.74
28124 19970801 10 159.85
65322 19970718 3 348.61
25902 19971106 3 415.84
21379 19980614 1 76.69
70597 19980806 11 65.11
54335 19971026 11 390.99
23123 19980908 9 469.34
70304 19981210 1 318.31
38236 19971118 11 36.40
88449 19981210 9 114.95
26449 19971230 10 295.67
92022 19980201 9 161.07
26654 19980427 4 483.79
53203 19970623 7 63.69
57399 19970418 2 492.78
67691 19971102 7 269.07
88717 19971109 10 298.37
48231 19980204 10 156.27
29954 19981022 8 423.21
70610 19970109 9 169.29
36681 19981226 12 332.44
69901 19970204 6 60.96
32350 19980313 2 420.49
62174 19980531 8 118.42
71352 19981006 4 444.08
10024 19970302 5 305.34
85618 19981228 5 182.42
36563 19971216 2 359.97
33216 19980129 4 312.05
39426 19970423 12 446.16
87277 19971010 3 296.66
68335 19980720 3 136.67
53620 19980426 3 7.74
72062 19980413 8 447.03
47404 19980522 5 66.03
79489 19970227 1 255.77
20219 19980221 10 458.59
38079 19970113 9 318.58
65054 19980327 3 79.35
73580 19970331 7 354.25
01847 19970627 10 229.84
13689 19970722 3 361.47
43836 19980420 4 11.53
49531 19971124 1 169.43
38358 19970129 4 400.59
85282 19980320 1 485.79
79068 19970430 4 124.30
14966 19980103 9 295.61
25160 19980406 9 229.18
43094 19970109 9 116.64
66971 19980212 5 362.67
32508 19980709 8 118.13
18630 19971019 7 205.31
06333 19980807 11 359.23
76540 19980104 10 126.75
13856 19970619 10 18.59
97795 19970604 7 328.32
12191 19980610 11 156.57
68169 19971201 5 183.67
16995 19970423 12 167.92
97174 19980321 10 394.46
36684 19980622 1 132.16
78500 19980919 12 196.49
62944 19980512 5 311.60
75251 19980920 3 308.40
77702 19980629 12 53.95
25254 19970318 8 55.49
73594 19970514 5 418.38
98639 19970426 6 42.88
39328 19970525 2 472.08
84233 19971006 6 73.48
92783 19970515 10 203.26
45528 19980122 10 170.94
09509 19980703 4 209.12
53165 19970318 12 329.41
60353 19980327 10 489.70
58649 19970926 6 159.42
57563 19980827 4 275.10
93089 19981123 11 74.66
12938 19971017 1 51.93
67048 19981102 4 304.86
28163 19980828 11 102.55
32517 19980115 8 339.98
49749 19970614 12 154.59
06889 19980308 1 459.91
93699 19970120 3 316.67
96682 19971002 10 284.19
43258 19970418 2 332.72
30545 19980521 10 352.41
32751 19970805 11 356.51
88732 19980306 12 156.50
44473 19980430 7 469.83
99156 19971213 8 80.43
38532 19980330 2 28.66
48318 19981113 9 364.80
70508 19980925 6 210.05
51452 19980503 2 240.20
56157 19970719 6 175.93
64262 19970514 2 52.90
22688 19980923 2 479.25
06049 19980606 3 422.99
26190 19981012 5 213.81
19029 19971216 2 417.82
99102 19970831 3 498.32
13624 19970515 3 394.81
13439 19970521 3 275.25
35586 19970730 12 135.55
24151 19970519 9 296.25
56553 19980224 8 453.91
02737 19970723 8 130.05
25494 19980131 5 18.48
85034 19980903 4 145.75
74368 19980102 11 446.97
82173 19980327 3 251.85
38473 19980814 4 128.19
25872 19980120 11 287.75
46974 19980104 12 351.32
80729 19971001 11 10.56
43660 19970605 2 116.51
20568 19980306 1 183.50
51207 19981117 1 122.95
34473 19970225 10 423.25
51231 19980309 6 83.55
45857 19980105 3 240.45
87839 19970818 1 207.78
74495 19970203 8 396.08
27835 19980605 4 400.59
29282 19980328 9 279.41
79218 19970423 12 310.19
81988 19980214 10 447.79
04155 19980710 2 136.69
40927 19980227 11 423.93
57351 19980511 8 378.77
51228 19970301 2 489.33
40552 19970823 9 96.31
05345 19981110 5 304.42
41510 19980515 6 200.22
90120 19970423 8 308.74
83999 19970902 7 293.43
38255 19970220 7 423.71
31176 19971220 11 238.76
76416 19980318 12 61.72
80372 19980130 9 309.02
65318 19970925 7 224.17
10921 19980610 12 438.14
82743 19980110 9 459.55
38199 19970319 4 261.66
85425 19980818 11 487.76
93207 19970822 6 180.66
65369 19981107 8 473.70
79225 19971020 3 231.41
13251 19981223 5 461.55
80990 19980514 2 269.52
71200 19980920 5 302.39
14031 19980509 1 122.64
11141 19981203 10 405.91
41821 19980828 6 459.80
56136 19980224 12 468.70
24749 19970912 3 425.96
46020 19981016 11 226.13
18033 19980612 11 14.22
04747 19981201 4 318.06
85561 19970926 6 356.25
02617 19980530 7 115.31
42913 19981027 10 263.52
86278 19980121 2 359.06
84131 19971121 10 12.01
53539 19980204 4 258.59
02868 19980924 9 68.13
28922 19970527 2 437.12
96716 19981007 1 441.28
35391 19980715 10 322.07
90750 19980422 5 22.66
04080 19980802 4 247.31
56228 19970927 4 109.97
72627 19970802 3 400.56
89441 19980325 6 285.14
19419 19970106 12 426.66
64216 19980123 4 22.10
53793 19970712 10 389.39
87612 19980301 10 217.43
81730 19970103 12 116.58
88827 19980621 5 391.09
33735 19970629 7 173.53
11609 19980622 1 218.28
54269 19981106 3 466.59
47382 19970920 6 117.32
23298 19981024 6 493.86
51906 19980925 10 467.30
22072 19970213 12 278.58
96164 19971129 3 359.72
92024 19970411 8 24.99
48960 19970402 12 463.84
97081 19980612 9 23.11
01669 19980428 9 311.27
83929 19980323 11 287.27
95110 19980420 4 226.10
94662 19981212 3 30.84
46671 19980831 1 327.87
06807 19980509 11 265.25
92507 19970405 3 124.93
58844 19970206 10 456.75
52083 19970401 12 217.93
65244 19981001 1 288.51
42444 19970131 8 177.67
43115 19970615 11 172.10
44502 19970405 6 225.46
95622 19980722 6 37.78
42380 19980130 1 30.83
13545 19970919 6 220.38
28548 19981020 3 248.57
64380 19970215 1 5.53
12714 19980228 10 335.13
12508 19980524 7 386.09
14216 19971102 9 266.22
14751 19970531 2 359.45
28261 19970929 8 200.93
64954 19970124 3 148.88
40035 19971010 1 263.95
02534 19980313 8 368.90
97468 19980818 4 332.84
55916 19970425 9 47.19
17661 19981228 11 264.84
35353 19981115 6 499.51
68938 19980226 10 422.42
82454 19970224 10 478.72
35050 19971224 2 403.64
04537 19970726 10 469.30
71420 19980522 7 355.85
70240 19970728 2 388.80
97091 19970226 1 400.12
15803 19980606 1 169.22
30951 19971030 4 281.72
07754 19980320 2 264.32
38643 19970719 3 429.91
37288 19980222 4 316.94
07420 19980702 1 69.19
18311 19980218 4 428.27
16275 19970201 6 386.01
12817 19980211 1 202.09
98691 19981214 5 108.20
63201 19980621 3 196.90
33592 19980618 9 477.98
55964 19970605 4 494.73
82860 19970201 1 5.96
91073 19970517 4 177.73
52446 19970828 10 357.50
74010 19980529 7 386.27
31079 19970313 6 254.16
42871 19980730 10 66.52
84100 19970827 5 454.68
98041 19980212 7 128.16
37952 19970317 6 263.41
55614 19980619 3 236.92
16144 19970324 8 27.86
68694 19980430 8 147.08
30145 19970322 1 337.35
60104 19980126 6 150.15
32623 19981027 11 279.56
59112 19970126 1 100.88
30359 19980606 7 326.14
59159 19980616 1 46.47
16847 19970821 1 452.26
59390 19970911 11 295.64
79366 19981003 7 451.36
14812 19980413 8 127.05
81171 19980605 7 274.40
14797 19971009 8 413.80
05267 19971015 3 76.30
87170 19980916 7 35.71
68321 19970802 8 138.74
44730 19970509 12 45.59
90577 19970730 4 492.86
42164 19980531 10 151.70
56696 19970131 3 36.56
59463 19970827 7 302.37
86395 19971010 5 422.19
94998 19970819 1 391.94
97133 19981019 6 369.55
72612 19981224 6 408.99
56696 19971221 4 105.20
66546 19980324 12 84.08
92574 19970624 9 447.38
86675 19980525 10 88.68
56951 19980201 12 447.62
35745 19971208 4 448.03
87224 19980322 6 6.38
47572 19980828 8 191.59
93741 19970823 7 478.34
29417 19980908 2 307.47
91540 19971113 4 354.66
64896 19970202 8 252.72
86504 19980713 6 68.49
37423 19980606 3 274.46
68924 19980614 3 259.30
41416 19980512 1 414.69
82357 19970316 3 470.54
09724 19971127 4 378.50
12861 19970720 4 364.78
19490 19980722 1 295.60
26589 19971230 4 446.20
90521 19980316 6 414.83
74415 19980330 10 243.51
48180 19970831 3 257.86
65001 19980625 8 151.66
62236 19970208 12 498.85
14159 19980603 8 493.66
77673 19970121 5 318.43
88012 19970521 2 21.13
99433 19970529 6 274.09
80140 19970813 11 385.94
83010 19980227 6 436.79
09802 19970620 12 81.90
89870 19970323 2 13.79
75044 19980716 12 230.31
40932 19970921 7 363.80
98755 19971110 12 353.13
87596 19970225 8 354.30
75992 19980510 1 365.94
78365 19980318 1 220.98
12435 19970624 8 8.05
64130 19981216 9 486.62
58787 19980531 10 254.47
79884 19980918 9 284.27
06382 19980910 5 93.13
32593 19970102 5 481.49
56743 19980528 3 165.37
92936 19970413 10 189.23
10047 19970730 8 196.06
81599 19980829 2 339.55
24289 19980318 1 431.50
72618 19970607 6 89.23
84450 19980911 12 6.86
00194 19971105 10 454.19
97852 19980606 5 254.52
32428 19980825 2 407.66
63865 19970211 3 442.39
51567 19980705 2 206.75
98578 19980124 8 143.97
70479 19970413 11 426.41
05448 19970425 8 285.04
51355 19980911 12 198.19
24375 19971119 1 275.22
56361 19980604 12 334.95
23098 19971223 3 96.12
52437 19970710 1 204.21
20961 19970910 1 236.54
37562 19980916 7 123.72
38595 19980325 1 318.55
68951 19980821 5 464.23
36946 19970508 11 35.82
32493 19971011 3 122.01
47725 19970301 4 152.07
71574 19980608 3 152.53
14238 19970112 10 7.13
53104 19970523 3 216.24
78401 19970916 10 264.07
05402 19980418 2 20.23
94046 19980603 9 387.21
42545 19971016 11 498.30
53095 19980116 1 493.73
07942 19970604 2 18.84
69508 19970430 1 16.30
66214 19980627 11 239.52
63081 19971203 10 119.59
65966 19981218 9 308.04
99546 19971108 1 329.84
09409 19971016 5 145.56
31740 19981024 10 413.72
07887 19970430 1 96.38
37844 19990101 9 42.76
42184 19980815 7 363.34
53092 19971211 2 16.67
52601 19971113 8 432.61
34249 19981104 2 77.78
89352 19970829 8 138.07
00757 19970813 6 376.62
87952 19980802 3 61.91
96068 19971216 5 170.44
62311 19970728 3 164.32
81680 19980211 10 286.29
42648 19980317 2 283.47
43913 19970429 7 197.21
14129 19980924 8 405.04
50772 19981210 9 47.26
44321 19971121 7 193.78
58939 19971002 10 115.99
67048 19980120 8 48.06
80838 19980607 6 20.39
77958 19980117 9 396.42
89496 19970606 6 146.52
62909 19980501 3 301.97
28179 19980630 10 450.88
85144 19970529 4 348.81
68602 19980423 12 118.44
24547 19981225 1 409.27
36151 19981213 5 83.12
16178 19971130 10 422.36
46626 19980505 1 440.02
28709 19981001 2 254.36
44220 19971028 4 102.23
33624 19980410 9 137.26
73699 19980404 9 471.79
66133 19970323 5 270.06
64476 19980406 6 11.77
75150 19970212 12 218.44
19840 19970608 2 120.58
02675 19970614 9 281.74
17587 19980630 2 96.78
07167 19971102 4 247.16
37753 19970722 3 246.75
69833 19981224 8 449.00
29547 19970622 10 202.70
48974 19970822 11 161.17
70226 19971003 5 242.19
31448 19970421 4 377.72
82606 19981028 5 63.31
75721 19980730 1 402.42
08478 19970823 2 234.81
72468 19970329 10 36.74
68239 19980304 12 408.44
01990 19980610 4 256.60
73673 19980928 10 234.87
90354 19981210 8 268.10
52157 19971020 10 314.06
11050 19970714 7 188.38
74778 19970321 1 431.01
80629 19970827 3 280.77
87693 19981114 7 115.93
27449 19980306 5 107.06
13549 19980723 11 188.76
27322 19980306 11 483.68
73249 19970613 10 49.25
48214 19970531 11 142.66
97484 19970329 12 230.10
91988 19970629 7 476.96
76905 19971016 2 223.40
10561 19980529 2 184.32
91397 19970303 12 115.83
60304 19970328 4 381.40
05571 19970422 8 63.87
59543 19971203 8 113.10
99688 19970509 4 408.70
31616 19980313 9 452.84
25489 19970904 4 490.10
41846 19980220 5 221.51
15249 19970113 6 86.49
41871 19970123 1 409.17
78075 19970413 9 315.71
97353 19980403 3 394.76
49720 19980506 6 236.67
62402 19970101 4 51.62
46115 19970804 9 342.42
18370 19970720 6 277.91
60339 19970803 4 46.28
62754 19980412 4 58.64
60570 19980607 7 106.98
83313 19980313 6 324.77
81738 19980713 12 112.07
96873 19971011 10 251.99
47230 19980104 10 319.16
97674 19980629 11 193.77
71111 19981222 10 236.47
49276 19981117 7 189.08
34809 19970114 9 81.32
24476 19980930 2 429.77
76941 19980810 9 492.58
65985 19971227 7 96.36
74587 19981206 12 312.94
72360 19970609 2 198.71
27759 19980627 5 136.02
47911 19970523 8 97.67
57640 19970718 6 145.67
19346 19970904 6 36.31
84235 19980515 8 83.78
93242 19980116 11 267.03
93167 19971223 12 454.65
34810 19970830 5 291.50
14181 19981206 5 186.00
29615 19971218 6 125.88
67036 19981227 8 222.06
66834 19970729 3 482.40
67340 19980129 10 155.32
13058 19971018 2 35.31
60679 19970429 9 245.21
66539 19970123 9 354.32
08542 19970825 10 96.76
18036 19971024 5 293.24
96824 19970905 8 79.44
59086 19981123 7 177.93
26801 19970616 12 249.79
20219 19970513 11 359.30
58549 19980902 4 191.37
23177 19980611 12 62.03
08366 19980219 7 107.65
26057 19980808 8 65.63
13828 19980708 7 496.28
60989 19980429 9 430.85
37543 19971221 7 401.96
52191 19980329 11 184.92
45355 19970101 4 474.43
60811 19970721 2 435.02
04228 19981202 12 316.06
06809 19971004 11 490.74
64873 19980327 8 461.25
27368 19971222 3 296.15
24479 19980410 2 45.36
41937 19980217 3 118.02
09971 19971229 10 468.19
92059 19980427 2 89.20
22308 19980927 1 111.39
22312 19971024 10 221.99
49605 19980421 4 499.78
12382 19970719 4 317.31
43532 19970718 2 345.09
35723 19970905 7 360.14
90398 19970723 6 470.69
09294 19970324 8 391.43
74128 19970618 1 86.26
91814 19970825 6 214.61
14614 19970623 4 330.78
70094 19970119 8 212.87
78557 19980220 3 5.64
45218 19970501 8 114.31
12645 19971112 2 47.63
49407 19980324 9 239.04
45126 19981005 2 498.10
92072 19970415 10 322.27
96292 19981227 11 171.96
46707 19971108 1 313.13
16675 19980802 3 320.15
05262 19980711 10 132.69
92064 19970116 10 38.61
57303 19980427 11 287.73
43834 19970207 10 299.86
79417 19980621 8 298.61
74794 19971231 6 182.04
80437 19971027 5 208.39
22066 19971019 5 124.38
43133 19971223 6 322.22
44734 19970627 9 168.83
49735 19970622 9 330.80
95208 19980612 5 483.38
38968 19971214 1 309.40
49624 19970228 10 339.96
22714 19980911 2 100.02
32550 19970924 2 157.27
98011 19980803 4 356.16
88882 19980504 3 155.68
24646 19981019 3 93.81
80954 19980711 1 121.15
73152 19970917 2 247.95
79437 19980727 6 31.37
55839 19971230 6 436.38
86748 19970320 9 107.75
72298 19980406 8 186.32
71309 19980708 10 129.82
61223 19970430 3 41.34
58906 19971015 2 47.16
15708 19981006 5 375.44
01717 19980106 10 281.09
41362 19970821 10 212.98
52021 19981219 5 91.25
61587 19970530 12 8.81
61836 19981022 7 112.56
96386 19980902 1 195.40
93319 19980821 5 434.39
75534 19970517 7 34.12
48660 19970726 7 92.07
27642 19980616 3 118.55
75974 19971229 1 57.14
56568 19981026 6 376.48
85249 19970622 1 267.21
66038 19980916 7 13.70
18505 19970513 2 492.31
77583 19980130 8 489.31
04816 19970607 11 247.53
39262 19970321 11 225.25
75865 19970501 2 178.20
11505 19980625 10 459.84
67332 19980324 9 344.54
85178 19970601 4 97.05
76866 19970831 11 50.15
49929 19981001 2 276.40
83291 19980619 5 46.35
62336 19971208 11 222.13
50832 19980715 9 209.51
43114 19970605 8 486.33
88912 19981017 5 370.59
29365 19980808 6 319.66
17753 19980307 12 335.69
76460 19980212 2 384.85
18668 19981104 6 58.99
28612 19970118 3 159.87
43327 19970627 1 381.59
18947 19970114 3 180.69
51245 19971004 12 305.68
69175 19970429 4 204.25
86188 19980811 5 16.03
18292 19981219 11 124.60
64499 19980818 2 160.99
80326 19971229 1 441.12
46335 19970319 6 381.69
32442 19980113 4 482.19
62811 19980624 11 155.16
32729 19981109 1 324.19
31070 19971229 3 376.74
54695 19970511 4 237.22
97142 19980115 5 296.88
58261 19970528 7 292.26
51776 19970203 9 30.29
46166 19980604 9 455.59
16100 19971225 6 162.94
81640 19980130 11 435.64
10322 19970705 5 411.30
18280 19970406 6 173.74
98786 19980922 5 83.88
37251 19970925 7 362.67
11281 19970725 12 14.20
86550 19970104 5 230.36
77149 19980316 4 78.92
77424 19970216 10 203.86
18709 19981123 10 463.84
20317 19971224 12 455.25
17055 19970802 9 186.22
68434 19970429 7 30.72
86439 19980920 1 97.10
91642 19970305 1 35.40
00179 19970802 10 482.35
80005 19970119 2 347.36
09642 19980123 11 50.35
20714 19980605 8 98.25
76247 19970520 1 415.78
28843 19981231 12 450.87
23450 19981028 3 114.56
17485 19970923 3 484.66
17999 19980904 12 83.74
53803 19971020 2 412.65
36926 19981006 4 370.37
55127 19980423 6 58.04
40681 19980930 1 471.08
59552 19980923 5 293.07
89562 19970224 10 473.09
49392 19981201 8 378.81
96664 19980327 5 476.74
93201 19970920 9 482.00
58834 19971022 5 134.07
76803 19970209 9 289.03
08691 19981001 3 440.40
69847 19980516 2 170.64
54598 19980121 4 137.35
33987 19980710 5 128.99
55557 19970322 1 39.58
97021 19980526 10 129.57
41790 19970208 5 264.90
32482 19981013 1 450.75
26068 19970418 11 126.39
64657 19981225 10 98.97
33008 19980718 5 122.85
86865 19980524 2 413.55
93436 19970624 1 417.88
60360 19980629 1 235.78
92565 19970309 4 120.03
64959 19980726 1 106.36
52062 19970620 1 105.35
35981 19970715 3 435.29
25478 19970124 8 395.47
04486 19970107 6 386.22
21953 19981214 12 101.69
74398 19980515 3 221.41
13352 19970204 8 199.08
48950 19970725 11 164.15
78652 19970607 6 207.18
90883 19970303 12 28.69
09747 19980408 11 400.09
69502 19971127 2 415.95
22263 19980106 11 56.60
06653 19970913 7 119.27
90898 19981202 11 410.51
58524 19970720 3 247.84
50068 19980507 3 144.35
09150 19980701 2 404.15
02496 19970113 1 281.04
81609 19980902 5 370.74
97197 19980423 10 316.76
22880 19970309 6 194.41
27323 19980630 10 450.53
07270 19970715 9 202.01
16840 19980112 8 269.43
35340 19971230 8 178.01
19158 19970712 10 63.65
25521 19970107 8 404.61
56821 19971006 12 163.39
00935 19980220 6 375.88
21533 19980218 4 494.98
30965 19980318 9 470.98
16305 19970627 5 64.52
12355 19970403 10 479.20
21835 19980711 11 53.89
12349 19980501 8 249.35
72343 19971106 11 238.98
01261 19980806 12 29.84
05096 19970415 10 336.41
19499 19971217 12 69.61
62794 19970202 9 426.53
45366 19970217 4 8.73
32161 19970911 5 467.35
66250 19970403 4 365.30
76497 19980921 6 461.42
59705 19970918 9 372.38
93431 19971128 6 24.87
90667 19980513 2 121.03
71906 19980502 8 31.10
17131 19980705 3 486.35
51773 19970401 10 280.60
27966 19980105 7 409.63
82827 19970130 11 224.03
96043 19981106 10 495.08
47900 19980226 1 16.20
64247 19970813 2 255.34
26314 19981019 1 462.92
09600 19970804 5 299.64
68418 19970503 10 263.88
31461 19981110 1 202.15
54148 19970521 1 452.19
16148 19970515 7 451.94
87053 19971211 4 333.41
21459 19980401 12 398.32
34149 19971031 1 51.51
14000 19980716 1 335.98
95156 19980418 3 61.78
71240 19970630 8 203.98
00020 19970531 7 273.34
48108 19971004 8 354.03
62008 19970324 7 376.03
00184 19980219 5 50.31
70284 19980316 5 420.46
19278 19980806 6 429.74
13537 19971211 6 297.39
89772 19980914 12 184.52
06475 19970705 11 124.37
32043 19981007 9 171.82
81243 19980305 8 75.20
12655 19971102 9 60.28
98108 19970918 8 111.18
72995 19970327 5 230.05
10044 19980423 11 469.45
55058 19980604 11 448.32
91966 19981110 11 332.30
17597 19981004 11 212.09
43589 19980608 2 496.93
29628 19970716 2 127.74
72711 19981124 6 183.63
44648 19980329 10 38.55
33501 19980503 6 257.44
66859 19970714 3 190.33
80999 19980130 11 261.03
08269 19981212 7 169.39
09981 19970611 2 192.53
75707 19980303 9 16.83
46837 19980204 4 173.92
05356 19980227 2 44.93
17048 19970623 12 196.83
74139 19980822 8 365.55
15967 19980617 7 291.65
12282 19970211 9 105.61
41458 19981130 2 61.44
86360 19980911 11 435.93
04242 19971207 5 139.65
48576 19980922 6 499.32
39731 19980115 2 329.54
85633 19971229 10 85.63
66456 19980709 8 251.84
17698 19980218 7 324.73
64813 19970717 11 9.93
01087 19980329 12 40.25
51940 19970207 11 235.87
84164 19971024 8 58.04
89370 19980530 12 254.96
12123 19980430 7 135.27
23920 19970912 6 129.15
68330 19971102 2 11.32
23571 19970228 12 326.90
41156 19980304 1 498.94
48075 19980704 12 138.04
95761 19970128 3 465.43
97844 19980305 5 473.15
95795 19970103 8 232.12
29434 19981116 2 291.14
34914 19980526 11 31.81
29981 19980121 7 467.34
41667 19970708 4 405.92
26409 19970923 10 220.65
65871 19971126 3 352.73
09404 19980330 6 371.11
91845 19981116 1 473.95
21861 19981227 8 477.43
67636 19970308 2 441.37
96561 19981010 3 25.66
95330 19970905 7 361.28
10412 19971211 8 447.23
15142 19970419 5 232.03
30404 19981106 5 275.45
06703 19980304 9 148.13
44589 19970811 5 359.62
46346 19970314 5 475.07
30818 19980225 9 191.59
99806 19970725 12 258.30
07989 19980326 3 51.88
00747 19980312 2 400.83
05516 19980701 3 361.19
39346 19980219 6 222.66
18210 19971124 9 451.18
16666 19970404 10 329.57
68659 19980303 10 192.24
74448 19970823 5 126.47
31698 19980821 8 263.82
01242 19980524 2 279.01
90972 19980913 6 358.48
35961 19970119 9 49.79
79473 19970617 12 10.36
41285 19980212 10 325.49
91730 19970308 4 457.69
50857 19981102 3 202.63
50549 19980527 9 71.95
06177 19970904 6 219.89
56743 19980521 9 68.36
97240 19980326 11 253.79
81645 19971020 11 413.15
80229 19971226 8 260.30
33380 19980901 1 119.55
81112 19970929 5 445.75
28779 19980731 6 214.47
74721 19971019 4 171.42
41616 19971110 4 247.46
31593 19970531 9 220.80
44767 19980119 12 433.48
32754 19980723 9 422.60
87905 19980401 1 209.41
33125 19970703 1 291.75
95203 19981030 5 457.55
65285 19980916 9 307.91
16366 19970310 3 57.16
79801 19980703 4 14.80
04398 19981001 12 279.05
20869 19970123 6 238.97
20878 19980101 3 203.98
16744 19980531 4 379.99
43285 19971205 5 96.14
82707 19980111 6 481.30
86999 19970613 12 295.08
39425 19971124 4 404.88
85514 19971215 12 429.90
33772 19970506 3 127.82
75231 19980112 5 467.38
33311 19971129 5 196.38
21330 19980416 3 329.14
36040 19980606 1 9.37
56837 19970918 2 434.01
23849 19980107 11 389.49
68127 19980707 1 455.47
23947 19971028 12 392.99
10203 19970320 1 310.02
49364 19970204 6 448.89
64154 19980314 6 472.22
33605 19970510 6 108.67
26854 19980814 3 87.54
52095 19980720 7 357.96
88418 19980731 10 374.71
75093 19971027 4 87.32
25056 19980120 7 485.71
06924 19970203 3 135.83
78207 19981106 2 209.04
19105 19980126 1 369.09
86938 19980720 10 347.75
48999 19980627 2 252.50
90384 19980313 8 98.71
45259 19980102 12 161.17
13147 19970811 9 381.24
58916 19970105 4 162.59
87980 19981104 8 176.59
95490 19980211 6 245.14
50455 19970803 6 252.20
55236 19970306 2 476.69
20469 19980316 4 164.33
52802 19980512 7 418.15
93236 19980408 9 255.58
69300 19980930 9 388.31
09048 19971009 11 215.84
11670 19980830 11 469.19
31355 19980621 10 374.08
56910 19980318 5 85.11
44934 19981109 3 29.62
00954 19980607 1 391.93
53735 19970224 10 95.75
41381 19981220 3 100.76
52712 19970726 1 338.66
81753 19970727 11 350.80
71118 19980927 7 297.30
28903 19980911 11 455.39
73111 19980418 1 307.24
79004 19971125 2 444.61
02637 19980519 12 210.28
62450 19980404 7 325.82
74895 19980416 9 146.83
41761 19981107 12 84.64
05637 19970731 1 436.57
55776 19970922 7 78.71
47348 19970630 9 109.73
27437 19980910 8 287.95
71482 19970220 5 381.30
40723 19980619 2 220.46
21260 19970413 9 376.35
15789 19970531 2 112.08
55953 19981226 7 447.12
15514 19970915 12 447.53
60881 19980113 7 102.47
26483 19970223 1 161.13
56185 19980710 11 337.50
69230 19970822 1 309.77
70279 19970610 2 432.11
16969 19971224 5 177.93
52604 19970514 8 74.72
61204 19980518 7 244.75
28908 19980118 4 364.29
51068 19981116 8 258.42
78033 19980624 11 330.84
14740 19970707 8 46.07
74992 19970921 9 432.00
72562 19980627 10 62.82
35633 19971225 11 32.12
75354 19971105 10 396.65
13370 19980608 2 449.61
30033 19980415 3 87.39
28680 19980413 1 169.61
57534 19980118 11 362.34
32935 19971126 2 203.14
96859 19981015 5 335.58
94044 19970106 5 190.55
87436 19980313 3 189.40
81656 19970726 3 207.45
51143 19970714 8 21.91
40169 19980617 3 378.12
82280 19970529 1 331.63
85489 19980510 9 171.98
81885 19980815 7 159.13
03573 19970808 1 7.67
37826 19980524 4 12.12
72778 19980808 12 141.40
84037 19970421 3 87.82
23229 19980622 2 400.64
79664 19970212 1 203.69
15974 19980903 2 156.25
38223 19970303 1 16.06
23282 19980910 9 481.02
01789 19980729 11 361.28
98506 19980310 11 104.36
22244 19981010 9 456.13
61825 19970101 12 50.30
41546 19970710 7 399.01
87417 19970107 12 364.02
13017 19981103 7 296.59
02056 19971220 10 447.69
69012 19970804 12 324.26
68879 19980516 1 245.27
69347 19971127 1 351.90
97498 19970722 6 325.30
15617 19970917 10 495.38
60016 19971101 12 275.29
93217 19981204 12 240.15
59941 19971025 10 331.25
31953 19970719 5 383.50
21573 19970215 10 317.28
06147 19970926 10 432.43
38711 19981005 11 216.73
24189 19970531 3 499.29
58718 19980712 1 20.04
41679 19970930 6 201.70
46547 19980125 10 246.63
01113 19980630 3 267.75
47242 19980629 4 446.75
17778 19980726 11 363.33
17831 19981205 6 439.86
16441 19980910 3 139.92
70812 19981127 3 247.49
58560 19980427 1 87.16
36947 19970812 3 482.83
98924 19980202 5 336.29
15371 19980831 11 48.39
47680 19971204 12 356.84
26684 19970422 10 178.80
75870 19970626 6 336.11
76064 19970318 10 387.59
94935 19980623 3 193.75
13525 19980919 5 180.43
00632 19970603 5 440.64
98819 19970224 10 187.43
19558 19970707 2 165.11
62692 19980416 3 211.32
41880 19980602 2 45.44
30956 19981124 11 6.01
51541 19970128 4 119.73
95340 19970426 7 323.46
44070 19980920 6 29.52
98261 19980826 11 84.20
82614 19971029 2 436.08
75916 19970525 5 46.34
02210 19970608 11 404.62
58935 19981105 1 445.98
50816 19970509 9 334.14
48373 19981230 10 173.79
44226 19970307 6 87.89
57982 19980502 5 358.72
35686 19970814 2 41.86
80749 19981019 3 208.85
90818 19980207 1 58.23
14430 19970927 1 171.21
81541 19980815 11 287.53
20236 19980208 6 260.68
67848 19971010 2 220.10
82732 19970325 8 83.92
73987 19980526 10 453.80
47306 19970301 7 271.66
23759 19980510 1 207.01
47550 19970501 11 386.65
43751 19980922 8 375.98
23419 19971203 4 247.14
01601 19981111 9 188.55
13839 19981115 5 33.47
02371 19980414 7 155.71
64280 19970104 3 415.55
93412 19970115 1 72.42
36500 19970101 7 97.03
50612 19971009 1 303.58
36705 19971215 12 160.30
19001 19981122 11 47.75
38613 19981127 7 486.62
53857 19980721 10 55.01
02092 19970105 5 398.51
66046 19980515 12 471.45
58651 19970404 7 294.78
99667 19971207 1 97.90
88405 19970704 9 429.62
51597 19970124 2 242.94
58045 19980829 8 91.80
83416 19980705 10 351.95
77335 19970506 11 359.06
25789 19981024 9 379.01
70048 19981117 6 451.96
61879 19980131 1 144.32
43075 19980303 1 34.70
12657 19970818 2 294.48
21464 19971213 4 217.98
45133 19970528 3 329.63
32361 19970311 2 464.26
74195 19980420 7 133.95
52852 19980518 12 484.25
39673 19971229 6 394.44
11988 19970813 7 426.80
16244 19971016 12 298.92
81737 19970801 12 357.36
58618 19980722 9 273.82
71754 19970123 2 99.81
45267 19980301 4 178.80
07805 19980810 8 321.88
57488 19981118 1 19.57
52977 19980315 7 50.69
80024 19970812 9 404.54
97841 19980221 10 254.21
64520 19970410 10 106.40
57619 19970901 3 335.37
74532 19980112 10 229.89
90087 19970614 12 252.24
12137 19981010 7 452.97
46551 19980629 12 419.94
55956 19970708 12 69.03
15472 19970323 8 448.27
14793 19981105 2 203.83
23530 19980923 12 216.33
29853 19970225 2 135.04
72759 19980205 1 24.63
33295 19980328 12 453.48
39738 19981105 2 291.10
64618 19971119 1 57.55
80695 19980608 7 345.75
14848 19981128 12 49.17
06934 19970801 11 279.42
08584 19970728 10 169.92
34117 19980912 5 257.15
04324 19971229 12 121.12
31071 19980515 5 87.10
76915 19980410 12 465.25
40405 19980311 5 388.31
96400 19970724 9 425.24
73633 19970117 10 438.03
91365 19981209 2 350.81
48633 19970601 6 212.28
11945 19981020 3 318.58
22881 19980424 4 143.03
18768 19981204 12 68.98
63603 19970103 9 117.91
77489 19970926 2 411.81
09015 19970914 1 265.09
43648 19980103 10 254.00
55586 19980523 8 173.57
94665 19980112 10 242.67
68609 19970226 6 10.91
20749 19970122 4 63.09
08019 19980330 3 434.23
17577 19981107 11 414.29
20686 19971209 3 80.59
24895 19980512 9 215.32
90146 19970426 5 398.77
48420 19981029 4 428.80
16870 19980327 2 485.20
69578 19980322 1 102.51
10031 19970125 7 415.54
95886 19980806 8 347.51
68216 19980714 12 206.15
92887 19970419 11 69.41
20106 19980715 7 413.73
79239 19970103 11 452.53
06633 19970114 4 45.88
54198 19980705 5 145.62
26516 19970611 3 26.18
88338 19981214 10 9.45
86173 19981216 9 370.34
33967 19980121 10 184.87
09511 19970416 9 267.53
50568 19970915 8 224.56
82856 19981123 5 302.37
53274 19980612 8 65.37
52330 19970106 9 438.52
36816 19980511 9 121.80
78595 19970823 7 258.90
53160 19981229 4 137.19
98392 19970317 8 21.20
69522 19970906 10 267.01
30262 19970428 8 273.32
41628 19980403 7 480.27
78475 19981113 6 38.65
46306 19971029 9 454.40
11164 19970901 11 430.02
48936 19970210 9 5.29
56655 19980803 6 106.05
26507 19980705 5 319.91
44126 19980420 8 263.79
72820 19970914 2 309.07
31145 19970830 11 429.28
03533 19981230 6 41.13
27431 19981210 12 268.72
69720 19980303 7 67.89
28127 19971123 4 196.95
52207 19970121 1 303.41
47492 19980428 2 15.79
21525 19970717 6 322.51
39645 19970706 3 404.72
05674 19980326 9 393.93
43748 19970619 8 194.18
51464 19981217 2 381.62
21062 19970626 2 58.53
55518 19970102 9 219.06
56954 19970518 11 494.86
44913 19981111 6 206.57
23492 19981209 12 70.11
93895 19980210 4 121.31
22644 19971127 7 117.41
56314 19970816 4 203.59
86947 19971016 8 273.89
88698 19980428 11 46.36
31133 19970316 12 77.43
12172 19970807 2 293.46
14467 19970310 12 23.41
99006 19970111 11 270.10
81021 19980603 1 497.85
24024 19970210 9 345.48
50854 19970530 10 402.01
94714 19970819 6 175.95
30555 19970702 1 251.75
39601 19981011 10 48.95
16400 19970604 12 344.86
70685 19980420 10 480.87
24857 19980809 8 497.01
47122 19980216 12 477.86
67393 19970827 4 80.31
34810 19970211 9 88.99
48494 19970701 2 16.86
35422 19970719 3 355.11
66240 19970415 2 281.10
11163 19970129 7 67.97
01126 19970424 1 248.77
43093 19981025 4 362.15
77799 19981102 5 55.26
85252 19980126 6 146.98
34599 19980110 8 288.77
36924 19971125 11 262.49
55049 19981108 5 290.47
70294 19970912 5 422.44
93026 19980812 8 295.40
20852 19970715 12 217.02
32729 19981114 2 197.36
58456 19971025 4 340.35
76000 19980721 12 443.99
67070 19980719 1 248.65
01619 19980902 2 82.25
00380 19970627 12 369.64
44812 19970703 12 188.60
01002 19970211 3 251.34
97777 19980911 11 175.72
88261 19980118 4 297.30
88804 19970823 5 32.65
01682 19970905 4 71.05
78920 19971109 5 36.75
63703 19970205 12 108.31
36911 19970502 10 240.38
17871 19980324 2 87.29
30081 19980614 7 486.02
52594 19970702 11 469.13
23595 19970521 7 7.00
53062 19970409 12 273.68
38034 19970427 3 417.88
06474 19971021 2 231.92
23831 19970626 7 206.22
12143 19970123 5 253.33
33658 19980418 6 104.96
88270 19970328 3 141.13
41123 19970917 12 137.96
92162 19980621 5 415.28
75730 19970111 10 51.39
82494 19981006 3 405.44
60273 19980524 5 442.28
73641 19981228 3 466.18
95949 19980530 8 475.48
24664 19970912 3 161.13
01209 19970728 1 440.68
58604 19981128 12 67.30
16732 19980713 4 349.77
04102 19980725 12 84.65
38375 19970104 9 326.25
06213 19971020 8 494.32
49122 19981017 2 452.33
00377 19970117 4 398.37
09163 19980313 2 167.99
49453 19980116 4 177.48
89115 19980521 4 245.92
17736 19971012 3 185.92
27861 19980925 7 351.00
45587 19970408 3 486.75
56702 19980128 2 243.53
35514 19980612 11 272.90
50971 19970531 8 330.21
89124 19980519 3 93.38
47781 19970719 7 453.38
38721 19970505 7 345.05
76945 19980102 1 131.32
74634 19980511 10 279.16
22108 19971122 9 170.95
29223 19980102 7 407.06
65372 19980726 6 364.56
96891 19970921 8 467.86
33760 19971119 3 395.32
16733 19970413 9 402.53
79777 19980803 5 187.25
88174 19970811 9 192.39
83704 19980118 6 147.26
28106 19970221 8 113.01
28935 19970705 2 479.89
67742 19970105 12 351.03
25031 19971227 7 319.69
20962 19980511 2 292.39
06489 19980808 8 195.35
02988 19970617 5 326.28
86229 19981220 3 423.23
82899 19970809 1 448.19
18575 19980328 2 409.45
07569 19970214 9 116.18
46119 19970430 3 11.93
31212 19970905 1 383.95
86721 19971111 5 413.95
70112 19981012 10 102.36
98237 19970127 4 105.05
86291 19970822 8 24.55
97892 19970409 6 219.14
80240 19970906 5 463.04
48304 19970817 2 258.79
60265 19981215 9 472.98
62988 19970421 7 337.86
10872 19980721 7 494.13
40724 19980518 6 215.58
90671 19980605 10 246.44
81639 19980712 9 277.46
70116 19981002 8 383.20
34288 19981213 8 219.56
10531 19981025 4 393.34
75210 19980216 7 493.69
15130 19980610 12 243.96
36636 19980912 12 288.80
33151 19971213 10 484.87
81830 19980620 4 358.07
64189 19980101 9 481.48
25301 19980601 6 294.36
68320 19980517 3 367.37
39712 19980816 6 408.57
90750 19970806 1 38.87
63916 19980818 1 194.13
33576 19970422 2 282.70
42679 19971226 2 202.04
62339 19970828 3 232.01
90841 19970517 6 418.63
47472 19970930 3 333.05
61751 19970730 12 381.98
85239 19981020 3 487.94
10387 19980617 9 492.48
48601 19981116 1 180.66
58343 19970110 10 288.27
45364 19981002 9 80.02
72997 19980130 9 331.39
25333 19980830 10 52.32
70274 19970723 8 295.03
52233 19970331 12 498.04
34223 19970930 4 241.78
18486 19980913 4 182.63
90393 19981013 8 115.14
43607 19970917 4 45.41
64921 19971118 12 190.46
49125 19970316 1 149.26
82771 19980620 2 399.98
18322 19980221 5 301.79
85258 19970802 3 8.78
87324 19981108 12 113.27
81039 19981203 12 379.99
33978 19980722 4 79.45
46225 19971114 3 269.88
97418 19970716 11 428.57
75216 19970828 11 270.61
60394 19970310 7 477.20
41968 19970123 11 456.51
06658 19980107 7 11.68
38033 19970810 5 305.18
53613 19980124 8 192.96
33056 19980424 6 138.78
60020 19970305 7 150.03
56754 19970630 11 122.44
56431 19980120 3 76.91
82509 19970729 9 390.47
74579 19970719 1 172.46
95264 19971108 3 456.32
69485 19970524 6 304.27
95777 19981031 1 166.08
03295 19980728 2 402.13
73395 19971029 3 102.41
99528 19970507 12 470.04
57869 19970920 8 429.15
82620 19970623 12 228.45
83431 19980308 11 255.91
29965 19980608 12 263.09
68253 19970114 1 447.61
37881 19980919 6 389.90
89428 19980925 4 18.13
17467 19980212 11 40.02
51926 19980908 6 92.17
43580 19970329 5 390.11
94349 19970521 4 414.02
73688 19971001 12 295.50
13982 19980209 11 220.56
00295 19980310 11 396.75
83304 19970212 6 242.52
33628 19981127 9 186.70
94175 19980301 8 128.36
44851 19980825 5 251.33
43386 19970813 12 236.75
65868 19980326 9 436.72
60367 19980410 1 319.23
83355 19970307 5 122.00
50255 19970222 4 243.87
76505 19970919 5 335.33
79416 19980509 2 383.76
11391 19970817 11 494.45
62588 19970515 9 131.11
29877 19970120 11 145.42
57362 19970613 2 420.62
63830 19980825 10 215.48
93321 19970505 5 439.90
01893 19980826 10 53.78
75900 19971125 1 432.72
18964 19981120 8 82.76
00500 19980701 5 306.72
41290 19970504 6 487.44
57246 19971216 4 277.29
83555 19980513 9 355.59
98792 19970803 11 488.27
50857 19970117 11 497.56
37183 19980905 5 124.61
43089 19980529 2 489.61
03687 19980221 7 42.97
68607 19970112 6 114.29
71597 19980517 8 298.13
08020 19980116 3 212.29
22543 19980507 1 373.84
30576 19980825 2 103.34
66044 19980711 8 205.54
85206 19980312 3 34.38
86051 19971106 3 112.16
68913 19970718 7 407.46
41624 19980923 6 210.36
76420 19980513 2 449.27
43966 19980710 3 151.43
19590 19970607 12 300.71
21851 19970728 11 11.89
49490 19970425 6 239.35
15413 19980615 8 229.38
83666 19980514 10 56.92
05320 19970620 8 142.28
31964 19970603 6 493.84
27781 19971226 6 60.67
64745 19970123 7 210.06
30636 19980407 11 445.76
49820 19980701 2 189.97
20300 19981218 4 212.94
89672 19980116 3 157.14
88272 19981020 1 183.22
32797 19980623 12 118.34
47271 19980911 11 42.58
56271 19970323 7 187.63
54664 19981116 10 282.13
20981 19970624 5 443.72
86147 19970930 7 158.38
17996 19971219 4 198.95
35668 19980425 5 297.21
78670 19980706 4 219.68
67368 19971025 5 270.10
93802 19971207 6 199.07
97583 19970227 3 18.23
17994 19980527 4 351.83
82697 19980307 3 217.35
22030 19970224 1 336.40
47303 19971030 10 318.51
52969 19980912 5 379.26
38668 19970511 11 299.24
97535 19980802 7 93.76
87695 19970111 2 72.65
22616 19971108 6 382.94
90757 19980822 4 294.84
94104 19980710 3 312.88
10686 19970429 9 47.55
37799 19980113 2 129.87
81564 19971017 8 213.25
82168 19971020 7 395.71
97845 19980907 5 81.52
12275 19980701 11 152.75
16764 19981207 7 402.71
79313 19980513 9 40.19
90678 19970619 5 375.16
13214 19971123 2 365.33
39184 19970607 6 483.56
21024 19980228 4 8.96
89401 19970201 3 367.81
67336 19970907 9 395.22
88738 19980621 3 429.37
27542 19970201 3 423.94
05076 19980919 11 423.54
56055 19971118 8 348.41
99191 19970516 1 387.11
29550 19970430 5 445.68
49650 19970706 5 328.29
04095 19981025 12 245.92
05020 19970430 7 156.75
81931 19970917 6 291.24
45008 19970608 9 198.21
53281 19980212 11 303.92
97524 19980221 6 308.90
89923 19980618 10 134.32
19404 19970729 9 66.37
70758 19970726 11 493.75
58777 19971104 3 183.27
83575 19980410 4 284.77
80624 19970420 12 375.56
77305 19980526 12 479.85
84600 19970219 9 293.44
16383 19980716 10 323.17
65384 19970303 2 194.34
17655 19981110 1 115.43
55976 19971108 4 314.30
55633 19970630 10 330.37
43963 19970313 12 232.81
46723 19971019 5 404.31
60454 19970127 6 171.02
95029 19980915 8 113.06
27782 19971226 8 228.68
55454 19971223 1 359.92
12777 19971004 8 46.01
88329 19980425 4 45.45
93878 19970326 4 491.03
35679 19970711 5 437.73
96457 19970509 1 465.26
92338 19980718 2 42.45
54565 19980901 6 233.74
66267 19980805 9 222.15
29678 19981005 10 419.80
08608 19980617 6 72.35
17179 19980625 12 21.46
74128 19980325 6 205.02
42176 19980426 8 254.61
63147 19980818 1 239.15
52064 19970327 1 302.98
33421 19970402 5 356.30
91953 19971104 8 269.99
54746 19980120 6 34.93
98289 19970615 2 418.00
13553 19981206 2 447.64
82660 19970829 12 227.78
48268 19970905 11 214.32
78305 19981215 3 367.98
67823 19981202 3 475.65
62638 19980628 7 454.71
38102 19970831 1 400.65
19055 19970907 4 474.11
45323 19980301 10 395.16
08252 19980730 4 336.12
62328 19970328 8 135.75
61917 19980427 8 112.79
01585 19970404 12 356.16
29049 19970127 4 360.31
30557 19980506 2 206.53
89947 19980916 7 289.16
43359 19970318 7 20.46
05293 19970202 12 120.86
92287 19980901 9 494.65
41214 19970403 1 265.08
90915 19970307 5 35.29
24199 19970317 2 252.99
58549 19981212 1 44.92
89312 19980114 5 490.75
93592 19980217 5 103.17
93652 19971105 2 231.56
82025 19980505 4 471.42
56162 19981217 5 29.09
21884 19980929 12 363.27
43038 19970915 5 317.55
71983 19980301 7 208.57
86908 19970315 2 476.24
12993 19970927 2 455.45
02366 19970915 11 66.97
84681 19980427 7 451.25
55598 19970220 5 174.61
67845 19971129 11 154.04
03270 19970225 11 481.98
50555 19970523 8 84.34
21748 19980501 5 112.04
07944 19980712 11 313.07
50345 19971024 9 310.51
55468 19970211 8 439.09
11296 19981030 8 247.32
47990 19970206 6 96.91
00831 19970116 2 425.01
04445 19980406 12 259.73
22635 19970304 7 193.72
07133 19981102 2 438.80
44821 19971110 4 69.03
04706 19980319 11 314.64
47425 19970610 3 86.67
36937 19970213 10 279.76
07976 19970423 12 444.29
78943 19970913 5 284.77
47941 19970228 6 264.18
24469 19971127 8 168.12
14085 19970126 6 142.63
54944 19980328 1 162.10
76520 19971115 2 330.79
56581 19970110 1 488.01
17170 19971110 9 62.69
38853 19980606 1 429.78
64479 19971007 2 79.77
64204 19980202 4 185.90
50939 19970508 5 292.18
30085 19971005 10 402.35
39119 19980911 12 280.86
00928 19970327 6 436.39
38619 19971101 9 450.13
83725 19970212 2 146.91
57492 19970609 1 451.44
21101 19970326 10 480.26
99646 19980225 4 264.42
49028 19971201 5 321.80
18942 19971003 12 106.95
89568 19970705 5 319.02
14518 19970626 3 247.66
19117 19971230 12 73.80
61129 19980608 11 496.43
68720 19970511 9 35.45
11066 19970820 11 221.43
87244 19970924 4 437.40
92271 19971205 12 5.86
97480 19980408 10 76.08
07810 19980527 1 148.84
27101 19970611 9 483.44
47243 19970306 8 31.01
19205 19981005 4 380.59
47836 19980212 12 33.60
23271 19980410 11 186.86
00620 19980701 5 492.53
70770 19970304 3 67.62
54911 19980812 12 481.01
83385 19981214 9 476.55
43685 19970405 3 48.50
32119 19980116 11 281.38
75449 19980530 6 39.95
44454 19980719 12 389.93
06416 19980827 9 300.24
24396 19970508 7 339.22
56142 19980207 10 441.35
16827 19980902 3 183.89
85754 19970912 1 88.24
13010 19980315 12 52.33
61498 19980113 12 316.75
10633 19980330 3 207.76
13393 19970916 3 62.90
67403 19970614 2 447.63
30504 19980806 11 353.54
99674 19980102 5 198.33
20279 19980119 3 454.92
21338 19980116 10 120.80
09065 19970518 11 133.46
06774 19980403 3 60.94
04427 19980121 2 252.91
99243 19970302 10 325.99
56589 19971105 1 345.12
76801 19970718 8 83.98
48465 19980906 11 331.59
90239 19981006 8 371.50
12232 19980325 2 114.72
52766 19970126 3 291.06
58079 19980722 10 254.48
08117 19970731 12 458.50
83497 19971204 2 50.36
72996 19980113 7 87.88
29353 19970212 11 97.05
78624 19971214 5 413.85
66852 19971122 9 26.04
79713 19970107 4 55.63
13767 19970103 3 90.60
84860 19971023 4 24.84
53433 19970419 4 59.65
42588 19980409 12 381.58
64975 19980621 6 286.94
27761 19970730 6 143.99
73273 19980306 1 288.13
07459 19971229 7 106.59
60426 19980208 1 413.71
20582 19980213 11 255.58
35023 19971010 11 293.72
44066 19981116 9 412.82
32985 19980121 8 189.50
87920 19971214 10 237.77
28741 19970411 4 326.25
49078 19980115 3 321.52
11305 19981007 6 294.84
20492 19970405 9 360.78
97069 19980621 3 355.69
17066 19980625 8 128.85
54788 19980204 9 311.84
56904 19980326 4 47.76
40385 19970721 11 184.21
59735 19970523 4 445.56
28267 19980411 3 422.58
98389 19980205 10 260.40
07834 19981007 3 90.11
75594 19980613 8 247.37
20325 19970730 5 149.82
36225 19970506 2 349.95
13169 19970704 5 243.00
86237 19970329 11 51.70
16720 19980621 1 54.46
77627 19970515 8 158.86
64345 19970213 4 238.34
34966 19970717 4 255.12
19300 19970501 1 435.38
11136 19971127 8 450.23
62197 19970527 4 158.02
26815 19980515 2 40.57
53881 19980321 8 449.17
50095 19980924 4 159.96
25172 19980115 9 15.25
04506 19970616 7 74.82
48155 19980413 3 13.70
61497 19981206 6 128.60
91131 19971024 3 166.71
06457 19980605 8 247.65
37809 19970705 11 478.21
20476 19970912 10 412.48
51630 19970511 6 431.24
51203 19970309 10 370.52
68401 19980125 7 111.44
99018 19971220 1 340.65
99602 19980807 11 400.35
33861 19970114 11 468.11
76190 19980403 3 448.45
26323 19971013 11 29.48
02289 19970521 7 390.10
20837 19980608 6 452.60
10556 19970627 9 46.21
50034 19970529 10 73.47
74730 19980727 6 476.69
81462 19970413 9 104.19
54632 19970702 8 496.15
74071 19980603 8 126.57
10087 19980324 8 205.97
27291 19970421 2 351.03
79852 19980628 11 162.11
94420 19970602 10 403.78
49482 19980227 10 60.45
95472 19980606 10 377.29
99368 19971120 2 314.63
70267 19981005 4 277.82
89456 19980109 4 280.59
05481 19971010 7 188.43
46535 19980227 3 328.58
39907 19981016 7 63.56
04810 19980619 11 137.84
57875 19970122 6 239.57
63126 19980306 6 240.33
10863 19970401 3 172.66
06682 19970829 4 378.39
00284 19970603 12 201.65
05124 19981018 4 490.18
48201 19980512 12 465.44
29662 19970614 8 9.83
60683 19970629 3 146.40
23959 19980412 11 421.72
05552 19980809 10 120.04
10270 19980726 11 20.95
92471 19980213 4 275.66
80545 19980908 1 27.22
11423 19970814 5 471.90
76483 19970225 6 69.61
81292 19980723 10 363.84
07323 19970726 12 211.82
73634 19980811 1 333.23
28640 19980803 7 16.30
35650 19971208 6 349.50
03358 19980204 2 157.12
77733 19970325 5 119.85
48727 19971223 9 297.00
51284 19980705 10 117.42
59396 19980702 2 466.23
42682 19970929 8 408.31
11232 19980817 11 66.97
74682 19980302 5 448.18
00050 19980805 9 372.18
08057 19980816 12 193.15
78845 19980330 5 379.63
91639 19981020 3 485.48
52362 19980822 2 283.76
18519 19980613 3 368.83
86390 19980218 8 106.69
76183 19970927 5 213.36
00079 19970930 4 429.49
96569 19970503 2 300.42
37658 19980119 10 182.40
99539 19980608 6 483.74
14345 19980825 7 417.62
17748 19980507 9 146.25
40060 19970627 2 163.71
97473 19970324 6 179.99
72334 19971019 4 184.12
42871 19981213 10 437.47
20759 19981005 8 299.16
33244 19970225 10 476.01
35270 19980514 9 271.26
93182 19970911 6 368.54
13849 19990101 10 422.40
62588 19980702 11 80.64
33657 19980820 8 347.13
03902 19981111 12 92.88
79694 19980308 11 6.17
18281 19980218 9 399.96
21153 19970311 10 383.63
94823 19970204 1 376.83
84532 19970121 7 292.25
17204 19980226 10 37.04
67260 19980420 12 289.30
72755 19970318 4 130.39
96259 19980330 12 221.26
82160 19980427 5 197.83
51028 19970629 1 415.39
59094 19980620 2 282.26
53486 19971101 5 57.83
30793 19980605 10 134.52
02428 19980107 4 305.05
91392 19970131 3 249.37
46856 19970909 12 67.55
39078 19980509 3 165.15
95644 19980518 4 281.91
35133 19971125 5 224.18
26929 19981216 11 455.91
23741 19980728 10 88.00
85711 19980819 9 440.50
97117 19980528 11 20.71
00334 19971121 5 102.25
77137 19980608 1 194.66
60109 19980723 11 478.95
12223 19980321 7 367.79
65086 19980618 3 89.14
10085 19970725 1 211.56
38147 19970709 11 269.16
94748 19970419 3 362.47
78813 19970930 7 48.20
19124 19980404 2 466.69
38256 19980128 6 313.71
09708 19980312 10 412.04
46555 19970123 9 267.43
93324 19970317 1 22.64
78216 19971007 5 165.09
99225 19980612 10 416.24
54509 19970721 5 171.07
15753 19970828 4 98.01
94079 19971005 5 225.77
35497 19970208 4 395.59
86281 19970506 6 103.67
55416 19980617 6 110.19
59818 19981022 11 124.72
66469 19980826 4 263.41
99345 19980617 1 37.73
53321 19980727 2 89.77
73440 19980305 10 401.30
90167 19970809 4 372.90
95523 19980106 7 374.00
67661 19980102 2 285.43
04942 19970610 8 380.54
64479 19980316 6 23.19
09735 19970321 3 269.19
11588 19980108 12 318.99
77961 19980520 5 130.11
13747 19980208 11 324.67
46663 19981118 2 314.62
78337 19980129 3 470.25
16643 19970809 5 349.41
62811 19980202 9 18.20
83171 19980215 8 153.23
52823 19980506 3 260.42
16355 19970512 2 320.40
41596 19970529 10 140.75
52131 19981028 2 97.11
63417 19970118 2 125.17
45276 19970226 6 279.46
31652 19980416 9 405.43
53241 19980724 12 210.73
11429 19980529 5 210.82
60335 19970719 2 76.97
54348 19980120 1 11.39
05455 19980429 11 234.63
01960 19980212 5 235.57
57998 19970710 1 301.49
94042 19980921 11 345.74
59123 19970715 12 452.60
78023 19980920 7 418.09
37819 19970109 11 261.25
60148 19980622 11 119.06
27200 19980118 6 470.83
08893 19970403 12 221.15
49080 19980620 10 78.11
84604 19970612 12 378.43
38079 19980714 7 464.79
23382 19980502 2 160.58
71397 19980705 12 84.26
45405 19970419 5 351.70
96392 19980321 3 439.57
23769 19970908 6 495.22
68360 19971113 8 366.06
27159 19970412 3 487.35
56047 19970723 7 9.34
64642 19980706 1 107.17
62671 19980901 4 264.67
07501 19980804 11 370.08
23862 19970815 3 62.96
59234 19970916 10 457.90
58696 19970608 3 381.83
50646 19980523 12 121.54
47581 19980802 1 234.02
52432 19971018 2 442.02
86313 19971028 5 348.40
69802 19980113 7 461.97
55740 19980116 2 373.01
72045 19980908 4 205.53
72166 19980122 7 474.83
17014 19981017 9 458.65
01633 19981227 4 338.25
93734 19970122 12 194.69
39531 19980520 9 309.35
82905 19971025 10 341.31
60240 19980101 4 308.71
42879 19980104 9 233.14
54669 19980623 1 71.10
54352 19970224 10 13.61
73755 19981030 9 237.58
34713 19981213 11 73.42
38582 19970907 7 262.96
18125 19971028 3 44.51
58097 19980116 6 325.15
79183 19981030 12 454.20
90622 19971214 1 492.85
67380 19970326 6 460.22
81626 19981006 8 275.55
50638 19980217 12 80.46
82111 19970110 9 298.02
51045 19971010 9 109.77
40528 19970630 11 158.72
30596 19980804 9 399.92
82139 19980518 7 302.83
14842 19971203 4 164.72
71338 19990101 7 80.81
50303 19970411 2 11.46
94786 19981110 9 49.67
01429 19980415 4 226.55
70346 19980614 9 26.87
44779 19981117 10 299.62
98236 19970611 4 339.11
19274 19980704 8 185.37
90679 19970526 1 54.06
41917 19971202 9 247.16
94294 19970410 6 342.44
15320 19980301 10 207.34
97988 19970224 8 48.19
10953 19971026 2 491.03
25307 19971201 5 413.37
86003 19980529 9 309.71
82672 19981109 11 468.02
51502 19981207 7 29.49
06787 19980315 6 212.86
25370 19970817 8 50.28
07632 19970807 4 146.43
52815 19980129 10 255.98
58866 19971005 3 217.88
33479 19970905 4 377.46
90840 19981119 5 350.21
60333 19980711 4 78.80
74991 19981107 5 134.75
72902 19980420 11 438.50
34479 19980305 11 407.70
65972 19971007 9 27.01
90462 19971008 1 434.62
95688 19980702 8 5.11
25205 19980609 7 303.39
69910 19981006 8 74.68
23587 19981214 2 113.54
30521 19980826 2 307.38
26314 19980103 11 477.71
04596 19970907 2 411.33
79999 19971119 12 456.76
17451 19970512 4 36.00
39503 19980621 7 152.40
64835 19980830 1 355.82
79573 19970214 8 144.30
06218 19970302 2 120.93
28039 19970729 12 282.85
47328 19981031 1 158.17
09045 19980702 10 231.71
09358 19980430 9 203.55
79101 19970603 11 226.21
80672 19970303 8 12.38
93335 19970529 8 432.15
22738 19970917 4 212.55
49934 19971014 3 494.04
10059 19981104 10 84.43
65219 19981202 10 317.74
55066 19981209 10 52.75
58081 19971228 8 309.72
16131 19971019 12 448.03
01445 19970530 11 163.93
42160 19981222 3 53.42
46199 19980930 5 133.74
37775 19971002 4 16.25
67972 19970808 3 389.49
04977 19970907 6 34.92
33252 19981010 11 300.80
83047 19980219 10 296.94
20238 19970302 5 467.25
49447 19980408 4 381.21
11017 19970726 12 478.56
98190 19981217 9 254.99
25973 19980324 10 268.47
43474 19980712 11 160.57
34667 19980820 2 327.90
64493 19980220 6 51.98
51905 19980816 11 37.70
28860 19970601 9 425.03
47632 19970830 4 280.20
18086 19980613 9 96.68
79497 19980822 1 7.61
23251 19980216 8 65.17
23075 19980704 9 428.15
50691 19981221 1 278.72
47235 19980104 2 355.58
94014 19970407 4 99.36
79712 19970515 11 338.37
06019 19971004 12 348.64
22475 19971216 7 64.44
23714 19980721 11 249.99
58795 19980914 2 426.78
39469 19970502 8 362.66
13362 19970815 5 115.29
83845 19971019 11 280.47
44096 19971003 8 378.95
61451 19970629 12 64.24
05464 19970930 12 41.51
06713 19980905 5 431.57
85095 19980909 8 380.23
63783 19970514 8 435.03
96571 19980525 10 431.75
74101 19970208 1 64.41
71795 19970324 8 42.84
53800 19971128 2 180.66
77772 19970713 9 194.02
68822 19970130 4 21.53
01382 19970119 4 197.98
51140 19980115 1 227.50
62111 19970424 3 156.60
87043 19980805 11 338.52
41409 19980320 3 374.11
30929 19970807 12 54.57
49165 19980916 10 34.81
63622 19980116 11 118.03
02728 19980830 6 119.27
97420 19981027 5 254.88
46111 19980123 8 433.02
88749 19970205 11 341.86
99706 19970705 9 224.10
10052 19981127 4 21.21
85421 19970409 8 293.62
63507 19970404 10 251.24
72305 19981109 8 106.49
26971 19971015 3 75.12
36021 19970712 12 129.94
82927 19970606 2 321.40
51693 19970811 7 141.68
80192 19980926 8 484.78
09577 19980818 12 173.50
75397 19980902 3 350.70
06097 19980324 9 228.90
31962 19980617 12 282.60
80844 19980401 12 493.57
73681 19980412 4 115.47
10093 19980629 7 481.81
40639 19971015 6 365.09
50589 19980304 5 252.31
45293 19970625 12 453.51
91583 19970208 5 400.89
61436 19980901 4 265.91
24999 19970910 10 146.51
87961 19970126 9 403.01
94694 19980428 10 168.63
16174 19980917 8 248.83
86181 19970708 5 25.78
30312 19981111 12 497.28
88331 19970806 9 435.78
96712 19981202 2 79.37
76814 19970217 11 483.76
67382 19970421 6 492.98
84350 19981119 11 405.26
83121 19980424 7 14.16
84008 19970113 10 256.92
93646 19970926 5 329.80
43536 19980901 8 79.12
68671 19980423 2 327.68
99823 19981022 1 218.44
27357 19970121 1 43.99
65171 19970120 8 220.73
26682 19980422 11 217.81
39012 19980405 11 438.16
93955 19980119 12 462.98
56788 19970814 3 395.97
42515 19980213 6 340.52
50697 19980507 7 394.32
15802 19980908 3 484.58
46127 19970828 12 288.59
19592 19970906 12 78.60
44407 19970527 11 145.16
33907 19980901 11 435.29
61006 19980525 12 51.04
70302 19970516 9 229.91
14493 19980425 2 345.02
49717 19980801 6 345.53
94209 19980622 11 259.84
06287 19971118 10 37.80
99269 19980922 5 94.48
07048 19980707 4 201.12
57153 19980731 1 391.20
69216 19971116 8 242.55
62224 19980418 12 399.40
33104 19980210 9 119.79
76799 19970930 2 62.21
49072 19980115 6 485.58
12667 19981225 6 360.74
15241 19980719 9 242.13
63066 19971027 5 262.07
28231 19970427 7 391.48
04990 19970103 2 103.08
94087 19971216 9 437.22
77447 19980124 9 141.38
03581 19980819 8 263.56
56699 19980531 11 223.89
71749 19980628 9 349.40
28888 19981006 5 88.95
62945 19971016 7 229.00
29191 19980913 1 155.36
37979 19980817 1 84.13
73916 19980205 11 67.14
68924 19970728 2 460.38
50725 19970401 8 207.37
36749 19980405 2 245.10
29767 19970715 7 109.61
08304 19970328 7 358.69
35072 19980907 8 6.66
54111 19980603 12 222.67
87178 19980416 3 495.78
87854 19970428 3 416.19
42301 19981209 2 153.65
35157 19980219 3 125.07
28188 19970614 12 90.11
80874 19970806 10 388.76
86759 19980427 8 394.54
68398 19980324 4 317.42
37146 19971214 7 305.89
67745 19970918 12 160.55
25615 19981203 1 314.70
50700 19970122 10 424.67
51345 19980221 2 19.95
02968 19980206 3 328.25
85448 19980911 12 267.69
56927 19970105 1 404.16
02196 19980927 2 289.98
59719 19980614 3 387.06
16509 19980319 4 409.38
28200 19980919 3 484.97
01354 19981213 6 134.50
16868 19980612 10 169.24
13933 19970903 12 406.53
43037 19980320 3 146.35
83032 19980312 11 268.78
26253 19981119 8 467.45
69214 19980124 3 163.41
93346 19970805 2 183.71
63606 19980527 4 230.62
63872 19980106 11 436.66
19280 19980901 1 498.76
95106 19970212 7 182.69
03154 19970804 9 61.28
05106 19980215 1 351.11
96249 19970527 4 493.67
33035 19970720 7 8.77
53391 19980412 9 65.51
74915 19980917 6 359.07
63379 19971203 12 499.44
27396 19970121 12 85.47
78076 19980114 10 327.96
82393 19980901 10 87.63
79723 19980830 10 203.93
64716 19970210 11 255.78
89781 19971210 11 401.84
16699 19980714 2 326.48
68420 19980617 6 311.74
96561 19980808 6 183.42
50034 19980331 5 194.40
14023 19970810 8 197.87
50345 19971025 10 247.35
28549 19981023 6 84.11
40169 19970225 7 236.45
49259 19971211 12 112.73
39941 19970318 7 14.19
34610 19970515 7 239.99
20892 19971220 1 195.26
48158 19980219 11 471.94
03230 19980224 3 337.37
35537 19970715 12 12.91
24979 19970721 1 91.22
49242 19970413 12 403.66
01705 19970324 12 210.01
66715 19970502 2 239.18
17458 19970607 5 68.24
46486 19971203 6 178.98
09534 19981130 11 376.68
90791 19980503 12 177.04
08386 19970515 12 57.29
43396 19971224 8 391.42
11356 19980105 2 138.95
45859 19980730 3 443.54
90596 19970601 1 107.28
50291 19980515 6 139.68
54172 19980814 9 185.41
26228 19971126 5 192.26
74480 19980527 9 262.11
07402 19980221 7 102.11
28813 19980928 6 35.24
59109 19970304 9 315.33
51724 19970718 11 164.89
79135 19980919 1 119.16
51236 19970915 7 7.45
63685 19970921 1 265.52
44060 19970318 10 477.64
80972 19980517 10 245.34
30086 19981216 12 227.01
61567 19980914 5 83.71
61157 19980303 11 91.18
09621 19980709 12 174.58
12927 19980310 9 58.43
88372 19970728 4 376.55
79827 19970315 4 119.28
49052 19970215 3 328.94
55965 19980323 9 5.80
74291 19971021 11 94.65
88477 19971111 12 123.36
03275 19970816 12 398.44
55450 19970728 8 362.86
59048 19970330 5 343.03
33290 19970923 2 378.47
56504 19980713 3 138.50
87531 19970714 9 386.51
28263 19981116 5 28.76
42345 19970807 3 204.46
97501 19971106 3 33.63
83189 19970801 1 173.33
42052 19970711 4 173.56
80911 19970216 3 371.73
31497 19970412 2 455.69
20770 19970905 3 164.27
27994 19980311 12 490.89
83064 19970111 1 410.78
05469 19970314 1 417.29
82480 19971210 8 174.35
67617 19970224 12 221.11
11936 19980819 2 17.56
59094 19980909 9 109.44
07133 19970629 1 72.34
50538 19981206 6 336.62
93099 19970330 2 431.58
22169 19971020 10 406.61
48827 19981214 3 389.72
39728 19980302 10 261.27
34681 19970430 3 237.27
26845 19971025 8 472.55
30453 19970522 7 228.48
16975 19981102 3 378.20
10957 19971011 7 233.11
05176 19980413 12 341.61
97737 19980201 12 110.58
81635 19970316 1 476.45
11147 19970729 7 314.29
31068 19981229 7 333.83
18718 19980428 6 410.83
52786 19970814 7 407.71
51361 19980304 11 444.59
80080 19970718 4 401.02
52230 19971011 1 454.21
93339 19970131 4 335.31
18501 19970329 7 17.18
61109 19980419 3 139.32
71763 19980131 5 435.01
28762 19980306 3 370.59
33865 19980528 8 472.91
09233 19970310 6 346.47
33589 19980822 1 460.09
05604 19980416 8 440.62
38599 19981025 4 202.12
51856 19980214 6 162.86
86018 19970818 2 275.97
86878 19981221 8 76.20
17749 19980228 10 249.96
37220 19970820 9 132.69
59509 19970612 9 283.12
99101 19970222 4 105.67
10512 19981217 8 380.06
22658 19970629 12 205.34
11410 19970326 12 492.42
43008 19970428 6 197.31
98160 19970603 2 38.60
04906 19980409 9 290.79
66672 19981220 2 157.74
55990 19980805 9 499.85
69824 19980520 1 88.61
04083 19981225 8 288.42
54460 19970612 9 335.22
01408 19970416 12 216.78
88010 19980625 11 413.77
40989 19980813 6 466.46
84336 19970528 2 168.79
02046 19970403 3 485.88
90342 19970828 4 217.20
43455 19980814 4 409.27
22701 19980424 3 25.01
44702 19970717 2 456.08
28554 19970110 11 483.19
20486 19971228 7 45.59
62505 19981021 4 67.71
91451 19980112 2 252.63
19960 19980307 9 140.25
63689 19981115 1 346.49
45934 19980321 8 90.23
47209 19981220 12 306.93
19012 19971221 12 198.78
05582 19970621 3 124.91
20158 19981008 8 57.53
87338 19980413 1 346.89
52685 19980224 8 492.31
78190 19980527 5 416.30
62749 19981018 11 219.55
47903 19980827 2 26.20
55290 19980507 1 314.05
94529 19971005 10 220.71
97355 19970315 9 303.64
59360 19981228 7 435.78
59300 19971021 5 438.63
32896 19970724 3 189.49
06054 19980716 6 360.06
91386 19980805 2 386.32
25732 19971227 1 398.33
49798 19970125 2 100.83
55248 19970513 4 335.20
80089 19971212 5 134.80
48144 19981222 5 358.75
81581 19980803 5 118.52
75059 19970420 12 272.94
72383 19981220 12 121.31
05541 19971119 8 172.09
47773 19980526 1 62.96
13597 19980701 7 164.26
01381 19970909 11 444.23
00064 19980322 8 26.25
85721 19980216 3 140.03
79183 19981024 3 73.00
70309 19980821 4 208.11
92044 19981129 12 188.20
13952 19980609 5 249.31
67959 19970617 7 283.33
79815 19971215 2 56.04
07138 19980320 11 100.37
65621 19981013 11 146.33
05043 19980416 4 36.95
26658 19970607 5 360.94
55031 19970906 9 351.28
65611 19980813 8 465.56
27904 19980707 7 369.86
05613 19981027 10 479.85
92887 19970701 2 54.10
73393 19980124 4 66.89
71589 19970524 9 412.85
42867 19980524 3 87.56
06149 19980918 7 114.08
75485 19970720 5 69.99
28510 19970526 11 362.08
88251 19970604 2 326.50
77614 19981031 3 39.99
86658 19981102 12 34.85
85747 19980628 4 236.43
57797 19981014 3 288.90
02806 19980804 6 78.78
32082 19970112 8 135.64
11317 19970814 8 323.78
36012 19980421 9 253.20
42696 19981105 11 82.39
14898 19980313 12 445.02
68445 19971204 3 311.90
50943 19970722 5 491.66
81939 19981021 9 215.88
24588 19970317 10 239.99
79427 19970606 2 326.65
02225 19970615 9 21.19
72148 19980410 10 452.50
55315 19980506 12 374.40
68163 19971106 12 168.32
13531 19981219 2 242.91
51675 19980124 4 266.57
78582 19970302 10 479.59
71783 19990101 6 409.79
86621 19971216 5 121.93
84855 19971226 12 35.00
35450 19971209 6 220.69
93611 19970124 7 165.52
50306 19970131 3 235.45
75221 19980502 7 115.49
30511 19971228 10 163.27
47813 19980224 7 390.91
49743 19970914 4 320.97
36834 19971216 11 139.32
76896 19971209 6 350.60
05882 19981218 1 131.82
18826 19970321 9 76.10
01628 19970104 1 374.56
75363 19970615 6 362.77
08864 19980927 2 496.64
06430 19970623 8 469.79
84677 19980320 3 63.26
47097 19971227 8 474.88
17477 19970704 7 408.92
29147 19971029 8 165.99
71622 19980625 1 310.13
72838 19980107 4 218.84
11178 19980107 7 43.37
79137 19981214 6 144.98
75287 19971014 12 189.53
02021 19971003 6 283.00
61971 19980701 11 371.91
38979 19980424 11 242.85
53482 19980405 6 228.32
84651 19980806 11 440.24
82931 19970807 11 172.84
38551 19970105 4 152.39
61397 19970720 6 127.04
40810 19981218 8 307.23
14832 19970518 11 8.04
64681 19980312 7 117.74
20219 19970310 2 333.87
26443 19970723 8 495.31
82754 19970814 7 447.57
03172 19980928 6 139.29
85945 19970819 12 405.47
11305 19981019 7 277.88
41469 19970526 7 17.57
45321 19970329 11 414.71
48930 19980304 11 221.88
42531 19971220 9 140.01
43846 19981125 11 186.71
36242 19980511 1 200.18
90109 19970615 3 156.22
14829 19980220 5 345.89
86429 19980117 5 147.95
18897 19971231 11 456.95
84439 19980508 7 43.09
69302 19981222 8 452.51
81948 19980205 6 414.66
52487 19981015 6 428.26
88358 19981027 6 55.35
80877 19980217 11 379.49
66628 19980821 8 270.89
65223 19970902 7 203.99
71755 19980119 9 353.92
87817 19980813 6 63.12
92895 19970412 9 388.00
26815 19971219 8 72.86
57464 19980104 5 336.22
60969 19971101 12 229.12
81469 19970329 3 147.52
58596 19971030 2 376.71
34551 19970212 12 432.18
47710 19970507 6 278.88
06795 19980728 2 104.39
40398 19970804 1 365.43
45776 19970124 5 223.60
55901 19970202 11 322.73
96469 19980312 12 336.54
69473 19980403 12 310.74
80595 19970206 8 331.73
13980 19981010 8 44.09
82173 19980123 5 232.03
18863 19980731 1 409.67
45345 19970107 11 177.86
35153 19980226 4 390.28
20242 19980219 10 221.14
33752 19970713 6 470.27
35780 19970926 12 415.06
40166 19980516 1 42.16
90608 19980106 10 438.76
03309 19980225 2 95.23
55212 19981122 9 73.61
28123 19970702 12 81.48
59427 19970212 10 333.81
91855 19970904 8 144.04
08273 19970516 12 220.55
76228 19970129 5 248.46
88454 19970902 4 431.70
60697 19970312 6 322.62
22298 19970217 6 484.56
17074 19970729 6 118.39
11033 19970329 6 245.35
93043 19980208 10 284.63
14628 19970117 2 449.83
57286 19981027 8 269.08
92883 19980514 4 419.14
56757 19971026 9 383.11
91678 19970316 2 103.19
33647 19980504 3 461.49
56590 19970615 12 302.99
38353 19980225 10 495.16
12622 19970906 9 67.71
69339 19971225 5 363.71
31571 19970107 12 345.75
60684 19971125 6 280.28
27337 19980711 10 142.05
88754 19970902 4 120.94
55336 19980428 10 279.83
74348 19970615 7 37.80
46745 19980901 3 101.73
45878 19980120 8 225.63
43604 19981025 8 417.82
71296 19980716 6 284.32
58340 19980315 3 278.17
76979 19980209 3 310.09
76589 19970317 1 224.54
61501 19980417 2 461.12
74447 19980717 6 411.44
38600 19980723 10 292.98
36509 19981007 12 356.11
81636 19981214 2 17.00
54481 19980426 4 368.04
19363 19970211 8 448.11
83154 19980516 5 264.50
75836 19980404 10 103.72
60640 19980927 5 143.85
63114 19971129 2 170.50
73401 19980115 6 351.15
40062 19980408 2 382.78
06596 19970119 11 354.13
62132 19970901 8 114.52
52817 19980408 10 101.80
74417 19970526 7 454.94
67426 19980306 4 147.37
30759 19970907 6 248.13
45478 19980918 9 322.25
10129 19980901 7 83.36
93749 19971216 3 222.19
80413 19970319 3 285.62
43870 19981125 1 399.52
92109 19981218 1 45.52
46387 19980405 3 499.78
04707 19971106 5 427.09
53900 19980805 10 42.98
37578 19971202 7 461.73
61304 19980313 10 115.59
67197 19980727 11 101.45
21004 19980419 12 128.05
89441 19970210 3 409.29
40854 19981004 7 90.90
19788 19980120 3 291.90
53606 19981229 7 127.45
75008 19980222 12 348.15
29781 19981211 5 146.82
28105 19971127 11 412.59
90111 19981015 2 425.07
96905 19981113 12 202.59
86018 19980925 5 181.61
47327 19980607 11 284.26
65311 19981205 7 291.85
50745 19980709 1 259.10
44734 19980314 4 194.22
72298 19970707 12 395.28
81042 19970607 12 432.04
02264 19970830 4 462.59
23843 19980225 4 417.93
65431 19970815 5 477.52
58551 19970613 2 132.46
60306 19980601 8 180.79
84231 19980430 7 419.19
34775 19980715 9 138.01
51314 19980704 6 44.18
34287 19980416 5 410.89
26749 19970327 8 489.72
08216 19971201 10 349.04
69314 19970504 5 473.44
29207 19971113 11 276.89
94644 19980830 2 5.36
55127 19981217 6 94.09
58226 19971030 12 400.58
78908 19980119 5 483.27
29305 19980927 12 428.46
08024 19971127 4 255.19
92471 19970709 7 351.28
07036 19980705 4 488.67
63497 19980910 1 326.72
35757 19971024 10 306.48
53015 19980918 8 173.77
49608 19980624 6 342.79
82954 19981123 8 69.05
90355 19980628 11 492.06
13669 19970426 1 15.83
63288 19981008 4 166.79
59173 19971116 2 201.95
33837 19981202 11 361.25
69865 19980820 3 489.13
18049 19980324 5 211.31
26348 19970921 3 328.15
49474 19971017 6 267.19
41380 19980714 10 212.85
39415 19970323 4 265.08
97956 19971013 1 397.35
79019 19980606 4 147.78
08101 19981020 1 195.66
02457 19980601 9 257.84
88961 19980122 7 43.35
87434 19971118 11 420.03
67191 19971206 12 188.62
99491 19970108 11 243.11
79460 19980404 12 261.08
34002 19981009 6 378.59
21671 19970715 6 265.21
46653 19981022 11 135.80
35916 19980428 6 276.38
98293 19971127 11 47.12
45623 19981023 10 475.15
40643 19980309 11 396.22
69978 19970525 10 428.40
76252 19971117 3 440.55
72439 19980302 3 278.56
30011 19970711 1 217.09
09703 19980227 9 110.00
59270 19980216 12 408.39
85747 19970606 11 51.15
32551 19970126 11 226.62
00361 19970606 7 53.31
95102 19970831 11 427.34
39952 19981104 9 96.13
10336 19970925 3 128.76
31461 19970807 12 352.69
87410 19970602 4 171.51
43414 19970524 8 72.93
81142 19971212 8 270.25
91081 19971210 12 462.86
03004 19971114 6 439.34
88222 19981107 9 212.23
88133 19971109 5 387.16
90707 19980522 12 311.40
76680 19971111 5 89.48
44576 19971129 5 16.82
64652 19981007 9 205.63
26145 19970428 10 258.43
53212 19970819 10 180.77
30489 19970115 7 474.25
18338 19970414 8 287.04
80895 19980811 3 244.94
94254 19980401 12 24.76
76498 19970510 12 209.79
70137 19981008 8 16.41
55997 19970525 1 136.34
45412 19980302 1 97.22
57795 19970906 3 325.08
59240 19980219 4 232.12
68516 19971005 10 92.63
66806 19970519 2 223.18
49974 19970227 7 471.05
72481 19970301 10 209.11
55292 19980704 11 128.78
78175 19970613 4 439.69
76559 19970919 2 237.89
53868 19980724 2 476.72
33958 19980502 9 287.32
74218 19980412 11 391.19
54252 19980105 10 206.37
07383 19981202 6 6.11
03602 19970426 12 431.33
63603 19971218 6 441.67
56045 19970304 2 493.93
69276 19980331 2 286.38
28065 19970428 11 257.51
10827 19970622 1 408.75
66086 19970918 3 143.26
69684 19970629 4 120.54
56790 19980213 8 95.91
92245 19980305 3 228.73
41484 19971007 7 94.35
14354 19981027 8 461.48
90343 19980415 12 170.91
10141 19970416 8 337.28
21871 19980116 6 347.87
20683 19980131 8 118.39
68479 19970811 5 99.12
52323 19970905 4 470.00
94507 19981215 11 463.74
90343 19970626 12 19.24
45198 19970814 9 279.54
13323 19971113 9 128.24
66157 19970802 8 265.30
23956 19970806 5 173.85
81395 19970622 9 439.50
07040 19980613 9 59.39
57476 19980822 5 440.58
73567 19980622 3 183.38
93866 19981017 5 80.49
79000 19980513 1 387.00
20059 19970924 6 242.06
44360 19971026 12 62.28
73298 19970407 5 316.87
48800 19980508 8 93.93
34548 19970919 12 359.82
23035 19980125 4 163.62
37107 19980117 6 107.55
13801 19970607 3 256.42
91132 19970401 1 209.58
32107 19970523 7 212.03
51970 19970317 1 394.82
52001 19980625 11 281.91
40287 19980726 10 456.91
65090 19970811 8 110.83
14822 19970719 5 154.66
73063 19981219 5 72.49
28348 19980118 1 366.38
68925 19981124 9 60.87
49229 19970203 4 43.53
66985 19970814 12 351.48
30603 19970127 1 24.87
76511 19970603 10 427.24
28274 19981113 10 427.61
58772 19980810 8 285.42
43391 19970302 6 155.15
18844 19970120 8 134.82
23403 19980504 5 77.50
20046 19971217 10 38.36
57609 19970419 3 295.52
93295 19980128 12 226.49
71710 19980423 5 82.78
48291 19981017 12 189.97
62917 19970405 5 330.12
77581 19970202 4 119.38
68515 19980321 11 98.05
37598 19971213 6 226.79
63061 19970715 10 251.51
98944 19971015 4 295.69
44668 19970107 10 75.25
25096 19970723 1 26.84
60179 19980308 9 164.83
44830 19970930 1 225.22
42614 19971216 8 116.39
03022 19980825 9 132.36
28769 19981031 11 160.73
41369 19980524 9 172.27
68794 19980315 8 248.29
40147 19970815 2 405.20
82721 19980406 12 176.66
57451 19980525 10 95.94
10672 19980706 10 413.27
31809 19980413 1 196.33
31677 19971002 3 363.55
24476 19981223 1 300.94
93041 19971025 9 93.47
38979 19980606 2 52.60
95235 19971117 6 257.80
25192 19971229 1 266.86
86811 19980228 11 494.18
99361 19980114 3 343.66
36930 19971016 11 38.21
90517 19970525 5 472.52
73521 19971220 2 282.46
59368 19981029 9 101.53
13845 19981015 4 497.10
72051 19970314 6 464.87
00280 19970603 12 496.62
13385 19970817 10 280.18
12992 19981219 6 164.19
71291 19980703 5 21.68
22175 19980209 4 267.33
34420 19980522 4 260.90
02384 19970212 4 36.34
28049 19981110 5 139.83
76287 19970527 12 311.38
74346 19971022 12 154.94
81113 19970513 12 164.30
00985 19981018 5 209.50
89364 19980924 2 42.39
34052 19970401 6 308.03
19448 19970806 9 277.56
92359 19970808 7 217.27
32488 19980301 2 140.26
66236 19970627 5 416.24
84393 19970129 2 17.76
54139 19970321 1 160.69
61076 19970124 6 442.96
24877 19970524 10 334.45
09661 19970311 8 168.31
63067 19970112 4 126.78
18622 19970302 5 158.14
02076 19980915 3 213.16
75959 19980925 1 79.26
30893 19970301 6 85.52
56171 19970801 9 456.30
80000 19980126 6 352.88
91328 19970916 11 28.63
08937 19980802 4 427.00
91955 19980110 6 397.36
44599 19971120 3 292.34
90168 19971207 5 144.62
02132 19980919 10 391.57
27468 19970322 11 133.99
57433 19970911 6 275.59
36268 19980617 6 285.49
05662 19980106 11 371.25
73789 19981207 11 182.94
44195 19981103 12 58.36
64592 19980710 7 62.22
10071 19980121 11 464.24
64592 19980604 11 447.05
59838 19971021 5 298.78
77638 19971029 7 393.78
06798 19970610 4 489.50
68436 19970225 5 336.50
50871 19970416 2 127.45
11568 19980425 7 242.91
95408 19980915 3 345.63
54650 19970202 7 447.07
52797 19980820 6 467.90
98748 19970201 12 320.42
00642 19970116 12 16.54
72828 19970228 5 427.11
53220 19980122 12 369.46
22450 19980422 12 134.63
33666 19981126 2 410.80
78206 19970304 8 272.56
63371 19970128 8 478.71
40547 19980218 10 362.86
38913 19970708 9 278.36
95334 19980226 8 435.27
26033 19971217 12 323.10
01915 19971109 6 24.16
15689 19970423 11 28.89
57615 19970527 8 58.26
34744 19980902 2 474.16
21149 19980618 10 349.10
88255 19980314 11 38.21
18980 19970516 9 176.16
48234 19981006 12 200.28
95150 19981001 6 107.45
38964 19980809 4 113.39
35263 19970801 6 421.40
94736 19981203 9 373.75
29538 19980417 12 35.01
71247 19971125 7 464.04
97675 19980606 12 331.54
15229 19980406 4 184.63
08622 19971205 3 70.79
30389 19970617 8 230.45
61226 19970802 11 476.52
10148 19970217 1 119.86
24681 19970516 4 26.30
65913 19980305 2 360.31
98034 19971004 3 25.13
24857 19970115 10 138.88
49605 19970619 3 454.66
95938 19981215 9 94.28
69593 19970521 1 129.45
95393 19980202 8 489.36
22325 19980213 3 76.87
27008 19970205 7 349.49
42699 19970614 9 148.27
57123 19970908 4 108.24
51291 19980107 8 281.08
91320 19981220 10 135.53
52702 19971101 7 258.89
64150 19971105 5 350.19
24488 19970407 11 457.63
70306 19971116 12 40.10
84243 19980811 7 357.06
18956 19970708 11 332.31
75746 19970904 3 40.00
26571 19981010 7 112.88
92422 19970607 2 103.61
16782 19980427 2 459.79
68951 19971124 12 399.73
87110 19990101 9 244.02
07839 19980813 9 103.48
02022 19970728 4 75.42
25121 19970722 8 79.34
23638 19970711 5 460.63
52904 19970129 3 120.57
42645 19971019 11 121.05
80516 19971126 7 402.51
81750 19980405 7 432.05
02523 19981125 6 414.83
00191 19980521 6 403.83
52079 19981105 2 416.94
48451 19970226 12 69.58
43435 19971116 9 343.98
89483 19980319 11 472.96
59476 19981129 2 241.75
20249 19980106 11 395.94
16349 19970308 9 255.31
37946 19980616 12 347.87
88782 19970207 2 27.03
01998 19980830 8 494.01
50951 19970427 8 43.92
72035 19980902 8 144.06
26349 19970324 3 52.89
82775 19980121 8 12.41
10566 19981003 11 166.96
73869 19970612 7 143.17
86374 19980913 3 136.92
67458 19970526 12 100.36
90067 19970703 5 470.54
39027 19971027 8 241.55
29246 19981213 11 66.11
63075 19970917 11 453.05
98529 19970831 5 403.78
37620 19971007 6 98.46
99599 19980110 2 48.05
21644 19971105 8 413.61
22963 19980312 7 129.89
74903 19971017 6 490.09
28400 19980511 12 257.38
45093 19980205 4 218.58
36378 19980610 4 419.23
10016 19981221 5 57.48
57051 19981024 11 22.45
19157 19980502 3 18.50
31052 19980514 8 477.66
18451 19981217 12 385.05
50727 19970924 8 491.03
14507 19971009 5 198.89
29914 19980406 6 268.73
10760 19970401 8 162.66
44286 19980529 12 341.04
39784 19971122 12 344.57
60669 19980212 10 120.99
37832 19970707 8 335.26
37748 19971016 1 288.59
51218 19971223 6 404.28
72870 19971015 4 176.01
07010 19981013 8 291.84
04599 19970629 6 57.15
00554 19980702 6 76.08
59985 19970908 4 246.94
04858 19970110 11 482.35
46536 19971205 4 385.72
25740 19970716 1 257.27
55079 19980220 1 67.12
22138 19980101 3 60.48
90840 19970629 8 366.09
25425 19980414 6 245.81
72711 19970923 7 314.67
89481 19980129 3 291.11
44416 19980829 7 478.25
55519 19981209 6 32.22
96925 19980224 3 185.60
81940 19970224 9 288.76
19926 19970712 1 309.53
55292 19981201 3 179.11
09759 19970909 5 145.78
54481 19970523 5 61.60
70724 19981012 1 268.99
41834 19980604 2 399.29
36192 19980121 10 178.98
87616 19981019 3 227.20
36913 19970816 2 50.77
55604 19970107 2 234.03
43199 19980501 8 248.88
01813 19980920 6 58.99
66272 19970730 12 292.50
92981 19980127 9 358.62
85925 19971209 9 100.72
45718 19970607 4 74.93
42936 19980508 4 235.25
16328 19980817 10 30.11
91188 19971019 3 113.78
63749 19971204 10 488.63
01163 19980914 7 185.55
48371 19970830 11 202.62
87297 19970202 9 445.51
18599 19970321 5 313.38
82720 19980724 6 236.45
43779 19980407 10 263.81
36958 19970720 10 444.48
98411 19980817 9 433.82
22321 19970425 9 67.39
95025 19970425 10 91.45
30829 19980727 7 383.64
81142 19980817 6 155.53
23083 19981027 9 439.76
64559 19980318 6 402.64
31323 19971113 3 476.57
32673 19970914 11 49.85
59310 19980418 6 181.34
03188 19970806 5 140.00
18463 19981008 9 191.17
31322 19970430 11 442.35
84989 19980530 9 489.16
50736 19980415 9 144.37
14745 19980119 2 223.75
12727 19981019 10 410.70
24608 19970125 11 481.84
58885 19970805 6 156.99
44203 19981126 3 121.35
64439 19970721 9 408.84
98862 19970525 7 411.48
34865 19980725 9 436.78
40255 19980807 8 155.06
36127 19970224 3 222.84
76305 19970504 6 153.88
05390 19971108 3 385.84
50451 19970802 8 54.97
71105 19970510 4 27.37
85941 19981021 8 75.79
32608 19980815 4 23.23
70177 19980924 4 404.44
61572 19970817 9 270.37
74826 19980128 3 291.54
54078 19981030 9 160.61
25637 19981004 6 298.95
54891 19970820 6 118.22
79526 19970109 3 365.75
13532 19980901 2 498.75
64063 19970423 2 180.18
43533 19980707 7 488.96
69523 19981205 9 35.31
33345 19970705 1 202.54
09959 19981011 8 11.26
80305 19970606 11 150.62
40451 19970419 1 247.00
16877 19980520 9 441.68
64872 19980814 2 299.87
06901 19970216 10 98.99
59045 19971106 2 67.39
56572 19971231 1 267.32
11867 19980418 5 267.92
61319 19981103 4 36.41
84868 19970625 12 146.70
07702 19970520 3 42.44
24378 19980510 5 189.19
73010 19970605 11 248.52
56890 19970826 1 73.95
91803 19970725 8 140.78
91319 19980225 5 491.06
67768 19970904 8 145.31
18925 19970220 11 55.00
52898 19971228 3 78.90
16456 19980417 8 432.82
68966 19980501 2 404.56
07292 19970610 11 54.30
10834 19971119 7 179.87
48207 19971218 6 404.01
20952 19980211 4 296.86
53546 19980403 1 486.86
88584 19980731 6 397.37
65821 19981015 2 141.25
23087 19980826 12 122.09
54180 19980801 2 367.65
05415 19980303 3 324.00
60235 19981118 8 223.08
36745 19980403 6 68.92
44769 19980427 3 448.10
97346 19970321 1 146.45
43335 19970702 6 275.77
12529 19981218 6 448.36
52362 19971014 3 11.81
86259 19970217 5 38.88
08697 19971124 3 305.61
62595 19970705 3 53.27
24922 19970624 8 265.09
96693 19980625 1 113.56
95110 19981104 10 286.35
72686 19971215 11 156.59
12688 19970129 10 223.27
82947 19980902 6 47.54
71517 19970122 12 162.37
64812 19980618 8 113.78
66627 19971123 8 36.15
05409 19981106 4 126.13
81209 19970103 8 209.47
96432 19980319 9 134.41
49029 19970506 4 195.28
55281 19981030 6 317.41
99803 19980823 5 383.73
21398 19981227 4 451.08
94658 19980709 2 258.53
72042 19970528 2 405.45
17987 19980611 12 59.08
62362 19971023 9 487.06
11241 19970206 8 390.71
25939 19971111 1 415.64
67668 19970624 4 498.87
13211 19980531 2 286.87
81791 19981117 5 485.89
60023 19980925 4 477.78
11859 19980309 8 379.91
29009 19970406 5 290.29
55986 19980416 4 188.05
88961 19971204 11 18.80
45224 19970421 4 408.04
34202 19980826 3 357.94
93114 19981003 11 353.17
36461 19981121 2 64.67
96647 19981104 3 421.40
90040 19971112 6 251.66
87499 19981027 1 481.81
21065 19971103 12 478.94
67402 19980207 9 461.95
93088 19981113 5 486.34
81178 19971203 11 231.52
68101 19970627 11 255.61
22866 19980806 10 252.41
30604 19980628 1 35.11
09174 19970626 9 392.14
83461 19980324 8 149.16
31356 19970828 8 119.63
38577 19970921 11 385.60
03873 19980508 6 332.98
47645 19980319 4 72.44
55643 19981222 10 302.48
66450 19970825 5 352.21
99121 19971006 12 451.60
60833 19980406 1 472.38
29922 19980215 1 248.33
88851 19980621 7 16.28
04110 19971117 5 381.18
35875 19970112 12 294.08
73372 19970308 1 450.22
13294 19980411 1 328.11
14549 19971021 5 291.16
45603 19980420 11 493.05
50408 19981118 4 433.28
16902 19980219 2 469.07
04103 19970912 3 282.39
67623 19970301 5 319.30
37472 19970706 11 229.98
62119 19980228 10 452.70
49293 19980422 5 53.78
01953 19980216 7 25.55
60404 19981229 7 75.03
49697 19970910 8 328.43
79221 19970428 7 454.28
33408 19971231 9 30.44
82612 19980613 6 195.20
50954 19970512 1 242.61
96477 19980808 10 61.69
22685 19971031 7 181.72
96523 19980924 5 478.72
98213 19971015 1 93.42
91982 19980701 11 104.54
04176 19980601 5 85.38
73140 19980707 12 25.56
57349 19980307 4 78.20
80815 19980719 6 303.57
92750 19980310 10 408.08
09139 19981029 5 322.29
26232 19980124 8 410.03
80481 19970116 3 173.65
78715 19981114 12 344.92
27822 19970225 2 283.46
30457 19970613 3 203.61
71344 19980523 9 88.54
22949 19980323 8 421.68
72999 19981031 10 165.40
37652 19970421 1 395.86
17397 19981225 9 89.87
95567 19970912 8 101.68
67118 19971029 5 350.62
29177 19980803 6 65.54
10750 19981015 1 295.64
49396 19980512 9 351.03
43561 19980108 4 192.35
91279 19980127 4 381.21
98987 19970619 4 225.29
36754 19970902 10 89.15
41029 19970217 7 205.43
25091 19971210 6 192.80
78127 19970907 9 395.46
64079 19971110 1 325.16
54717 19980420 11 39.93
56838 19970925 8 313.53
04823 19980516 3 366.17
01988 19970531 9 311.24
72728 19970925 5 404.45
91832 19980602 7 474.79
86748 19970720 12 111.15
44571 19971218 1 21.47
18124 19970302 5 64.83
12642 19981102 6 150.42
73332 19981108 8 338.95
86408 19970716 5 460.22
47799 19980501 7 290.32
47716 19971119 9 317.15
08368 19970502 4 438.66
33990 19980822 10 188.21
22645 19980212 9 35.99
79676 19970417 12 146.02
01351 19970520 4 147.61
71458 19970329 4 22.68
14587 19980724 1 320.68
33843 19980524 9 184.51
13170 19980414 5 86.83
75143 19970125 8 339.28
32522 19980308 5 150.07
13910 19970303 6 36.15
51245 19970813 5 497.25
44672 19980110 3 29.22
56486 19980314 11 288.61
64679 19970907 8 212.41
45971 19980322 12 29.26
63937 19980323 8 312.96
68563 19980120 8 167.58
85068 19970425 3 50.88
23745 19980601 8 360.82
91699 19980512 8 459.48
70281 19980208 1 121.76
51457 19980722 11 360.16
91516 19980104 3 446.20
78170 19980827 2 263.84
31674 19970512 4 206.16
12722 19980116 2 142.72
32473 19980404 10 374.99
16109 19980506 8 416.04
83018 19970527 5 459.88
06146 19981207 1 318.86
42785 19971028 4 346.66
90247 19970505 12 208.52
93664 19980414 3 23.24
70392 19970611 8 217.34
43855 19970512 5 50.76
18788 19970512 7 43.51
44646 19970418 10 302.04
08193 19980503 7 40.98
17254 19970123 7 380.92
31970 19980825 6 190.93
84714 19980205 7 458.37
82957 19970603 2 301.54
23218 19980906 4 159.92
78806 19970804 11 155.97
63009 19980122 5 256.68
40040 19970727 5 122.47
24499 19981106 4 425.75
54600 19980728 6 179.53
79908 19981113 12 67.28
08868 19970606 6 65.51
02319 19971201 11 282.20
03340 19971025 8 493.39
13382 19981231 10 55.29
00684 19980211 6 24.73
79553 19980225 6 137.36
23734 19970414 5 443.39
59199 19981123 11 371.20
78874 19981222 7 7.05
15493 19970408 7 72.32
50696 19970906 12 322.77
49612 19980720 7 229.53
77476 19980226 9 349.35
65169 19980424 6 415.52
71896 19980207 7 363.90
78682 19980527 4 33.98
53119 19970812 1 147.29
23544 19980912 11 262.70
86831 19981221 5 133.30
26599 19981118 8 232.59
84383 19981203 11 449.34
70244 19981130 8 136.61
43716 19971117 10 54.72
35080 19971002 11 371.54
04255 19970210 7 193.13
91495 19970706 11 457.27
24643 19980402 3 491.71
30751 19980529 2 427.40
14989 19970708 6 398.20
63575 19970509 1 166.91
56712 19981229 5 400.78
64252 19970411 8 203.11
07740 19981031 4 294.24
85135 19980107 2 215.65
19535 19981017 1 248.16
91890 19970307 4 145.47
84152 19970521 6 426.76
11424 19971031 8 444.42
55679 19970313 2 356.90
25766 19970910 12 144.03
45468 19971108 2 44.86
93573 19980801 12 416.66
43769 19981017 2 453.65
79293 19980905 6 175.81
06158 19980423 7 56.65
46319 19980602 3 370.87
11368 19981225 12 34.32
84322 19980822 7 76.48
41447 19980824 10 200.59
16435 19970402 12 496.42
49224 19980804 8 421.21
05371 19980729 9 39.85
78388 19980319 4 72.84
96010 19970224 6 478.60
28102 19971226 5 113.61
94719 19980521 3 359.98
69354 19970106 5 374.97
32020 19980119 8 55.04
17069 19970926 7 124.46
17056 19971022 5 8.13
10546 19971003 10 457.28
71057 19970720 2 125.84
69153 19970411 8 178.79
38755 19971106 7 145.50
00856 19970809 5 93.90
03543 19980816 4 282.92
19648 19980910 4 494.02
05959 19970212 2 245.19
60257 19980801 6 39.48
55661 19971215 11 259.92
57614 19971101 11 468.40
86267 19970306 9 345.54
13537 19981014 9 140.82
07291 19980724 4 200.40
18602 19971018 3 145.38
58834 19980511 5 171.02
09697 19980416 5 369.52
51714 19970708 5 61.66
13835 19980531 8 89.80
34212 19980607 12 140.23
59708 19980806 3 388.47
02776 19980624 3 224.13
06856 19970303 1 144.20
01101 19970119 5 396.93
62856 19971124 7 165.43
88194 19980202 11 274.01
91071 19980603 8 215.71
49583 19970708 11 62.95
05859 19970909 10 469.42
85029 19980411 4 450.30
31249 19980824 8 411.86
72881 19970607 1 301.26
53813 19970831 9 244.99
94593 19970528 6 258.63
29130 19970630 4 202.78
18575 19981203 2 55.49
89549 19981128 10 36.22
34255 19980909 4 332.19
66715 19970303 10 358.85
56401 19970303 10 48.86
88238 19971229 2 375.05
24622 19980608 3 461.80
75858 19970703 1 74.65
30398 19980608 6 113.54
10624 19971013 3 365.94
11447 19971203 3 462.10
04388 19980727 5 161.95
15302 19970123 8 237.26
18442 19971118 3 264.01
92343 19980518 9 166.55
89480 19970512 9 362.84
09848 19980129 9 182.99
16125 19970207 9 241.17
34095 19970704 11 164.87
76309 19971111 1 381.83
34540 19971102 1 471.29
00519 19980929 1 290.38
92789 19980817 11 174.18
83617 19980414 5 436.43
85967 19970318 8 91.35
95419 19970124 7 331.92
74457 19971224 10 55.83
24688 19980721 3 42.81
62798 19981229 4 365.64
72034 19971022 10 464.22
67808 19980921 12 130.09
13719 19970702 2 291.07
83547 19970115 1 295.59
46161 19980831 9 332.77
90212 19970828 6 414.87
63792 19971005 10 61.20
32196 19970129 5 459.82
28901 19980120 8 340.35
88442 19981004 1 140.34
47547 19980609 10 329.43
03795 19981213 8 365.63
49750 19971104 10 182.48
98133 19970215 9 496.69
31665 19970510 3 201.23
58407 19970512 2 293.12
84260 19970301 2 186.14
22796 19970612 6 290.15
38935 19980817 7 265.87
10852 19980305 11 151.62
58377 19980929 9 345.99
32948 19980724 2 374.64
71834 19970928 10 360.94
52506 19970916 9 160.62
52974 19980620 1 462.39
23549 19970525 8 212.72
12281 19980413 3 271.00
40845 19970415 8 151.66
50990 19980206 7 157.50
00682 19980131 8 235.46
25267 19980813 11 53.22
77942 19970831 4 206.63
75986 19980406 10 79.32
29836 19971029 1 244.81
56191 19980827 6 458.33
36807 19980518 4 445.15
15966 19970104 1 405.36
51673 19970429 10 452.32
72752 19981101 8 270.82
38814 19970311 8 108.06
25567 19981030 2 39.38
78922 19980226 11 136.93
92258 19970221 9 237.92
53106 19970624 6 153.99
62613 19971218 3 140.41
84857 19980102 11 271.05
95492 19970418 4 87.98
90233 19970705 10 355.43
07562 19970116 7 272.08
32797 19980624 4 252.49
22829 19980402 9 293.63
82600 19980504 6 460.95
63836 19980929 8 307.80
65688 19971201 10 124.99
07322 19970119 11 77.61
79420 19980508 12 352.80
31783 19981011 1 188.28
34251 19970917 2 334.22
40262 19981017 11 64.23
90062 19980527 8 31.12
12192 19970105 11 418.06
85348 19970327 11 270.64
45666 19980123 7 213.31
80529 19980210 9 219.12
96159 19971103 2 154.43
89947 19970224 2 373.02
33870 19980731 12 203.59
85354 19970310 6 93.96
59658 19980202 10 144.11
05709 19980227 4 161.19
14507 19980930 12 445.69
44420 19980118 6 362.62
73944 19980301 11 312.02
11987 19970413 3 52.23
03316 19980220 3 74.74
58396 19970608 11 31.75
51700 19970404 3 345.68
33832 19981029 11 188.25
31908 19980718 6 465.90
55045 19970926 9 486.03
82069 19980814 7 17.76
90930 19970516 12 355.76
79749 19970322 10 179.02
29063 19980904 5 251.58
05172 19971123 12 408.33
13140 19971220 4 482.23
18551 19980221 5 469.21
44009 19970901 11 463.59
81589 19980415 1 476.29
55842 19970409 11 463.10
64652 19980723 7 454.80
52445 19970406 8 309.48
77744 19980513 11 125.15
34419 19980720 11 236.87
45984 19970912 9 302.15
18780 19970605 5 274.61
21627 19970212 5 102.58
50951 19981008 8 209.27
72032 19971023 7 437.92
32674 19970518 3 485.51
20745 19970502 7 332.59
27088 19970228 8 171.30
26104 19980129 5 196.83
89564 19971118 11 249.64
95146 19980127 3 203.27
86966 19970523 6 269.12
46256 19980917 2 52.90
08576 19980831 9 225.08
30780 19981230 4 443.63
14110 19980525 5 302.16
39877 19980626 1 29.27
45914 19970429 9 88.82
50252 19970413 1 117.86
45198 19980507 2 236.30
75356 19981117 10 58.69
36483 19980314 12 176.78
08416 19981001 11 304.03
93351 19970503 12 116.27
72976 19970215 7 295.48
83726 19970914 3 96.56
55942 19980112 5 466.69
51260 19970504 10 212.78
39409 19981021 5 370.94
81148 19970925 5 251.70
50683 19981202 4 159.34
35946 19970109 12 376.90
27915 19980506 4 196.62
55315 19970929 7 18.11
31716 19981203 8 340.58
53114 19970417 4 287.57
10799 19970918 9 50.12
31129 19980102 6 226.37
55710 19971105 3 136.56
35190 19980512 8 156.88
64704 19980519 9 160.55
81170 19970104 5 400.11
43290 19980403 11 246.56
40375 19980511 9 426.41
84607 19981023 11 335.64
83458 19980912 6 227.15
96581 19980805 2 135.88
75925 19980806 10 44.24
59441 19980929 1 378.93
70246 19970316 5 376.66
59880 19980707 2 476.51
28257 19980525 3 97.26
87791 19980324 4 5.96
48452 19970524 3 484.97
05790 19970630 9 343.88
86287 19971028 2 415.12
83409 19980424 1 350.06
83389 19980210 11 315.07
21066 19970711 1 191.69
09775 19970809 7 154.33
15245 19980210 8 213.48
98052 19970523 8 281.59
18766 19980821 4 438.70
40301 19980110 8 283.03
71574 19980825 7 479.83
07444 19970408 7 300.08
26347 19970609 10 82.20
89161 19980904 9 202.83
65396 19980817 4 482.28
62909 19970225 10 239.50
12724 19971222 12 221.89
72953 19980709 5 160.68
91565 19980613 7 381.18
20919 19981020 10 112.57
34416 19970512 9 187.38
06180 19980612 12 16.73
63903 19970717 10 76.50
68398 19981212 12 161.77
71328 19980928 3 478.30
17948 19980213 10 51.02
09420 19980416 10 355.35
86647 19970827 8 15.22
13102 19970826 2 434.51
75845 19970620 12 160.80
24580 19981228 9 498.20
33414 19980302 4 483.80
88900 19980825 1 273.56
30209 19980622 12 18.65
24988 19980212 8 230.14
60379 19970422 8 224.46
68772 19970102 2 156.55
52179 19971015 1 432.91
54992 19980716 7 334.25
77208 19970416 1 243.51
27788 19970202 4 225.37
76239 19970330 2 128.87
46642 19970806 6 61.80
58942 19980827 7 320.68
97913 19970326 6 106.18
95779 19980331 10 306.33
34208 19980114 12 382.11
29403 19980302 12 282.80
90325 19980609 2 366.15
65565 19980317 8 417.82
53654 19970228 10 101.36
83736 19970122 6 141.67
76518 19980510 6 145.92
48219 19980207 12 106.98
50089 19981101 1 329.91
34196 19970203 7 186.50
11025 19980315 8 254.18
02227 19980117 6 309.57
10868 19970311 5 235.91
46366 19970824 3 31.17
59177 19980719 1 13.43
69421 19980508 7 353.42
60975 19970223 10 279.59
01598 19980318 5 101.46
93724 19980804 5 300.95
12778 19970517 3 366.71
08397 19970313 11 414.20
63133 19970119 4 109.46
63756 19970521 8 72.49
52796 19980118 8 108.51
25686 19970525 11 23.70
19674 19980123 12 166.12
32717 19970923 6 415.07
26811 19970620 5 262.78
49877 19971105 9 406.84
40624 19970826 8 392.95
30633 19970612 5 200.55
07740 19980531 12 446.06
30848 19970421 11 182.98
05621 19980518 12 283.65
57507 19980726 1 380.02
39550 19980318 4 282.01
62023 19980311 3 219.62
00423 19970903 5 366.75
77810 19970720 4 12.16
46084 19980424 4 392.24
31615 19970915 3 152.21
53232 19970125 9 424.78
33600 19971028 12 60.85
60762 19990101 2 66.67
40203 19970913 10 89.32
99112 19971103 7 76.39
14180 19970201 6 283.03
15853 19980911 12 329.89
92206 19980626 3 329.55
20293 19980303 6 293.43
32499 19980114 2 405.03
21626 19980207 1 409.06
21407 19981122 6 449.56
62029 19970705 5 227.17
72969 19980410 4 147.67
66957 19970101 2 240.89
51644 19980330 6 496.78
45995 19981121 8 21.58
31468 19970110 12 140.24
22185 19980910 9 74.65
81323 19971118 4 63.11
30204 19980925 8 243.71
55679 19970609 6 408.18
92476 19980525 5 135.64
48413 19970511 12 131.35
32405 19970226 2 242.57
22799 19970515 8 315.29
84735 19980107 11 339.47
22637 19970213 4 67.54
43028 19970724 7 193.76
51028 19970508 4 88.27
02795 19971231 3 158.76
11824 19980706 1 137.51
46727 19970618 9 13.25
21164 19970925 2 208.83
79513 19970516 2 384.24
72117 19970204 1 180.45
75847 19970614 12 438.10
78117 19980929 4 295.60
09790 19971123 3 426.17
56651 19980218 9 453.85
50535 19980305 7 264.43
74442 19980420 6 443.08
23091 19971103 11 199.39
79056 19970910 9 228.51
06362 19971015 11 224.65
19418 19970617 7 344.01
07301 19970424 5 161.57
47085 19980605 4 205.37
08033 19971110 2 36.44
19990 19981013 10 149.63
13931 19971213 9 159.59
51104 19970406 9 80.81
60154 19971030 8 199.91
38741 19970309 1 271.29
34609 19970304 4 62.29
51985 19980215 7 408.67
04886 19970401 4 34.95
57356 19981005 5 330.69
37280 19970823 3 370.00
21225 19970214 10 199.19
95890 19980331 3 398.18
44458 19970501 3 378.00
67874 19970630 12 387.47
75676 19981014 11 154.98
14365 19981027 8 9.54
91807 19980410 11 443.26
31580 19980825 4 383.03
03877 19980917 11 182.30
85401 19980925 10 487.03
71930 19971009 11 102.91
34710 19970916 7 274.25
77561 19980917 9 137.31
61894 19980109 3 110.76
91062 19980817 1 357.71
03251 19970303 12 299.19
86689 19970704 3 285.24
67041 19970421 3 484.34
67623 19980622 11 462.68
77304 19980802 3 212.78
61773 19980204 5 129.74
83368 19980916 4 285.52
29923 19980124 2 310.01
92735 19980703 3 90.03
74906 19980207 2 348.70
33308 19971108 10 116.19
69295 19981205 2 354.54
90966 19971121 6 340.24
02294 19970721 6 329.23
54374 19980807 2 278.13
87506 19970716 10 257.88
49145 19970405 8 109.16
74749 19980311 8 126.45
25671 19970520 12 194.76
52930 19970119 7 139.93
42947 19971106 9 225.05
70427 19971106 4 268.67
00213 19970701 6 394.31
04470 19980305 8 293.43
34283 19980203 6 215.08
27535 19980626 9 285.62
70140 19971229 3 484.15
14123 19971004 6 307.97
38475 19980802 11 444.67
66036 19980723 6 460.30
97970 19980612 6 326.85
84530 19980216 10 257.99
42935 19980523 11 227.27
46182 19970817 3 136.63
96327 19981002 3 357.55
16793 19980125 7 208.61
88359 19970903 12 153.58
47619 19970116 11 451.33
97675 19981115 5 417.75
26221 19970222 8 350.85
87787 19980205 2 11.89
63465 19980529 1 257.91
13676 19980711 11 470.65
85389 19970908 2 119.50
06145 19980520 8 309.06
75700 19981215 8 169.00
81501 19970423 7 104.72
48293 19970214 6 486.34
66879 19970410 7 96.54
69161 19980126 9 317.05
42893 19970910 12 138.18
40091 19970711 11 229.02
55055 19970313 4 391.67
17322 19980321 7 490.00
61447 19971103 8 481.44
45269 19970819 6 66.22
22000 19970618 6 313.49
97052 19970901 5 487.48
62410 19980217 10 433.79
41937 19971027 7 189.61
84274 19980509 2 230.47
97887 19980210 9 46.31
63279 19971221 10 470.80
36443 19970509 5 403.51
97608 19970408 3 468.69
41939 19970119 5 410.46
18698 19971012 6 183.02
42332 19980627 5 470.18
71715 19980804 6 382.77
66023 19971001 3 388.22
01248 19980313 6 272.09
79024 19980904 1 448.54
97591 19980315 7 99.56
49565 19980104 6 41.99
12315 19970224 12 142.93
15917 19980827 7 165.07
37412 19970429 12 255.12
85792 19981220 7 114.55
68010 19970603 6 59.71
94679 19980603 12 314.54
37049 19970401 2 384.11
86188 19980607 2 183.31
11625 19971110 5 96.03
54333 19980921 12 442.12
96251 19970918 12 411.91
92873 19981013 10 365.50
79557 19981006 7 373.37
10531 19980524 5 449.89
23613 19980829 5 173.70
55398 19971122 6 305.77
35726 19981111 1 442.70
06922 19970721 2 50.47
03966 19980803 3 203.76
08737 19981001 6 329.87
45491 19980414 2 152.16
50001 19970425 2 442.29
11237 19970513 6 497.09
40327 19970529 12 86.87
51380 19980318 7 344.45
42155 19970324 4 325.70
97333 19970227 10 244.00
83771 19971027 10 260.78
64717 19981005 1 178.69
55173 19971117 2 385.42
14646 19971121 2 42.35
14576 19980526 8 31.39
76669 19980723 7 415.36
04440 19980515 10 180.38
00801 19981105 12 17.10
62727 19971204 10 263.40
09052 19970324 3 455.07
40621 19980731 9 330.56
41355 19980224 3 233.88
41344 19971105 5 388.11
10665 19970204 11 114.19
34677 19970906 11 71.53
66078 19970310 1 380.97
43881 19980607 5 179.66
51301 19970828 6 79.52
70631 19971119 12 352.56
32327 19970226 2 375.32
39300 19980404 10 388.08
52657 19980408 8 55.88
71377 19981112 9 446.04
93304 19970916 5 466.83
04569 19980511 9 413.49
14755 19970101 6 289.06
59002 19980907 7 494.65
17341 19980708 9 73.41
13098 19971019 1 200.20
95932 19970214 11 430.24
20450 19971018 4 93.78
37809 19971130 4 66.54
28614 19981105 1 243.91
81783 19970418 11 433.96
86152 19970922 8 28.18
14104 19970820 4 289.59
69243 19971009 7 410.83
26430 19970421 9 63.81
64515 19971130 3 183.65
53872 19970222 5 85.66
28614 19971213 11 418.97
94230 19980919 6 379.16
71613 19971010 4 135.33
80126 19971027 4 489.71
05319 19981117 10 418.82
34048 19980511 8 387.23
10483 19980804 9 162.31
87310 19980117 3 398.99
71242 19970429 12 427.86
60413 19980624 9 340.00
59887 19980113 6 458.57
37718 19970413 10 66.62
63087 19980615 12 88.53
77368 19970917 7 284.67
88290 19970716 5 494.55
18455 19970806 2 91.95
39670 19970214 8 414.07
86216 19980106 8 193.48
08960 19980912 9 14.70
18290 19980508 2 74.44
31638 19970704 7 404.86
57995 19980724 6 321.52
10165 19971207 11 480.44
71748 19980515 2 494.53
46361 19970123 4 133.58
86113 19970127 7 136.36
79882 19970224 3 92.07
22411 19981125 11 170.69
31884 19980705 7 475.22
00313 19980811 10 336.63
53992 19970325 8 215.92
08372 19980919 11 41.77
29014 19981110 9 188.86
87461 19980802 8 103.90
99503 19981210 7 87.28
33217 19970204 7 421.65
93792 19971205 5 376.45
99682 19980205 1 226.98
02508 19980227 6 466.96
13550 19980821 10 335.40
44947 19980512 1 417.35
31243 19970514 9 140.16
52891 19980702 6 488.54
49804 19980926 6 455.05
52422 19970221 12 446.86
47820 19980918 11 494.02
08034 19980812 7 139.49
94082 19980107 3 133.91
30087 19980403 9 301.06
90569 19980725 4 200.87
56654 19981229 1 133.24
61451 19980824 7 181.90
00954 19980220 2 199.22
81364 19971102 7 191.93
80504 19970416 10 198.83
12249 19970822 6 247.91
26541 19971124 10 366.52
52760 19970105 12 188.57
58169 19970501 12 378.54
71175 19980803 9 294.57
41240 19980914 7 114.12
28133 19981229 2 104.04
42896 19970603 9 230.92
48393 19981126 9 12.55
98175 19980621 6 317.71
65016 19980522 6 64.85
12868 19970125 11 309.28
70918 19971125 12 297.13
45449 19980330 10 37.30
05881 19970518 3 425.91
25669 19980630 1 429.95
68519 19970425 2 345.85
59923 19980301 8 110.91
35689 19981228 12 392.41
55782 19970810 2 85.42
16107 19970625 6 246.89
01374 19981015 5 412.14
05158 19980514 2 416.43
00516 19980319 12 422.67
64610 19971028 2 282.89
87677 19971115 11 59.81
80096 19970501 1 237.93
32235 19980118 12 85.41
47784 19980219 7 164.53
33727 19980617 11 143.98
96669 19980510 9 479.20
60502 19980128 8 91.96
96019 19980720 2 150.83
01270 19981002 4 205.19
01577 19981231 2 136.23
79560 19970901 4 483.15
96471 19970217 9 473.21
80924 19970309 6 99.27
44643 19980305 3 52.98
40788 19981124 12 480.39
51965 19980829 9 324.54
87058 19980704 11 238.30
09534 19970713 4 43.33
24471 19980609 11 15.29
09891 19980421 11 197.68
43014 19970807 6 149.83
36134 19970616 4 35.63
55368 19980916 8 232.99
75675 19980406 1 99.92
43869 19980216 4 117.55
10326 19980512 8 464.82
80451 19981125 11 460.23
20003 19980422 12 136.56
53718 19981008 9 135.23
27859 19980922 8 98.86
57104 19980727 1 339.79
23011 19980322 3 396.25
88971 19981213 5 467.66
50380 19980420 6 367.68
02613 19981213 2 305.04
39230 19980905 6 154.38
38884 19981019 8 451.03
99189 19970326 5 71.40
20810 19970526 11 322.95
67073 19981230 8 485.15
24937 19971203 3 191.49
47854 19970129 6 32.96
15294 19970425 11 222.88
26143 19980104 10 146.59
16709 19970620 11 302.42
36177 19971108 7 365.70
22910 19980910 6 445.98
22784 19980426 7 402.47
27963 19980817 7 386.25
75045 19980131 6 431.85
53940 19981202 10 61.40
35653 19980425 8 131.85
85948 19981025 10 218.23
85792 19970309 8 183.01
58276 19970920 8 62.51
59458 19971104 5 124.61
15238 19970521 12 197.12
29445 19970401 11 178.82
56245 19970124 4 390.42
66982 19970525 10 398.78
55594 19980514 2 328.60
51248 19970517 5 198.23
11145 19970413 8 89.15
63600 19970706 4 233.48
31524 19970727 4 193.24
66764 19970518 5 294.96
18095 19980201 5 76.01
68701 19970603 7 181.95
49610 19971221 9 280.98
35085 19970513 6 450.62
13792 19970403 1 280.61
86352 19970617 2 281.82
84672 19970722 1 344.97
30744 19981005 12 95.38
47584 19980613 3 294.90
59242 19970228 1 383.49
04792 19980803 10 212.21
74311 19980127 8 53.85
33277 19970614 7 247.14
29664 19970814 10 167.68
11499 19980319 12 194.17
87605 19980625 10 87.09
84444 19980106 4 236.95
41059 19970111 5 53.39
76637 19970409 5 438.41
72475 19970315 10 91.72
65631 19980813 11 168.25
57848 19980518 12 263.50
48166 19970524 5 258.15
99720 19981130 7 249.62
28118 19970331 1 159.42
77651 19980922 7 133.48
30517 19980716 7 283.55
25499 19970405 10 23.02
18341 19970218 9 219.01
04907 19970513 7 273.37
63864 19980928 1 264.02
28544 19970524 12 12.37
00269 19970116 4 381.93
80559 19980521 8 70.57
13370 19971223 7 24.35
30089 19970215 8 424.58
10789 19970221 8 237.48
71293 19970606 8 114.29
90831 19981123 12 7.52
30059 19971204 1 186.01
73365 19970925 10 6.04
42420 19970805 12 366.49
59854 19980403 5 156.13
52541 19980829 3 93.19
27301 19980207 9 99.34
68116 19980531 12 244.67
29479 19980115 5 439.84
39889 19980513 4 187.18
88348 19970316 1 433.30
62632 19970724 7 327.26
88532 19981109 9 268.27
86745 19980215 6 86.13
15912 19980604 9 200.37
47273 19970108 2 340.97
34293 19980102 3 448.60
49559 19970726 5 168.59
61978 19980720 7 306.37
52919 19971013 5 44.86
24556 19970623 9 287.41
98149 19980211 10 19.37
04142 19981221 1 28.58
88601 19970605 2 492.67
85249 19971229 10 359.68
06930 19971123 4 79.71
39008 19980817 8 386.93
48771 19971002 10 334.40
49770 19980825 8 158.98
38685 19970122 5 243.13
43421 19980427 9 176.24
92469 19971023 1 398.67
78124 19970714 11 242.77
34081 19981219 1 147.86
34681 19970401 2 265.14
34697 19971001 6 223.95
25207 19980729 5 167.19
06832 19971213 8 248.94
43669 19970923 4 143.58
08974 19970514 9 151.50
03176 19970406 11 33.45
79508 19970226 11 410.30
18020 19981012 8 459.06
09637 19970720 4 146.82
93902 19970512 8 242.96
01802 19980319 1 426.74
20746 19980712 7 197.74
72588 19970417 10 443.90
45723 19970402 3 13.47
26195 19970726 11 286.12
46386 19980915 3 62.56
05180 19980525 4 495.20
52424 19980218 10 226.50
99579 19980531 1 166.81
21928 19970821 9 383.54
23222 19980826 5 422.59
08203 19981012 3 186.56
82510 19970111 10 239.07
86445 19981003 11 315.63
08016 19981217 3 488.81
17270 19971231 1 198.31
56172 19980809 10 212.02
04687 19970923 5 494.72
06198 19980331 10 405.36
31482 19970405 3 92.56
37198 19980302 9 195.11
22799 19980607 1 276.86
57409 19980916 8 336.06
07369 19970116 11 6.88
16594 19970306 3 142.59
07173 19971019 10 397.11
59859 19970801 12 205.12
17514 19970907 10 145.72
24649 19980517 9 229.25
96674 19970627 6 259.76
72363 19980219 12 374.01
73562 19970328 11 383.41
47772 19980518 10 476.05
92794 19970917 4 323.00
61813 19980227 6 344.76
13982 19970203 5 328.29
20679 19970922 12 490.63
96360 19981222 5 262.28
37754 19980202 9 183.08
75456 19970821 11 109.32
86228 19970508 1 173.99
23375 19971004 8 348.33
55789 19971209 12 411.73
05021 19980908 3 462.78
32494 19981102 1 313.07
05766 19971219 1 345.53
12446 19981121 4 252.50
84022 19970115 4 24.92
26678 19971217 5 12.94
20131 19980726 11 486.31
33469 19970701 10 218.53
35322 19970223 7 59.98
32991 19970802 4 102.30
62373 19970824 4 84.18
67525 19970724 11 258.48
48630 19971206 12 297.49
30712 19971015 4 412.44
81739 19980103 6 200.72
28159 19980918 11 403.40
30534 19980512 6 342.65
68376 19981203 9 447.52
40789 19971222 5 38.36
39354 19970206 9 471.28
88845 19970511 5 459.56
39006 19981212 9 92.49
47328 19980703 11 467.21
12724 19981112 11 451.99
51245 19980823 4 55.63
59308 19971218 4 404.31
29999 19970710 9 483.52
06383 19970808 3 278.86
53519 19980123 8 153.40
11203 19980803 1 280.89
69785 19970723 4 427.57
59196 19980705 2 130.75
57574 19981121 4 194.45
96702 19970214 8 96.20
26194 19970310 9 107.56
27467 19970218 5 164.85
97952 19980105 1 171.47
29972 19980501 3 288.58
70323 19981102 1 348.14
23539 19970927 8 116.04
93909 19970401 11 327.80
22730 19970713 9 109.05
26669 19981122 2 114.99
36958 19980209 6 124.86
65597 19970603 8 404.71
89208 19970706 9 315.42
07539 19980304 3 293.09
68150 19970204 6 36.51
93626 19980828 11 429.60
27393 19981118 4 390.59
49844 19970804 2 409.52
50788 19990101 10 301.92
35174 19970823 7 202.42
59066 19970618 4 326.22
23434 19970604 5 463.52
55997 19970416 3 117.71
78031 19980311 5 48.39
09987 19971208 10 363.96
86764 19980901 9 277.92
94042 19981118 5 397.85
09339 19980707 12 339.13
93926 19981130 2 208.56
90784 19981115 2 76.34
12590 19970712 12 389.43
18753 19980117 1 44.58
92842 19970322 7 156.27
47462 19980520 10 314.07
03458 19970929 7 299.28
09872 19971206 12 41.46
94310 19970304 6 71.12
74703 19980409 12 363.73
77568 19970728 10 334.61
42164 19980801 11 151.13
17439 19981105 8 412.33
84035 19970420 1 224.89
40074 19980415 1 429.39
58535 19970626 8 87.12
41550 19970120 7 172.62
08082 19971224 4 86.26
12735 19980520 9 241.70
14742 19980223 12 196.21
44895 19970608 5 266.29
31579 19970725 9 413.86
39711 19970203 1 324.58
90424 19971124 11 32.91
49382 19980604 2 353.30
57840 19981223 1 336.84
27360 19980315 12 391.30
68257 19971019 9 12.53
87880 19980409 12 171.95
93430 19981003 4 346.70
53500 19970703 5 171.57
85369 19970428 2 190.31
08416 19970120 9 131.47
68644 19980502 10 326.16
87818 19980426 2 18.21
53154 19971227 4 458.46
05728 19970530 2 270.01
69991 19980426 7 20.16
21125 19970619 11 253.85
53863 19980402 2 350.12
65180 19970108 3 9.86
09384 19971115 8 235.50
50412 19970205 2 148.82
41501 19980604 5 56.16
49610 19970109 5 48.86
63722 19980920 7 184.01
09782 19980426 8 438.58
85088 19971119 11 33.62
89841 19980729 6 464.37
70444 19981217 11 439.60
03799 19981004 3 115.46
50229 19971220 2 52.42
12346 19970502 2 13.90
02601 19980105 11 498.57
95192 19980129 4 335.73
40120 19981018 10 148.50
59396 19980101 9 44.31
88168 19981009 5 208.09
52630 19980727 4 72.90
50848 19980709 11 297.87
18596 19970107 3 263.57
57541 19980223 10 61.52
16230 19970730 11 390.53
25436 19980429 8 426.60
16534 19970428 7 133.83
68706 19981109 5 445.74
99963 19981007 1 17.06
76672 19970613 3 300.87
98629 19970627 5 9.44
45649 19980629 8 318.59
21453 19970224 1 368.21
07637 19980816 11 197.58
08565 19971023 7 129.94
27429 19980615 5 139.17
51079 19980920 11 116.38
31303 19970624 9 358.04
95275 19971203 7 315.36
29040 19980807 8 90.54
14934 19980922 11 28.22
48893 19980312 10 280.59
91849 19980924 3 91.57
72926 19981120 4 496.11
98271 19971124 12 499.32
22890 19980830 7 408.43
32152 19980625 4 472.09
31926 19970118 12 32.01
33155 19970521 6 38.84
02243 19971004 3 58.37
67473 19981014 4 440.74
86561 19980623 2 197.80
49700 19971106 5 335.26
38289 19970521 6 5.62
48554 19970120 8 196.57
43985 19970328 10 328.06
90142 19980117 3 288.62
63387 19980730 7 424.84
05976 19980615 12 445.53
00525 19980714 9 279.85
21250 19980725 9 432.45
74815 19980508 4 402.42
53248 19970803 5 237.11
54077 19971120 5 14.79
06325 19970711 4 22.53
95861 19970416 8 418.41
24487 19970919 2 79.33
37254 19971220 12 404.62
45796 19970223 2 16.11
27491 19980805 5 309.39
29437 19980512 5 269.89
74386 19980727 10 441.80
98703 19980221 10 463.47
65901 19981231 10 335.60
24933 19971212 7 231.87
62066 19980205 11 469.14
32439 19970103 1 427.24
37675 19970125 10 397.58
40838 19970101 2 248.35
09704 19971121 5 439.51
15426 19971117 3 275.24
49602 19970911 1 239.41
18905 19970128 9 321.71
31151 19970830 3 105.48
63137 19980426 3 183.85
17671 19970110 7 142.65
39024 19970807 8 194.60
77353 19980921 10 247.71
77924 19980126 7 357.55
51016 19980114 11 60.64
62392 19970502 11 467.74
21664 19980307 7 342.66
38239 19980808 6 467.66
86880 19980524 12 108.59
79581 19970926 5 19.07
49051 19971224 3 449.02
90428 19981218 2 114.95
13947 19981013 7 151.09
48031 19970217 8 299.52
71537 19970221 2 259.57
16075 19970928 3 251.32
55455 19980708 9 438.06
87222 19971116 5 91.23
31841 19980321 3 257.06
28197 19980821 9 22.76
19814 19971013 12 461.63
57180 19971120 4 327.18
20626 19971017 7 72.36
51477 19980213 11 289.46
34401 19981203 11 360.86
92269 19980102 7 421.23
86207 19981023 5 177.50
03954 19981017 5 406.51
05154 19970819 11 37.53
60184 19981201 7 166.96
75830 19980628 5 164.73
81928 19970608 10 300.60
69595 19970726 1 322.02
31558 19971231 8 162.50
71619 19980225 8 261.66
02866 19970708 6 476.16
79857 19970523 12 457.56
34435 19981222 10 420.18
77696 19980909 1 388.14
33571 19980930 5 296.25
50040 19970925 3 12.64
56548 19971109 11 258.41
45205 19981207 7 215.01
77216 19981104 10 45.05
25188 19980707 3 26.97
19252 19980728 4 357.44
01031 19980927 2 398.87
36241 19971203 5 443.61
18172 19970323 7 308.66
61075 19980816 7 30.82
03528 19980402 2 92.30
61286 19970909 7 194.20
16508 19970727 8 196.89
32939 19971202 7 448.93
06393 19980125 8 25.10
94020 19970622 3 198.59
87208 19980910 12 144.93
47350 19980212 2 68.46
24096 19970728 12 474.74
16026 19980511 6 221.18
08318 19970413 3 445.57
95897 19970112 9 191.45
85592 19980805 11 186.75
52451 19981013 2 24.07
94009 19971104 8 80.16
85750 19970225 11 332.19
12275 19981215 6 176.88
34340 19970606 8 325.49
52981 19970713 7 484.34
32596 19980418 11 322.49
17862 19970607 7 375.00
82885 19980118 2 467.67
90714 19980403 4 379.05
18011 19981006 10 391.22
31314 19990101 10 428.47
86241 19980416 12 36.05
98379 19980531 10 427.13
16390 19970324 8 467.57
31895 19981005 2 241.03
24037 19981005 1 455.26
04351 19980607 4 375.58
43335 19980705 6 404.50
30510 19970110 4 322.84
32927 19980214 11 179.86
61232 19980530 9 239.69
71273 19980607 5 424.72
75996 19970820 5 140.43
67143 19981230 2 490.94
33294 19981128 5 397.59
73690 19980814 5 200.27
01729 19980103 12 104.74
05055 19970515 3 489.78
93547 19970831 6 23.45
95665 19970812 6 351.79
69832 19980317 2 25.98
29857 19970523 5 347.43
20316 19970327 11 261.38
27649 19980412 10 8.04
53814 19970422 7 340.26
36805 19970213 8 378.33
57720 19980210 8 37.77
29288 19980515 5 187.21
72645 19970216 4 382.70
50315 19971101 4 336.09
49497 19971103 7 380.04
07135 19970526 8 137.46
01477 19980817 12 91.05
61984 19980718 7 424.61
23807 19970821 4 7.16
68586 19980627 2 180.43
03122 19980925 8 362.01
72246 19970128 7 169.47
58294 19970404 8 156.09
43172 19970813 5 407.76
58023 19970602 1 336.64
08631 19970531 1 91.55
09482 19970916 10 366.46
20173 19980812 10 64.47
52787 19970620 8 318.63
60060 19980116 9 385.11
42671 19970722 2 438.85
05491 19970822 8 300.61
27960 19970111 5 98.59
20307 19980811 11 297.36
05939 19970103 1 219.28
51835 19971023 2 216.11
21493 19970914 9 128.94
29426 19970310 3 158.05
18070 19970228 9 330.99
62851 19981111 2 474.16
05989 19980420 4 173.06
32582 19980316 2 490.45
36971 19971204 9 197.55
30623 19981003 6 149.98
53048 19971007 2 170.65
61192 19970203 10 358.01
87629 19980701 3 116.40
04093 19970606 2 113.33
61530 19980430 6 16.46
24400 19970420 8 366.48
57791 19980422 1 458.59
02268 19970314 11 88.37
80318 19980228 11 159.26
69315 19970630 9 111.36
46292 19980819 9 158.76
15513 19970210 8 205.63
23177 19980501 9 65.55
03385 19980416 11 208.55
77577 19970816 11 239.72
45740 19970628 2 327.59
66579 19970131 2 427.18
08827 19970602 2 134.19
80332 19971021 3 485.22
56353 19971211 5 49.76
85042 19981023 2 229.28
80920 19981105 11 305.54
38000 19970328 12 124.30
26913 19970320 6 462.11
78386 19980123 8 247.55
15911 19970617 3 52.20
07035 19970206 10 97.22
62091 19970405 11 353.35
48681 19980106 12 336.88
87770 19981125 9 371.61
82328 19980817 4 491.94
57077 19971115 9 93.91
26455 19970302 6 58.61
08418 19970623 7 381.25
08043 19970118 11 123.14
81406 19970928 3 456.85
89621 19980525 1 215.04
26050 19970822 5 271.31
44171 19980903 7 361.84
97814 19970623 6 381.47
84547 19970712 7 75.72
60896 19980612 7 436.87
39302 19980419 8 231.28
52206 19970323 1 330.49
50513 19980616 8 86.12
94302 19971227 4 497.73
83696 19980908 6 385.21
25705 19970928 12 288.65
94940 19970221 8 234.55
62107 19981029 3 398.30
21724 19980509 5 29.22
14795 19980608 5 208.44
32542 19970109 9 68.55
28139 19980907 2 116.01
10620 19970708 8 243.61
38329 19980815 10 165.96
24111 19980317 5 182.91
65548 19981228 12 192.56
89374 19980226 7 283.19
68331 19970624 6 363.32
62438 19971213 4 102.07
60258 19980107 7 22.61
69489 19980508 5 37.24
61518 19970413 7 199.37
91971 19981215 2 358.13
76073 19970417 6 230.08
46548 19981025 9 436.88
80706 19970403 1 181.22
28514 19971012 5 192.59
89460 19980604 8 271.30
29546 19970724 9 119.27
15437 19971116 6 393.09
21066 19971017 11 424.02
15144 19980511 4 230.25
63805 19980607 2 495.21
35125 19970327 1 372.58
26785 19971122 1 261.07
72337 19971203 7 370.67
32805 19980303 12 208.53
66925 19971031 7 15.65
77905 19980929 2 198.97
56999 19971225 11 392.44
38102 19981003 6 102.21
98384 19970930 7 333.42
21940 19980509 12 155.02
25146 19980602 4 260.15
42819 19970112 3 283.46
17875 19980302 12 227.17
04592 19980509 11 165.34
55980 19971128 9 497.64
32579 19980805 4 103.54
65707 19970804 4 198.90
04219 19971228 1 262.23
12742 19970419 3 187.66
76066 19981225 11 85.00
25257 19980608 6 178.28
41995 19971225 9 374.75
00533 19980921 6 135.79
18011 19980406 8 306.31
21492 19980429 12 16.46
78005 19980220 7 95.55
05538 19981115 10 464.69
55851 19980303 4 117.87
65950 19970123 1 261.54
59654 19970217 1 271.39
49369 19971019 9 93.00
74782 19970421 2 75.78
73865 19980218 6 315.08
70750 19980111 7 79.60
10193 19980609 4 300.33
46747 19980324 7 49.66
88878 19970302 10 305.03
40820 19980727 4 7.36
02794 19970828 3 346.46
82063 19980930 5 35.74
68700 19980508 11 493.59
95739 19981128 9 67.22
10325 19980812 2 455.80
07039 19980218 10 305.72
85946 19980510 10 432.26
69048 19970923 11 304.45
01026 19981204 4 37.84
49176 19970928 1 193.38
36635 19971016 7 115.04
87329 19981123 6 441.21
55906 19970417 9 302.31
48401 19980624 7 55.97
69401 19980415 5 141.87
14084 19970520 7 338.96
27974 19970906 3 17.34
04779 19971130 3 419.18
34178 19980804 2 86.87
29583 19980922 10 42.53
46346 19971002 10 411.21
68906 19970209 7 9.53
53632 19980215 10 39.54
82878 19970809 9 457.00
22117 19970125 8 475.55
99390 19971108 7 419.66
04324 19970421 7 37.45
68808 19980112 11 297.33
08654 19981225 11 255.30
07485 19970915 4 60.58
77720 19970708 6 134.83
45432 19971118 3 201.16
40592 19980513 11 74.67
43800 19980401 10 412.76
93708 19970712 3 28.79
72402 19970219 10 42.74
48634 19970501 12 187.78
11507 19970210 5 122.06
82640 19970930 10 470.96
33998 19981008 1 352.50
68766 19980829 5 263.45
66677 19970815 2 113.67
31656 19980119 5 282.80
62563 19970804 9 328.73
61709 19970731 11 104.71
95893 19980726 2 287.00
16891 19970406 3 279.54
94786 19980209 10 218.46
19795 19980401 10 257.17
53530 19970825 11 171.46
04642 19970626 11 269.21
13944 19980110 10 497.33
69472 19971125 9 233.48
61970 19971226 6 117.61
29627 19970913 10 238.87
43724 19970620 12 290.39
64500 19970921 5 203.77
34629 19970804 5 35.77
25708 19980716 9 459.27
24164 19980714 12 403.48
31042 19980322 8 98.45
27819 19970427 4 15.73
97364 19970509 8 182.97
82627 19980530 8 462.74
56026 19970922 1 42.28
71365 19981010 3 371.53
12067 19980321 12 35.32
62624 19981216 11 399.52
36526 19981108 1 440.41
45548 19981207 9 85.82
79079 19980821 1 165.60
81704 19970531 10 318.58
20181 19971224 8 149.37
60901 19970526 9 391.80
57925 19981231 9 71.77
82938 19980516 12 208.08
24359 19981218 12 482.98
35232 19980125 8 95.72
33879 19970920 6 27.02
24332 19980915 5 218.02
19281 19981226 2 35.94
10932 19980625 7 204.15
01777 19970107 7 470.13
24899 19980825 9 352.05
74402 19971020 10 314.05
42561 19970521 8 226.32
39475 19980512 9 376.84
55888 19980620 2 30.54
42221 19981006 12 491.27
63688 19970914 4 463.57
50107 19981023 1 440.31
93826 19980210 7 305.60
49873 19981229 11 53.49
96829 19981226 12 128.10
22458 19970108 5 490.75
56410 19981225 3 369.53
08407 19970924 12 492.07
82158 19970126 11 76.53
42533 19981126 3 264.82
19386 19971207 12 6.07
08541 19970319 5 433.81
72536 19970824 10 390.87
86473 19980414 5 28.90
88617 19981105 4 318.39
93437 19970521 6 390.58
82265 19981001 8 410.00
80828 19981226 4 335.09
31140 19971209 10 135.48
38992 19970305 5 413.28
57611 19980720 10 312.53
85128 19971115 10 356.49
56876 19980922 6 106.59
66292 19970906 2 454.61
53628 19980424 7 432.02
07586 19980824 6 35.71
90784 19981217 1 255.68
68116 19970204 3 314.81
60859 19970722 10 108.25
91913 19980513 9 245.10
83931 19970910 2 115.84
85515 19980913 9 226.40
58109 19970330 1 259.63
09082 19970511 12 133.69
85862 19980521 8 422.51
61541 19971020 2 372.28
68000 19970318 8 100.57
51173 19970604 12 304.37
14944 19980527 7 470.29
95013 19981118 10 461.08
29399 19971226 12 127.35
55049 19980202 4 197.99
94231 19980304 11 337.37
85187 19980902 2 408.99
58447 19981109 9 185.55
94073 19981220 12 309.69
02814 19980105 3 415.07
74843 19980510 1 218.89
23126 19981209 11 215.91
03258 19970610 12 229.55
35140 19970528 2 260.86
29442 19971107 5 300.02
87184 19970317 6 52.68
21273 19980614 10 278.98
19416 19971011 6 311.26
11919 19981011 6 350.20
99146 19981129 10 480.44
75963 19981014 1 309.45
17088 19970226 1 293.56
63993 19981231 9 448.56
19967 19980707 11 368.60
06744 19980507 5 125.35
99613 19971025 3 41.22
59659 19970515 4 293.72
68012 19981026 7 468.09
53120 19980601 7 262.55
78139 19971222 2 245.44
88594 19980430 10 120.41
02455 19970409 8 321.55
16584 19970106 12 421.49
03493 19980202 12 280.81
99286 19980919 9 477.96
10272 19980215 5 124.21
71296 19970828 5 127.69
40799 19970126 11 310.32
20601 19970629 8 195.05
73359 19970417 8 136.25
02356 19970222 6 447.21
13867 19981107 6 160.17
54114 19980126 3 34.07
95259 19970822 12 128.05
20748 19970203 3 53.68
42203 19980901 4 94.75
18841 19980618 6 341.21
75600 19980929 4 409.38
08232 19970329 1 470.80
21293 19980515 3 338.72
61820 19980417 10 141.58
70482 19970625 4 42.54
56341 19980205 11 350.17
23121 19980918 10 244.15
70567 19981130 6 155.13
09759 19970630 4 217.48
48958 19980512 8 252.11
69972 19970410 11 104.70
65806 19980106 5 454.97
76471 19970306 5 282.91
32899 19970711 2 240.74
10150 19980306 4 452.24
23214 19970824 4 66.02
81242 19981106 12 227.65
95612 19981130 2 72.11
61024 19971230 7 411.90
47451 19981129 11 421.17
37222 19980128 3 379.89
41971 19971029 5 327.67
65326 19970927 8 340.83
79738 19970810 7 445.84
44710 19970516 10 58.35
49019 19970410 6 213.85
33011 19970113 8 265.45
30471 19981006 10 237.88
85135 19980113 7 93.94
11976 19971109 7 61.53
04110 19970308 5 397.80
41067 19980118 1 30.70
79850 19970103 12 100.11
76186 19980325 7 115.41
75886 19981129 4 32.22
76185 19980910 9 277.14
16940 19980427 12 151.36
88115 19970519 6 388.11
61751 19970822 12 163.77
88730 19981025 9 105.32
62354 19980308 12 140.65
53257 19980604 2 94.43
63568 19980328 10 199.84
45722 19971116 3 165.81
46338 19971105 5 7.02
06552 19980329 8 212.76
57827 19980613 10 90.96
99939 19971103 1 84.90
81201 19980623 3 419.69
60511 19980920 11 137.38
16028 19970921 12 199.42
79284 19970927 2 192.76
88820 19980922 3 248.78
69081 19970823 9 236.03
67701 19980615 12 138.08
69219 19980905 8 100.23
01664 19980815 12 124.97
89097 19970506 4 475.60
35024 19980115 5 409.40
76570 19970519 12 422.87
46055 19970501 9 262.20
57272 19970908 1 350.29
46290 19980729 12 458.56
13399 19970701 9 217.87
39514 19980909 3 432.14
01430 19980810 7 73.86
64017 19980923 1 460.25
57268 19970924 3 93.47
63028 19980130 11 466.36
85847 19970718 7 262.98
49853 19970911 11 246.21
36770 19971223 3 102.19
33291 19971029 4 496.54
26242 19980929 10 324.17
47380 19980430 6 405.22
64548 19970930 8 203.28
57350 19980403 2 460.03
72820 19970408 6 104.35
70981 19980207 10 307.79
84777 19980619 7 172.65
07603 19980531 11 443.41
23134 19980913 5 285.60
86348 19970201 6 350.71
42104 19980421 1 406.91
08305 19980202 3 374.24
21466 19971221 5 316.94
81976 19970511 12 111.31
45212 19970705 7 216.71
37541 19980429 4 341.54
66688 19980903 8 87.81
04204 19980814 5 447.65
29563 19970507 8 469.02
20431 19970913 8 492.52
54847 19980107 9 148.74
90888 19980331 3 22.95
27974 19971223 3 333.56
03556 19970621 1 119.54
65259 19980828 8 278.41
58267 19980908 11 157.58
84153 19970825 11 30.17
33625 19971008 6 498.09
63749 19980909 1 118.62
94306 19970729 2 392.87
79357 19970304 8 318.80
02506 19970701 3 344.09
50805 19980526 11 208.94
89925 19971026 4 58.55
54785 19970720 3 496.95
69884 19980823 4 139.58
48441 19970307 6 279.99
03203 19981101 2 140.12
42869 19980131 5 43.34
84288 19980608 1 419.20
51571 19970404 11 460.09
40574 19970924 8 447.46
32990 19980327 6 189.54
18098 19971027 6 296.34
33678 19980425 11 217.47
10649 19971017 3 255.41
62849 19970811 6 87.62
05307 19981028 12 384.79
17348 19970403 4 366.64
08549 19980729 5 329.27
30117 19980929 5 346.21
66906 19980805 1 118.92
80641 19981017 1 54.21
64266 19980310 9 492.75
02124 19970420 1 60.97
29878 19971222 11 259.74
87618 19980212 5 10.72
17779 19981010 12 58.31
44347 19970515 8 83.33
34337 19981207 7 270.05
98410 19980304 8 37.54
27416 19970420 1 110.44
48187 19970708 10 371.00
26940 19980313 6 362.42
24006 19980526 12 279.14
12439 19970218 5 121.14
54406 19981102 4 475.53
41854 19971224 6 277.04
49449 19970114 4 357.91
57744 19980131 4 327.14
45240 19980617 1 471.18
65694 19980306 11 489.24
26831 19970701 5 196.72
44199 19980412 9 263.04
59461 19970703 3 66.59
35912 19970125 10 488.73
42627 19970917 9 36.40
06845 19980529 4 108.98
31722 19980518 6 184.97
95077 19980618 10 26.88
71481 19970925 8 328.62
44904 19980522 1 364.89
48078 19980503 3 469.64
10402 19981211 9 237.82
31593 19970731 8 110.91
92513 19980501 1 205.76
94293 19970616 9 35.12
39557 19970327 11 312.93
00366 19971019 10 288.16
22416 19981220 3 124.65
90913 19980409 11 371.53
45420 19980415 10 29.98
61171 19980925 3 20.83
22712 19981012 7 362.69
39197 19970314 7 429.38
29402 19971015 12 316.10
14381 19970328 5 338.77
02389 19970505 7 363.57
96459 19980303 9 194.60
83753 19980902 2 7.17
05682 19970402 3 257.42
05895 19970315 11 42.71
52445 19970609 12 359.47
36311 19970623 5 159.36
57204 19981019 6 59.37
05783 19971008 6 359.23
29697 19970926 3 457.66
33722 19980603 8 192.11
68935 19981224 2 446.59
13297 19980325 9 152.90
09184 19980524 1 170.61
76135 19970201 8 300.47
96949 19970505 2 40.79
63448 19971113 3 188.62
22321 19980314 8 163.12
58318 19980228 1 113.63
80191 19970324 5 472.23
91405 19980919 2 223.13
32447 19970202 4 420.52
87479 19970725 12 56.62
62748 19970407 4 34.23
61792 19980714 4 305.77
06487 19971024 11 455.32
42411 19980823 6 48.27
20968 19970413 9 238.01
77203 19970812 8 123.24
96394 19980329 3 256.66
25658 19980730 2 114.22
00097 19970811 11 83.50
14390 19980501 12 270.35
41671 19971213 4 13.90
38675 19980129 12 358.80
64672 19980909 10 473.02
11086 19980824 4 343.83
19927 19981119 4 219.32
18855 19970210 5 325.19
70785 19980615 11 253.52
44805 19980407 10 89.07
77959 19981016 8 86.09
57244 19980917 9 374.63
30602 19970321 4 372.07
43626 19970227 5 337.46
68549 19970726 4 338.94
61471 19980701 11 211.47
16943 19981104 2 319.35
17745 19971219 12 234.51
15577 19970317 4 78.39
30714 19981028 7 271.37
47942 19971208 4 415.67
49671 19980620 12 388.57
11873 19970216 9 72.82
68403 19970930 11 43.26
61925 19970819 1 123.15
32853 19981216 1 303.01
93200 19970411 5 496.77
42309 19980606 9 262.66
64685 19980209 3 78.81
00387 19981008 3 64.42
38441 19980511 12 279.17
16462 19970612 11 151.17
85385 19980501 6 413.19
46768 19980703 4 490.39
34062 19970812 2 114.38
39879 19971106 8 399.75
43964 19980824 1 151.96
41522 19980903 3 398.34
56693 19971115 5 383.77
09560 19971003 9 441.00
02418 19981126 12 432.51
86526 19971031 3 128.46
07054 19980316 11 241.51
05617 19970523 4 331.77
33274 19970212 6 238.11
16377 19970123 7 137.21
00703 19970727 6 376.27
79879 19970113 11 8.24
05133 19980804 4 386.99
03338 19971031 11 199.02
43044 19980108 11 286.41
65492 19970123 1 186.94
23133 19971216 2 480.00
86934 19980620 1 478.03
52283 19970704 5 102.51
34499 19980606 1 89.06
21686 19970127 9 258.23
85413 19980117 5 13.78
45232 19971004 2 260.62
13641 19970610 11 311.02
67457 19971206 12 163.71
41261 19971104 8 431.57
07026 19980617 12 497.91
34626 19970331 7 259.84
86160 19980729 2 287.30
11231 19971121 1 249.30
98918 19980530 5 256.28
95962 19980608 6 465.49
11469 19970403 11 277.80
11041 19980504 3 16.96
47605 19980901 11 209.42
92380 19970101 3 224.58
65465 19970618 6 184.77
93997 19980608 12 374.58
90601 19980209 6 417.44
75640 19970809 3 490.74
67136 19981227 1 313.57
89744 19970128 4 324.25
84218 19980526 11 237.37
85206 19980514 7 72.12
35810 19980326 11 197.02
45458 19971108 11 17.24
21565 19970113 9 179.51
93287 19980210 6 13.95
08127 19970922 8 92.29
90280 19971111 7 73.05
96214 19980916 12 259.19
85836 19970801 11 55.13
11867 19981210 10 224.31
99275 19970327 4 356.54
28929 19970930 11 107.82
97610 19971116 2 331.92
80612 19980131 8 289.43
13426 19980911 8 354.17
04341 19980331 1 463.86
61545 19970618 10 332.97
91378 19970503 9 59.59
39494 19971019 3 438.83
27313 19980108 9 353.48
66708 19970523 6 104.94
02984 19980504 7 358.37
80197 19970729 2 370.36
74397 19980418 10 244.72
98219 19971126 6 104.04
57878 19970829 2 297.99
02124 19971120 10 27.87
09462 19971112 6 214.28
72601 19980122 10 234.31
19884 19970506 11 188.92
83210 19970504 9 318.12
85996 19970430 2 478.06
63417 19980921 11 416.05
45602 19980823 1 35.51
58690 19970518 4 443.80
07192 19980816 10 105.34
84971 19970903 8 202.36
39061 19980729 3 152.61
67117 19971129 1 109.53
92386 19970123 9 364.48
15423 19971106 10 130.72
69106 19970107 1 368.91
29618 19981228 10 109.35
34000 19980908 10 212.33
13358 19980714 7 309.11
26039 19970629 8 334.79
23534 19980709 4 437.35
25459 19980325 1 466.21
39802 19970507 3 94.31
80007 19980111 4 351.90
97821 19971012 2 341.77
01061 19981027 1 110.27
42106 19981020 5 110.96
51019 19970528 4 183.65
22534 19971026 11 9.35
81963 19970122 2 289.34
56333 19970620 12 417.55
39822 19980731 5 89.04
34116 19971106 1 451.51
39690 19981209 4 170.35
27924 19980830 2 490.95
65057 19970918 3 213.61
13791 19971018 12 265.65
67665 19971228 2 177.06
04482 19970505 8 156.84
38504 19980131 9 484.77
63392 19971207 3 495.97
40552 19970428 8 492.63
51273 19980727 5 82.33
67972 19970927 2 360.08
06412 19970604 10 154.95
30026 19970926 11 164.31
97365 19971203 8 371.63
12895 19980113 4 336.15
88876 19980523 3 231.70
49426 19970221 10 314.25
24895 19970422 3 354.30
51369 19980916 2 357.18
42283 19970725 4 214.52
74938 19970323 2 230.78
41500 19980826 9 118.94
65850 19980130 5 439.30
06336 19970903 9 476.41
16519 19970606 1 298.01
16802 19970406 4 455.46
84510 19981228 7 146.95
35571 19980715 10 64.96
56223 19970402 12 164.50
77791 19980501 8 205.38
94329 19981127 5 334.17
48552 19980302 7 463.10
83293 19970130 3 272.21
58253 19970917 11 427.72
69216 19980913 5 256.25
63383 19981225 11 305.14
45330 19971224 4 324.42
20289 19981213 10 156.69
27202 19981120 2 239.82
54975 19971117 1 13.89
54647 19980706 4 491.90
93760 19970309 10 299.99
84613 19980427 7 451.27
79067 19971025 9 124.65
64404 19970819 6 149.47
40273 19971211 5 247.86
06403 19970313 12 251.94
51524 19971025 2 81.41
17912 19970715 10 430.44
31836 19980319 8 75.08
74502 19971011 2 365.81
17944 19980823 12 398.70
41043 19980211 3 92.14
30159 19980209 3 320.46
44126 19980216 11 207.24
73281 19970126 9 133.62
65477 19980921 9 301.40
82261 19981014 3 75.62
50025 19971206 5 394.64
03489 19980829 8 34.53
55050 19971031 9 220.00
74281 19980118 11 214.70
51176 19980104 5 11.08
45082 19980718 11 77.24
68409 19981017 6 221.32
77777 19971207 12 345.15
81982 19970331 12 279.33
76128 19970521 9 166.86
57757 19980129 12 241.43
81936 19980514 10 441.49
50384 19970416 10 459.76
17589 19980723 11 365.70
03714 19980203 4 260.07
84380 19970828 9 276.39
98903 19980519 6 165.13
86605 19980213 3 497.40
05579 19980913 7 473.01
68642 19970512 8 17.71
08002 19970404 5 93.69
74143 19980503 8 234.80
11894 19970426 1 12.64
24524 19971030 4 101.32
07062 19970904 7 59.74
05928 19970428 6 155.55
65371 19970529 12 398.72
18647 19970615 1 119.88
32849 19980705 8 246.32
14160 19970403 8 135.39
16160 19980111 6 260.74
74019 19980326 12 317.96
44041 19970526 2 167.26
32836 19970128 10 85.59
50453 19980814 2 204.97
09600 19980621 5 295.37
60815 19981214 5 433.55
79305 19980408 5 124.21
80768 19980728 7 173.26
17237 19980919 2 187.86
79532 19980714 2 45.27
22102 19980430 3 457.53
54542 19981222 9 86.89
34677 19980122 3 19.66
66241 19970630 6 353.04
64622 19970307 1 187.23
22187 19980608 1 449.61
90703 19970322 5 66.51
73598 19981004 3 465.58
66871 19970924 2 251.18
61416 19970521 4 168.45
77981 19980723 1 187.78
87788 19981128 11 72.19
09345 19980414 3 416.02
33745 19970128 11 141.50
85525 19980511 7 157.27
07234 19970914 11 15.27
81285 19970202 11 486.27
87352 19971125 6 465.35
69260 19971008 1 59.87
53227 19980803 5 448.64
55251 19980217 10 115.71
64100 19980916 2 20.17
84283 19970626 11 121.61
48977 19970518 10 226.36
73205 19971107 11 150.60
25616 19980325 12 151.28
90932 19980707 11 256.91
30765 19970219 9 157.20
25797 19981031 5 72.01
75669 19981122 12 44.01
63071 19980103 7 28.91
86622 19980928 9 84.63
48386 19970523 2 136.90
45162 19970812 1 414.73
68374 19970401 5 492.17
99381 19970921 1 319.17
23363 19980217 11 361.33
13087 19981231 10 284.35
45846 19980311 5 489.35
87169 19981208 2 412.23
29771 19980316 6 18.73
59448 19970719 5 59.72
07547 19970518 4 141.87
68638 19980520 3 142.50
14174 19971126 12 371.51
08979 19980225 5 128.07
56769 19981130 6 242.30
37634 19970715 7 389.75
34307 19970117 6 152.45
66654 19980909 10 499.14
03721 19980718 8 484.19
05261 19980422 10 438.74
82644 19980506 6 345.76
56724 19980630 3 321.42
60119 19970922 1 127.23
01719 19980602 11 22.93
08629 19981010 5 353.47
45470 19980717 8 340.33
05584 19980821 4 238.16
71643 19990101 5 421.70
96352 19980930 2 372.75
22516 19971202 12 16.54
35387 19970420 7 68.78
34755 19980923 5 266.44
59780 19970430 7 197.19
49684 19970811 10 101.87
30451 19970824 5 35.84
92735 19981224 9 42.04
05657 19970115 7 446.24
57392 19980417 7 393.36
37123 19980707 9 441.32
10170 19970301 3 493.41
31115 19970819 2 491.67
80551 19971121 1 163.57
82570 19980823 10 470.65
55189 19971116 6 86.22
77717 19981106 4 292.65
27982 19980318 1 355.40
58348 19980703 6 402.07
29922 19970111 1 38.11
66290 19980109 10 396.24
95991 19970818 12 174.78
37647 19980401 10 167.49
52693 19980215 11 333.74
50212 19970527 1 224.35
87495 19970523 8 459.37
46161 19980206 3 80.17
91914 19980510 3 332.47
90022 19970810 6 11.00
20564 19971117 10 466.12
30592 19970310 1 326.54
54464 19980728 12 393.33
91768 19980314 4 306.37
77549 19971002 3 470.02
37570 19981113 3 453.18
81456 19971218 1 462.44
90471 19980906 6 231.05
84662 19980512 6 389.68
33874 19980115 11 226.21
27097 19980509 2 428.67
26336 19970809 3 56.55
76481 19980607 8 14.65
79548 19981014 11 140.81
98599 19980121 8 175.12
49881 19970419 12 218.13
85631 19980604 7 114.90
33859 19981009 2 367.91
63321 19971026 5 101.48
02758 19970629 5 161.81
96727 19980515 4 395.21
42288 19981228 2 340.76
85434 19980819 9 97.56
66810 19980704 3 106.25
07120 19980211 5 400.80
92677 19980309 10 183.20
10326 19970324 8 270.28
49342 19981010 10 474.45
25168 19970830 1 341.73
97103 19980919 4 430.44
61511 19970824 4 163.99
78122 19970522 9 217.41
73716 19980311 8 243.61
79240 19970622 6 426.65
98567 19970124 8 319.47
15421 19971026 6 193.85
17085 19970715 8 382.35
08737 19970308 6 447.31
96888 19970618 4 446.87
55399 19980629 1 297.78
61239 19980119 7 314.63
61392 19980810 11 352.99
22845 19980915 1 490.87
53868 19970301 9 169.30
50304 19980728 7 42.91
79025 19970111 2 359.09
04003 19980321 11 109.30
06517 19980617 3 322.58
41571 19970127 9 347.23
26445 19980513 8 13.47
88701 19971225 5 372.35
28212 19981107 2 125.50
20016 19980823 6 55.76
12931 19970727 5 29.51
24434 19980522 5 62.18
37738 19971124 6 440.57
65378 19981123 4 461.29
11855 19970427 2 426.39
18855 19970215 8 74.37
57176 19981103 1 67.88
69471 19980415 8 69.71
86404 19970218 11 358.12
48427 19971024 1 17.79
45736 19971231 7 136.68
81082 19980615 1 124.63
78746 19980928 7 433.04
80376 19980308 1 325.20
62525 19971028 9 366.39
69224 19980413 5 248.94
75832 19970217 10 97.77
01653 19970505 7 428.51
79320 19970916 4 327.56
15539 19970714 4 292.49
22468 19970408 8 145.77
92661 19971127 4 92.03
36607 19971111 5 48.09
09944 19970213 10 205.95
61118 19980129 7 132.24
40936 19970520 6 316.60
46459 19970619 8 459.03
18126 19980202 9 405.91
12304 19970515 8 467.37
05313 19970521 11 399.00
15700 19971025 11 29.60
52080 19981112 11 252.86
60242 19970110 12 47.93
15883 19970221 5 74.68
80740 19970910 1 14.87
55689 19970510 3 150.52
09662 19980712 9 439.99
15502 19970622 4 52.29
60680 19981006 5 327.77
91733 19980505 6 10.21
06003 19981017 11 349.57
50513 19971008 6 467.11
01234 19981004 5 459.50
94189 19980426 1 335.21
51616 19971201 2 272.39
42530 19980522 11 102.72
66467 19980225 6 59.19
83187 19971205 1 57.90
71696 19970923 5 41.47
42956 19980525 2 353.62
10670 19970916 9 435.96
12259 19970214 8 32.49
21188 19970926 9 455.99
26637 19970906 3 341.94
70481 19981019 4 312.45
29492 19980413 11 367.46
98854 19980131 12 436.93
91301 19970412 9 251.41
85504 19981105 10 378.80
11378 19980913 8 293.24
85780 19980705 11 51.17
07421 19980426 8 329.82
18365 19971020 6 314.02
87480 19970216 8 444.96
19158 19980203 9 284.76
26768 19971107 5 141.01
95040 19980818 6 177.28
83288 19981107 5 17.03
44600 19980822 10 478.54
34568 19980904 5 414.21
03435 19980405 12 287.59
16222 19981015 8 463.76
52962 19970824 1 413.14
82616 19980618 11 304.08
23763 19970422 7 138.02
86164 19970910 9 355.91
47588 19970924 3 107.88
39733 19980731 1 471.46
42800 19980918 6 230.25
62468 19970810 10 106.07
25169 19980311 11 214.91
77447 19980919 12 9.08
17519 19980214 7 32.42
21419 19981227 12 242.86
22190 19980209 6 317.12
75519 19970804 4 402.30
05354 19970413 11 230.04
96355 19980130 3 199.25
96837 19970306 6 84.89
29126 19981123 9 139.25
73531 19971122 10 326.88
68626 19980811 2 274.73
16176 19971121 10 332.47
96371 19980524 7 187.26
24372 19980621 3 491.35
72239 19971127 5 93.55
92279 19970119 12 160.62
21416 19980115 8 466.12
93417 19970402 11 413.96
10733 19980305 4 481.90
05469 19970206 7 167.52
17918 19980209 8 430.22
72925 19980614 4 54.49
77988 19980411 9 401.90
66954 19980702 4 65.94
71373 19980720 2 87.63
05316 19980518 2 452.17
04818 19970518 7 337.39
86864 19980731 6 130.63
67457 19971017 7 294.50
57488 19970624 5 37.24
00486 19970622 5 276.24
85420 19980312 7 75.58
78101 19980329 7 157.32
17220 19971126 3 45.74
54431 19980908 8 243.71
68666 19970401 11 447.18
87079 19980609 3 124.42
12606 19980624 3 32.89
90161 19980331 7 408.50
60994 19971225 6 393.47
51169 19981028 7 43.53
14672 19980710 5 229.77
07041 19981207 7 103.16
16883 19980527 10 26.96
15574 19970819 7 75.22
23049 19980226 2 491.42
80826 19970526 4 52.61
73229 19980619 9 480.64
27455 19980228 8 221.39
91803 19980611 1 159.73
79335 19981011 6 273.12
50991 19970916 8 314.60
26343 19971026 5 480.91
40749 19981130 3 356.40
38609 19970729 9 466.10
64962 19970409 12 24.64
29504 19980725 1 358.87
20878 19970519 4 115.29
36296 19970801 12 290.23
78432 19980610 2 275.86
34191 19970214 5 62.58
10349 19970708 1 109.57
08218 19980911 7 200.90
55585 19971017 3 462.91
71798 19980311 8 326.73
46120 19981112 10 147.51
56751 19970805 2 112.65
54038 19980123 5 37.88
76265 19981129 8 323.41
17005 19970704 10 362.84
08105 19971017 5 451.67
56853 19980728 5 24.21
28996 19970208 10 419.02
51559 19970327 3 374.57
85683 19981208 6 87.71
63943 19971006 8 128.23
39568 19980525 3 342.48
96510 19970615 10 234.56
58825 19971213 4 269.59
23125 19970622 4 47.48
46592 19981124 10 173.24
84625 19980607 10 294.57
08654 19970422 7 207.09
90154 19980629 7 46.69
29795 19980611 10 50.65
89016 19970831 9 371.19
22972 19970611 1 210.47
39793 19981205 6 199.29
87020 19970502 5 316.68
15612 19980129 11 408.59
35096 19970924 7 363.73
93393 19970524 12 44.16
95386 19980111 6 59.20
90446 19970603 6 190.69
59015 19981104 10 340.93
37373 19981227 9 495.59
22749 19970224 5 214.82
46772 19980212 10 156.11
71831 19970425 2 347.28
51399 19970508 4 72.61
42179 19981218 3 272.99
28101 19970829 8 137.97
41052 19970928 9 460.60
14036 19970408 12 106.84
68038 19980818 5 376.03
41094 19980403 4 98.11
93628 19981227 6 180.16
70907 19970515 11 293.97
96734 19970117 11 172.11
59207 19980318 10 88.22
82403 19981111 12 306.13
15664 19970908 1 272.17
08261 19980407 1 140.99
22721 19970509 8 178.57
85260 19981226 2 405.10
21486 19980109 1 120.09
98212 19970415 7 452.46
05451 19981024 6 79.24
98888 19980918 4 444.35
41645 19980216 3 384.00
80354 19980910 2 325.81
74992 19981125 8 12.75
11320 19971204 10 476.19
75628 19980920 8 434.98
30514 19980527 5 36.78
63723 19971216 8 206.06
37083 19980525 10 459.19
01275 19970708 11 216.90
46031 19980608 8 15.05
79478 19980426 12 371.99
93587 19980109 1 143.69
49120 19980414 3 316.67
24250 19970521 4 304.21
48675 19980727 12 28.85
59622 19970223 5 69.38
74940 19970402 6 338.95
52563 19970906 4 219.89
81289 19970304 2 416.50
83710 19970329 11 383.21
99984 19980524 10 257.42
75414 19980707 11 81.25
18463 19980801 11 260.89
59787 19980806 5 93.43
20632 19981018 4 84.98
21297 19980122 4 297.50
91282 19970909 9 36.39
36880 19980810 9 79.91
94813 19971030 11 30.77
64273 19980818 7 263.27
81468 19970524 2 420.82
97507 19980311 8 68.59
70717 19980730 9 182.49
01281 19970225 9 60.44
90290 19980908 4 149.29
47276 19970821 9 207.07
21087 19980328 8 37.24
70127 19970528 11 432.75
65610 19981220 9 52.92
94099 19981207 12 231.83
71902 19980426 1 259.88
16209 19980120 8 244.66
11051 19980211 12 171.18
46982 19970226 3 36.64
07746 19980107 10 148.15
19676 19970410 6 410.93
69344 19980810 4 346.52
44981 19980130 12 7.73
13976 19970816 8 339.44
84159 19970523 8 297.90
10820 19970513 1 229.96
69780 19980721 4 283.76
51108 19981213 2 345.95
82158 19980530 2 35.10
63819 19980313 12 346.02
91302 19970615 11 72.48
31437 19970319 12 68.22
84030 19970126 2 437.41
29906 19981205 3 305.38
13444 19980223 5 325.91
03760 19970701 9 264.38
71632 19971024 6 442.98
00824 19980609 3 151.65
16015 19970905 4 143.98
43001 19980121 2 233.90
16112 19980724 5 210.88
00986 19970424 6 440.46
16527 19980202 12 136.46
18621 19981122 11 79.55
87936 19970617 1 77.27
55103 19980921 2 445.26
90654 19980815 11 103.65
20352 19970712 2 222.03
73268 19980829 11 315.85
23691 19980608 10 482.13
84442 19981123 4 246.43
27603 19970513 7 231.09
06069 19980523 12 354.89
05381 19970624 8 141.40
63624 19980524 9 89.22
65537 19970703 9 98.40
56803 19970803 11 100.15
27171 19970626 11 296.25
85816 19970718 11 259.84
73103 19981027 10 7.58
00501 19970608 4 142.17
91144 19980608 12 300.33
75767 19980518 12 403.68
88261 19971006 4 497.82
07154 19980930 1 409.44
14114 19971117 8 178.69
49885 19970827 6 485.91
31061 19981121 12 438.00
30591 19970427 4 361.18
19939 19980311 9 359.47
66653 19980804 5 201.33
66674 19970822 7 236.12
10526 19971024 12 235.73
56641 19980323 5 280.52
24028 19981226 9 249.61
05426 19981224 12 47.72
22793 19970501 6 221.13
51021 19970718 7 389.51
32902 19970201 6 219.70
86983 19980504 7 196.65
28214 19980325 4 261.55
74988 19971103 8 464.11
97018 19980128 9 352.57
54153 19980325 2 130.49
02750 19980612 6 118.96
97864 19970629 11 318.18
62001 19970512 11 163.59
80343 19981012 8 251.71
31792 19980615 12 241.20
90880 19970312 2 217.41
91296 19980728 6 149.03
39349 19970523 12 55.09
57736 19970909 10 15.21
30880 19970924 1 411.03
39677 19970117 4 215.44
83554 19971115 10 127.19
89428 19980409 7 203.39
12671 19970221 1 132.04
36773 19980101 12 384.21
93598 19971018 4 115.65
86207 19981130 6 189.24
08711 19970121 9 204.22
15701 19970331 1 434.12
47677 19980423 5 473.51
69238 19970119 6 197.98
39081 19980412 1 198.09
66771 19970125 10 57.92
45370 19970114 6 410.00
24350 19981221 5 82.80
01849 19971211 10 439.92
08767 19971124 11 84.57
43274 19990101 10 134.24
13287 19970426 10 440.40
34925 19970224 11 89.90
19170 19980820 2 246.34
00469 19980120 12 332.93
88691 19971218 8 33.40
87797 19971216 8 479.83
85486 19970907 3 94.12
01385 19980129 11 339.83
21132 19980518 9 249.03
51212 19971024 9 186.91
14066 19980817 7 16.07
55714 19970303 2 211.12
23206 19980618 5 169.63
96715 19970508 4 42.21
32551 19970623 8 417.21
60552 19980916 5 260.01
38749 19971224 12 27.11
41313 19981228 4 461.50
21473 19981026 6 231.65
88764 19981006 12 240.63
56415 19981017 5 102.65
18279 19980317 1 141.42
32595 19970513 7 154.00
37690 19970927 6 7.40
48023 19980106 10 433.34
61073 19980417 2 77.64
67746 19980917 8 230.95
84899 19981015 10 237.45
59349 19970815 7 286.90
96102 19980214 2 476.87
55771 19971015 10 178.81
99515 19980319 9 314.91
65323 19970126 12 253.76
18470 19980623 11 245.25
41934 19970721 11 26.53
11739 19971208 5 429.60
87011 19971228 5 325.10
79717 19971015 10 319.24
71333 19980925 8 157.89
97218 19970606 5 267.56
09867 19971213 10 463.27
64237 19970514 3 187.17
94895 19970219 10 127.58
47853 19981016 8 36.48
89508 19980307 12 437.27
13206 19980824 10 183.58
35331 19980630 8 37.02
91869 19981029 6 119.08
02630 19981214 10 496.85
28079 19970906 2 301.62
39694 19981020 6 205.05
06561 19971005 4 316.62
74560 19981003 6 495.06
11473 19981214 1 167.43
49620 19970117 10 499.89
88713 19970323 6 201.26
89760 19970328 11 28.30
59383 19971108 12 152.42
44642 19980628 1 326.73
54087 19980417 1 275.04
49648 19980723 7 173.66
11367 19981016 2 128.84
74520 19971105 8 92.30
94751 19970920 5 354.63
15949 19980404 8 476.91
28424 19970104 2 103.11
44576 19980615 11 496.22
65306 19981031 7 368.89
02601 19980604 2 243.47
04034 19970623 8 343.29
31694 19980224 12 280.27
61646 19970831 9 329.80
94515 19980725 4 249.27
58256 19971204 11 213.96
59016 19980820 3 374.97
48210 19980706 1 434.68
16715 19970826 1 400.71
14151 19981002 8 336.80
10292 19980704 12 310.85
77798 19971208 4 150.70
10369 19970514 12 290.66
92421 19980208 1 359.25
58205 19980316 3 339.24
10115 19970527 4 214.34
22606 19970206 12 411.28
75616 19971118 12 393.57
88657 19970906 11 455.07
89879 19980621 7 429.25
90939 19970819 8 10.46
02466 19971011 12 401.47
68541 19971103 7 75.75
48847 19970917 12 303.16
14498 19970924 3 298.97
96210 19970527 9 170.79
85082 19970401 6 159.33
45280 19971123 2 135.84
61164 19970801 1 360.29
63977 19980713 10 36.41
70212 19980723 7 223.02
24894 19980103 11 11.19
18353 19970808 12 471.36
32752 19980606 9 321.53
95781 19980428 5 284.22
95584 19970523 11 166.81
70731 19980121 7 392.28
09986 19980308 12 225.95
55615 19970517 6 323.03
53031 19970808 5 355.53
60530 19981116 4 295.56
46710 19970518 1 440.57
00033 19980613 4 237.24
23539 19980306 10 468.90
17229 19981003 11 490.49
31073 19971017 8 460.05
12806 19971015 1 219.00
80497 19971208 8 451.08
57719 19971211 1 394.76
95912 19970114 6 137.18
07113 19971023 4 102.82
23304 19970222 1 291.89
53593 19981218 10 236.11
64324 19971001 12 467.87
10732 19980813 7 19.63
09063 19970123 12 395.85
32249 19980101 11 69.42
03639 19980203 3 318.95
16497 19980907 7 331.48
15782 19980509 2 31.91
27512 19970609 10 31.09
03239 19980807 10 51.66
01976 19980704 1 489.63
75899 19981019 5 263.20
49682 19970902 7 36.28
56840 19970330 9 343.01
10373 19970616 5 92.00
43796 19970220 10 398.30
23502 19981001 1 34.90
29162 19980217 10 363.30
06843 19980113 7 92.92
12964 19970610 1 239.27
37706 19980418 7 422.98
35886 19980730 7 45.67
39205 19971112 12 137.68
45792 19981024 6 449.68
88314 19981106 10 109.65
73953 19980715 9 398.91
41170 19981002 5 419.54
59663 19970320 12 395.97
79801 19980509 11 43.87
56083 19981223 7 104.20
96133 19970805 10 435.55
04356 19981021 12 216.19
52497 19980726 5 235.44
81082 19970825 11 341.56
91526 19970919 9 324.17
31745 19980131 10 316.70
30934 19980329 3 180.26
42125 19970621 2 326.43
96831 19980708 6 146.53
88607 19980927 4 224.57
83305 19981013 11 472.30
95108 19970211 3 239.00
05706 19971201 9 57.97
53087 19971029 2 9.88
13804 19970530 3 212.14
99023 19970104 11 83.63
85135 19981024 10 299.18
70679 19981114 4 364.52
51510 19971005 2 155.63
11214 19970304 12 390.10
37939 19970127 3 465.03
60794 19980916 12 486.22
10000 19970328 4 338.00
01970 19970325 6 152.07
90239 19970614 4 57.57
16485 19970701 12 418.77
84880 19980719 2 121.62
17465 19971023 3 298.53
39159 19970528 12 475.84
74263 19980601 1 187.62
04631 19971225 12 156.14
22985 19980627 12 198.47
87758 19981021 5 119.03
62502 19980216 5 329.87
53391 19981017 8 294.24
99692 19980905 7 447.66
44194 19970403 7 460.30
11669 19980602 7 293.81
35434 19980711 7 95.12
84983 19980903 2 496.22
13617 19970912 4 150.67
40591 19970203 3 402.75
72168 19971227 10 22.91
13440 19981216 8 322.15
10631 19980122 4 46.06
86384 19980430 4 383.77
00672 19970511 5 78.24
87782 19971102 11 452.47
73829 19981212 5 476.62
93229 19970429 4 167.08
20063 19980809 2 249.34
55722 19980416 1 229.18
48805 19970609 9 227.92
17161 19980606 4 327.08
39077 19971004 7 262.30
12598 19981125 4 373.37
56079 19971101 3 430.15
45422 19980402 1 217.56
84594 19970820 2 471.63
55506 19970812 12 471.77
29386 19980418 12 313.75
21772 19980106 8 270.78
35877 19980307 9 206.43
51966 19970804 8 16.88
33708 19980602 9 154.14
08235 19970820 10 239.51
02529 19980901 5 337.08
90305 19981125 9 122.36
82906 19971016 8 126.71
53282 19970620 11 108.54
18550 19981219 12 338.90
48186 19980705 5 109.06
34241 19970106 3 459.00
07141 19971117 6 36.32
39820 19970923 1 116.77
22667 19970814 10 279.35
36359 19970722 7 422.33
37131 19981021 12 69.82
50348 19970211 3 18.07
18041 19980412 9 303.80
35331 19971224 8 338.31
81405 19971113 4 295.35
77452 19980118 12 22.69
25098 19970629 12 105.39
22977 19970308 6 316.71
99984 19980401 6 68.96
68981 19980510 11 283.89
15587 19970730 9 25.74
98085 19981202 3 234.19
58042 19980518 10 365.04
32870 19981212 6 87.77
98813 19980712 4 388.72
34958 19970731 5 37.83
44612 19980615 9 393.02
49497 19980720 10 82.50
93925 19981130 7 430.01
80610 19970107 6 71.74
31924 19970214 5 288.07
79777 19971112 1 305.73
33315 19981120 6 447.44
09458 19980724 8 429.82
91140 19970908 8 113.15
49262 19981012 11 316.00
45866 19970211 7 162.80
10934 19971220 12 339.77
83051 19970328 11 477.58
71674 19980503 8 290.95
41171 19981105 7 142.86
93824 19970403 3 151.71
35115 19970327 1 364.65
72433 19980804 5 488.83
86665 19980608 10 51.48
18228 19970404 3 197.18
33309 19981012 10 387.30
08789 19980208 3 426.19
88272 19971225 5 260.08
47631 19980826 4 247.98
35755 19971114 6 485.20
14481 19980614 5 193.96
32811 19980117 3 129.87
51437 19970513 5 348.07
85986 19970817 12 340.62
58166 19970718 1 407.66
26670 19980420 6 323.10
09321 19970604 2 350.97
21825 19981020 5 373.65
35977 19971231 4 55.37
99794 19980828 8 481.63
25263 19970115 6 164.56
76300 19980801 12 117.11
29055 19981011 3 347.06
76867 19971125 3 118.31
78038 19980918 3 341.84
41091 19981128 5 212.45
67092 19971229 2 205.49
43018 19970309 4 478.00
67095 19970702 7 438.52
48264 19970408 10 180.83
99890 19981021 11 448.33
21101 19970422 11 380.65
43302 19971113 1 144.54
25904 19971111 5 399.47
87851 19980514 4 399.73
84598 19980727 8 449.55
50270 19980526 10 88.18
93043 19980613 1 169.36
10720 19980627 11 296.01
93702 19970722 5 150.15
23487 19970822 3 37.39
78028 19980507 11 87.66
90562 19970630 11 432.25
59667 19980216 10 57.76
02223 19980926 5 448.96
33301 19980515 5 221.33
28544 19970724 7 250.13
29739 19981005 8 352.45
47719 19980725 6 287.19
19352 19981121 11 473.86
62355 19981108 8 262.61
73894 19970514 10 419.01
37702 19970219 1 192.92
23796 19981229 11 129.21
87681 19980204 10 130.91
42337 19980223 12 38.06
55738 19970331 3 125.27
14191 19980814 10 453.10
78503 19980703 3 234.44
05859 19970413 11 484.38
54360 19980106 5 244.62
87041 19971013 12 103.34
69183 19981228 7 257.94
68988 19980808 10 370.61
78996 19980304 5 28.62
70748 19970821 10 152.16
18837 19980614 6 399.29
27538 19970808 6 95.22
34739 19970703 9 124.58
96760 19971110 2 35.06
64703 19980912 10 72.60
44123 19970621 7 224.17
24736 19970803 11 123.36
99313 19980104 5 17.02
25947 19971011 9 341.10
85239 19971230 6 138.95
95051 19970128 8 429.27
27328 19970818 4 69.56
37335 19980618 4 254.17
93765 19971015 8 340.98
01437 19970619 7 476.91
30994 19970725 7 8.38
52196 19980425 12 436.00
61808 19970127 11 10.60
66373 19981121 3 302.05
54520 19980304 4 372.14
40784 19970601 2 120.83
26546 19980515 1 188.02
53465 19970918 12 307.94
81264 19980418 11 40.86
51883 19970707 12 172.29
72493 19970412 3 255.40
54041 19981217 8 164.69
02243 19971123 10 147.70
36628 19980213 6 57.60
25163 19980307 1 240.74
71663 19981126 8 203.26
41565 19970820 6 314.07
77164 19971216 8 228.17
17886 19971225 11 487.86
23946 19970618 12 222.40
19299 19980912 7 116.19
57518 19970105 12 54.82
61952 19970515 1 59.52
12846 19970606 5 74.26
14820 19980119 12 33.90
26747 19980522 2 434.82
74957 19970927 11 170.44
29328 19970404 12 321.59
32482 19980331 5 494.17
27268 19971120 7 310.32
89201 19980319 9 37.98
48880 19970510 6 161.58
90082 19970131 12 92.49
74683 19980323 1 6.49
47597 19980303 2 255.30
62209 19970407 4 27.40
69917 19970118 11 283.26
08915 19980406 8 214.49
87426 19981017 3 298.14
42203 19981127 5 329.23
50912 19980109 2 307.22
74333 19980225 9 253.59
57240 19981224 10 340.83
07972 19970507 1 252.90
97962 19980924 1 182.95
08820 19970508 1 440.34
74123 19980404 5 239.83
17745 19970517 9 171.42
69436 19970314 3 142.45
57803 19981212 1 116.31
65270 19981011 12 422.18
35640 19980319 5 309.83
59024 19980326 3 403.70
84617 19970530 9 193.34
44705 19970915 8 185.11
70514 19980515 5 91.74
82846 19970507 11 376.23
37441 19980804 10 216.80
98555 19980407 4 489.87
56496 19980803 5 368.16
23491 19980123 9 433.11
72228 19980901 3 68.00
85208 19970627 8 14.39
68477 19970207 3 97.88
60044 19971121 10 293.02
11031 19980205 9 229.33
09459 19980419 2 110.92
76787 19970112 8 78.86
32621 19980612 2 47.76
18812 19981130 1 11.54
69323 19970206 11 147.37
22509 19970531 5 233.94
45490 19980524 4 491.54
08793 19971129 10 303.38
99363 19970501 12 323.79
17466 19981023 7 71.77
63309 19980707 5 398.26
71350 19970425 7 401.50
11541 19980301 9 49.79
17376 19980316 3 432.16
41201 19970402 4 220.41
72334 19970727 1 39.77
60273 19971204 9 434.09
38871 19981213 2 151.86
77258 19970124 5 421.27
57075 19970108 7 443.63
64729 19970205 11 323.99
20411 19970220 7 155.09
24041 19970323 8 341.81
20563 19971229 3 27.18
88184 19971222 5 309.18
96712 19970318 3 395.97
89361 19970216 6 285.63
06511 19980118 3 188.80
07374 19970131 2 39.59
96492 19970506 8 398.21
36872 19970114 8 70.14
85144 19980216 5 41.99
57908 19980305 3 383.69
00963 19981011 11 149.99
91943 19980814 8 254.10
79428 19970129 9 364.78
48616 19980504 5 231.23
43057 19971028 9 308.79
20040 19970607 1 414.46
51650 19970427 7 463.18
08901 19971027 8 247.62
31439 19981225 6 474.48
74823 19970420 10 62.62
07194 19980108 12 201.77
26034 19970714 11 135.35
85560 19971011 6 298.02
05346 19971201 6 324.36
87769 19970604 4 309.97
34447 19970717 6 421.11
19630 19981005 1 161.99
14742 19980415 4 389.57
57325 19980124 9 424.37
92241 19980420 1 343.43
22785 19970829 4 417.78
69276 19971105 3 80.10
97346 19970516 11 105.24
98302 19980821 5 465.90
65361 19981222 12 301.76
17740 19980830 5 99.09
88091 19970608 11 327.41
55227 19971220 5 96.77
01205 19980908 12 245.46
27270 19981023 9 30.39
59063 19980221 3 254.28
02247 19970907 9 47.60
32182 19970308 2 178.22
61168 19980222 2 23.25
10674 19970609 2 234.16
23459 19970816 11 206.15
07679 19970712 4 292.51
94220 19981104 11 125.43
20364 19980301 12 222.87
01176 19980118 8 38.91
04833 19970723 1 373.28
42200 19970205 6 189.80
61968 19971110 8 480.00
02234 19980325 12 203.06
28558 19980921 7 475.11
65809 19981110 9 298.27
76350 19980918 9 295.45
47594 19970705 7 439.39
74257 19981222 5 394.50
54168 19980107 5 177.16
91165 19981025 4 423.45
94801 19980217 12 223.64
33904 19970802 4 91.76
31805 19980831 8 28.87
44244 19980629 12 146.86
92681 19970825 4 357.75
31363 19980519 10 307.00
36217 19980108 4 242.67
51543 19980303 6 60.37
39088 19971201 12 366.75
60214 19970525 1 475.24
96301 19971013 8 374.53
03767 19981110 10 83.05
46886 19971222 4 247.13
57260 19980706 11 140.27
44460 19971023 10 237.97
50239 19980414 9 449.85
78185 19970429 5 463.95
72646 19970716 1 20.14
03386 19980820 9 161.71
42177 19970802 1 440.30
17729 19981201 3 116.17
66267 19970124 2 478.14
04714 19980417 10 145.35
47555 19981204 1 414.22
30128 19980509 4 497.72
47392 19980122 12 51.95
39842 19971130 1 314.39
02089 19970524 3 128.50
48418 19970423 4 407.34
95049 19971122 11 259.44
40076 19980601 9 386.74
31202 19970112 7 388.75
39146 19981028 6 62.91
25990 19981126 1 192.60
66107 19970214 12 265.33
48256 19981004 12 109.25
88677 19981103 9 356.80
58175 19980813 8 411.45
95382 19970323 5 237.92
93049 19970918 6 273.95
90024 19980301 1 473.70
05798 19970210 3 357.13
54265 19970327 9 89.76
31973 19970316 10 44.85
67311 19970217 1 71.78
90879 19970923 7 379.07
27337 19980604 1 381.02
83202 19980430 11 282.61
41134 19971010 4 179.84
10978 19980327 4 19.90
97135 19980112 8 198.45
06046 19971009 1 242.07
23466 19970407 6 360.83
15904 19970424 10 390.57
99135 19980111 6 486.51
46256 19970429 10 399.33
69955 19980716 10 192.56
79952 19970619 7 291.21
71960 19981004 8 394.82
55255 19970110 3 445.95
21474 19971029 7 465.43
14963 19970116 1 334.45
19608 19970115 6 328.66
32223 19970806 11 473.33
32887 19971013 12 281.93
24300 19970614 1 404.03
56478 19980106 10 259.16
61888 19970604 2 158.23
87876 19981214 12 74.17
42779 19970207 8 146.28
33326 19971031 12 240.68
43852 19970905 3 458.66
13676 19970902 3 384.49
61380 19970723 8 482.79
64835 19971007 3 346.53
64150 19980904 4 188.72
13456 19981025 7 119.19
43584 19970717 6 288.43
72175 19970114 8 96.47
54484 19980322 3 38.65
33498 19981004 10 79.50
33234 19980223 11 31.94
63040 19981024 2 331.19
60861 19970410 11 343.01
90286 19970426 11 217.02
07245 19970110 11 39.62
31039 19970227 4 26.69
50387 19970414 7 324.15
93116 19970526 2 184.09
86242 19970330 10 81.43
35195 19970413 4 481.73
37902 19980907 9 205.08
15914 19970907 12 48.74
04781 19970527 6 90.10
48650 19980608 12 358.62
29414 19971023 7 277.23
71835 19970320 4 405.66
18408 19970320 10 334.71
85495 19981203 1 265.27
84879 19980822 6 266.32
30441 19970326 8 345.13
30454 19970423 5 221.91
55094 19980113 1 183.08
28083 19970914 2 457.99
54637 19970412 5 427.89
45687 19980210 3 330.35
83107 19970417 9 304.03
75399 19980131 2 269.83
99050 19980116 4 384.11
72393 19980130 11 272.32
75468 19980705 10 62.77
48491 19981103 6 310.90
65926 19980521 3 61.36
17259 19970125 4 199.74
86013 19981012 11 197.39
77199 19971114 8 202.93
22432 19970725 11 5.53
18882 19980501 12 384.13
34985 19980716 8 60.53
77994 19980424 6 228.26
09776 19981126 3 148.58
15400 19970408 8 42.55
24613 19970111 4 467.87
40409 19980430 10 391.34
89697 19970213 8 416.61
69268 19970819 7 8.26
55917 19971031 9 378.28
70257 19970714 10 218.32
49397 19970912 5 270.58
41986 19980727 5 377.70
28033 19970326 12 164.06
91494 19980628 6 80.93
20046 19981121 1 204.26
81200 19970315 11 408.23
27408 19980313 10 461.95
05844 19970102 10 260.80
85000 19970727 7 78.67
15165 19970406 3 327.83
36866 19980104 5 291.03
69744 19980415 11 399.38
19019 19980416 9 498.99
99502 19980105 5 331.62
85115 19970107 5 194.13
43523 19970524 9 244.77
95681 19980815 3 37.29
05894 19970210 3 207.03
33032 19970425 11 363.06
73445 19980623 9 488.99
59549 19971104 11 118.63
63951 19970102 8 494.83
31159 19980618 4 461.47
42512 19970719 8 130.19
27361 19971101 2 163.64
46436 19990101 2 475.07
83434 19981129 3 110.90
09792 19981029 10 64.65
96667 19971228 10 308.64
84768 19980219 12 219.09
31215 19981113 9 388.58
00563 19971020 12 193.33
30366 19970609 8 311.86
60239 19980208 4 355.06
87305 19981018 7 296.40
10441 19970110 2 8.49
94322 19980316 5 317.48
94667 19971222 6 118.60
15101 19970530 6 104.20
83894 19980415 12 318.51
36582 19970713 3 110.18
13811 19970304 10 257.86
63468 19980314 11 390.01
33786 19980212 5 163.81
75968 19971108 8 230.46
72660 19970818 7 480.16
17672 19980326 2 208.98
25473 19970612 6 251.17
29169 19980124 3 136.37
84557 19980830 11 237.25
69704 19980730 9 355.97
59672 19970810 1 43.51
42149 19980623 4 147.23
56773 19980810 8 262.33
48321 19980905 10 187.53
81289 19971007 5 90.05
44043 19980824 7 149.93
14714 19980524 9 46.53
80970 19980403 2 450.84
15058 19971013 12 192.91
47235 19981108 3 50.42
82442 19971101 3 145.44
39246 19971206 10 139.44
63277 19981228 8 369.46
86169 19980521 9 160.83
11926 19970527 8 464.28
28825 19970304 10 19.16
01171 19981123 6 110.99
43889 19980124 12 270.77
57690 19970903 7 142.18
76165 19971231 9 252.63
37227 19970325 2 35.43
66897 19980604 6 31.94
20408 19981029 11 237.89
90200 19971224 11 152.87
27562 19980724 8 210.85
24611 19980605 6 113.58
55248 19971202 9 49.96
62292 19981130 1 197.47
81221 19971120 8 85.84
75912 19970518 8 60.87
53958 19971127 1 156.03
68151 19980805 12 123.99
46006 19980322 5 415.18
61122 19980827 3 419.23
59549 19970731 1 208.05
43775 19970223 12 22.04
64095 19980424 3 198.72
17987 19980226 7 244.60
33124 19980601 1 324.15
75445 19980505 12 314.73
27095 19980108 7 488.56
67648 19981106 10 188.01
99212 19980626 7 241.21
03932 19970310 2 458.63
45935 19970818 8 483.29
53175 19980724 9 272.20
49288 19980701 9 87.97
37479 19980407 2 56.55
57759 19981218 9 358.57
51663 19970914 7 162.22
10825 19971111 8 445.29
38073 19970930 7 268.39
31372 19970926 8 330.25
24784 19970408 12 318.80
28724 19980730 2 69.44
08350 19970310 4 356.06
80794 19970222 7 61.69
97336 19970825 8 497.72
89489 19980916 10 106.14
50318 19971019 4 147.42
40366 19971014 10 29.48
27550 19970401 11 131.61
41920 19970726 1 412.18
86120 19980522 1 182.56
39651 19980117 11 389.46
11517 19971202 10 332.54
94315 19970516 8 479.31
52452 19971122 7 468.05
56116 19971009 2 477.99
00758 19980914 2 491.88
39865 19970901 1 347.31
58750 19980725 8 268.32
60903 19980511 11 80.77
06041 19981218 7 299.06
45542 19981127 4 72.22
62289 19970227 6 337.00
21863 19970929 7 175.35
73942 19980216 10 314.12
23641 19980120 11 487.61
24587 19980501 6 417.29
99091 19980510 5 473.74
67933 19970420 4 281.61
63829 19980430 9 410.34
13188 19980222 8 123.23
52533 19970922 2 26.58
43097 19981031 7 201.87
45787 19980421 8 263.88
20453 19981225 2 91.82
78912 19970721 2 455.09
98620 19980407 4 162.72
18153 19980815 6 74.68
75986 19981203 6 325.96
65768 19970415 10 40.15
75785 19970111 3 215.65
96055 19981214 11 369.87
68294 19970717 11 207.18
19425 19970604 12 71.73
19594 19970315 6 389.25
87199 19970421 10 369.75
26952 19970727 9 129.81
07273 19970409 5 178.28
46562 19980515 5 318.60
88517 19970810 7 131.13
31690 19970918 9 396.29
04415 19970305 9 93.64
29754 19971211 6 243.00
75103 19970125 8 361.54
50861 19970314 2 351.31
46227 19970210 3 307.47
33153 19980225 7 291.46
44042 19980929 11 448.69
97059 19981008 11 491.04
19119 19981010 9 148.14
73970 19971207 10 142.78
30993 19980327 7 146.34
59550 19970302 8 344.44
04860 19980908 12 353.27
20998 19980102 5 90.55
01855 19980313 1 73.44
31751 19971231 2 329.58
37299 19980816 1 471.66
07279 19970425 8 486.87
31733 19971015 2 326.18
99916 19970223 10 360.64
56015 19980828 9 314.64
99171 19980518 4 256.88
97517 19981003 12 498.34
23898 19970407 3 333.20
37807 19980828 9 144.23
78778 19971202 8 265.31
87468 19980311 2 264.54
49068 19971119 11 180.09
14080 19970302 1 477.52
16655 19971119 5 394.84
71632 19980503 5 264.98
06089 19971016 12 103.85
73023 19981111 5 398.34
10770 19980618 1 208.72
98252 19971017 3 219.07
96962 19970613 5 294.97
53982 19981122 5 8.14
38195 19981106 10 312.58
75862 19970305 12 404.56
65489 19970523 7 93.25
66792 19971109 12 304.85
40549 19980703 7 310.17
10340 19980620 10 12.40
72124 19970421 2 217.39
27842 19971112 7 306.28
47990 19980522 8 424.02
52236 19970116 11 78.42
82318 19981021 12 440.11
39315 19970526 4 159.90
77459 19980413 7 39.93
60374 19971130 6 350.20
88490 19970519 3 87.13
40090 19980612 11 458.43
48478 19981224 11 380.54
90561 19970924 2 248.64
55185 19971114 3 333.67
68372 19970421 2 49.20
99809 19980120 12 483.61
46238 19981012 9 173.14
28904 19980104 7 406.26
19455 19970128 4 268.05
36080 19970706 9 11.39
99206 19970809 7 402.99
94347 19981015 8 380.27
20102 19971014 8 124.99
48550 19980520 8 207.51
82799 19980607 12 106.54
05659 19970215 10 163.70
62823 19980307 2 396.82
79366 19970821 2 51.09
63421 19970106 11 387.94
31942 19980810 5 264.00
84759 19980504 3 303.49
44025 19970702 10 232.87
51219 19980204 10 372.58
80263 19980219 4 130.57
38334 19980915 9 12.50
46957 19980902 3 369.60
82397 19980314 3 399.96
84216 19980908 5 415.88
46558 19981118 12 106.63
16911 19981023 4 201.27
44088 19981018 11 203.36
60233 19980416 9 70.66
70205 19970809 5 131.88
49770 19970118 3 290.49
47160 19970314 12 179.14
08497 19970623 1 333.94
86858 19980527 6 112.77
60412 19970918 10 340.40
04023 19980828 12 133.99
91472 19980814 3 298.47
94003 19970503 1 385.19
81940 19970305 4 18.51
75351 19970324 11 360.51
80654 19970827 9 310.10
68452 19980816 12 225.22
31810 19980223 9 67.57
09323 19970507 6 119.73
78335 19980516 6 152.50
14372 19970802 12 226.38
36556 19970902 11 337.43
12234 19970905 9 488.53
18268 19981112 10 141.98
56854 19970323 10 121.77
71850 19970315 8 489.69
08232 19980711 4 399.95
24680 19980629 9 89.25
43240 19980412 7 463.37
88513 19980223 6 352.28
00516 19970428 5 8.36
96050 19970911 1 41.95
95356 19980927 9 443.05
35565 19980508 2 275.96
57620 19970512 3 38.24
75586 19970817 7 359.94
00980 19980412 4 439.92
95194 19971118 6 141.70
15334 19980119 9 173.39
85713 19970427 9 304.69
98226 19980329 8 249.95
71478 19981127 6 182.68
04360 19970203 3 253.95
76778 19981021 6 193.72
39992 19980621 5 383.07
29913 19981222 6 250.48
56873 19981027 9 101.26
00219 19981203 11 372.28
47217 19980121 9 331.35
91522 19971124 7 62.66
22210 19971025 10 225.69
14058 19970517 1 142.02
46093 19970908 8 51.47
00648 19970609 12 260.91
60321 19971110 3 146.10
13537 19970727 11 183.69
07394 19970626 5 110.27
90825 19971021 11 345.92
24659 19970924 11 233.54
91888 19980518 10 24.52
72656 19980303 7 24.91
95683 19980225 5 106.15
76773 19980712 2 360.17
14498 19971124 2 458.19
95872 19980921 12 25.36
06564 19980912 9 374.40
37044 19971026 3 291.84
78073 19980127 11 324.30
26663 19970312 8 165.19
33986 19970331 10 436.87
61829 19981215 3 282.98
36776 19970530 8 257.63
01004 19970819 4 495.47
12584 19970128 11 178.97
91872 19970304 9 136.75
65698 19980614 2 488.65
22224 19970904 1 71.88
46364 19970917 1 32.29
62802 19971024 1 323.13
98747 19981104 10 22.50
90438 19970622 5 428.83
01662 19980805 9 416.52
16522 19981214 8 107.17
45790 19970101 9 335.25
46342 19981019 9 110.21
60561 19971104 5 67.40
91904 19970103 5 492.61
20554 19970801 10 24.44
03254 19980611 12 441.00
05387 19980708 1 194.32
37926 19980505 8 166.22
51740 19970107 2 51.93
25102 19971129 12 478.05
04739 19970729 3 104.70
42562 19981224 7 104.20
79243 19980227 6 267.38
52868 19970809 4 460.76
01393 19971225 1 320.73
76063 19980421 2 87.30
92324 19980422 7 348.47
69824 19970505 1 496.64
26713 19980309 7 6.81
66161 19980212 8 59.64
56650 19970831 4 444.25
09959 19970307 11 383.06
25946 19980419 12 189.20
21785 19970525 3 414.57
66835 19981106 10 40.24
06119 19970312 1 443.25
72802 19970727 8 277.08
26909 19980131 11 436.87
89933 19971125 2 326.02
60754 19980322 6 121.49
83127 19970420 6 426.97
83369 19971026 1 184.91
34776 19980905 9 148.10
85804 19980819 3 200.69
41192 19971025 10 72.69
79081 19980531 2 345.84
04873 19971001 9 118.44
57015 19980907 1 219.83
14799 19971116 5 262.27
64132 19980523 4 473.82
15975 19971106 3 35.53
66650 19970922 9 129.49
90580 19981224 2 167.05
63306 19980628 12 250.48
78854 19971017 11 394.53
85498 19970308 12 495.13
16271 19980214 1 239.02
14854 19970211 5 131.52
38940 19980327 5 498.72
27589 19970717 5 430.50
37657 19981014 3 24.69
23832 19980518 9 389.56
50864 19970711 1 151.81
76414 19970607 7 426.32
85574 19981024 12 410.88
61066 19970524 6 118.76
68543 19971231 11 180.44
79974 19971128 12 163.58
81697 19970131 6 172.48
62917 19970730 8 234.02
82684 19971129 11 461.18
95370 19970804 6 407.24
59457 19971211 12 154.33
66107 19980806 2 436.36
54604 19980729 9 411.21
46452 19981003 10 490.03
55403 19970804 6 124.08
07807 19980624 8 493.61
22035 19971222 11 393.43
55469 19971025 2 169.99
73488 19980804 4 240.27
92322 19980924 12 105.66
05979 19980911 12 183.94
37924 19971010 8 124.05
96178 19970403 6 211.00
25259 19980104 11 350.31
94149 19970804 2 89.12
08506 19980719 12 231.59
40364 19980910 10 477.20
27348 19980520 9 481.42
36984 19970411 6 163.63
30198 19980221 11 316.90
57407 19980114 7 473.63
59098 19970905 7 302.55
39029 19980630 11 377.17
68259 19970710 4 439.58
23248 19970116 11 365.98
42490 19980802 7 331.43
07637 19981215 6 30.62
39967 19970722 3 367.70
51379 19971005 3 300.93
88455 19971130 4 407.90
48153 19980801 10 466.94
63184 19970917 6 98.98
44846 19970213 5 336.46
75396 19980803 11 386.09
95788 19970822 6 484.02
80802 19981210 4 473.03
70693 19980402 8 342.87
25711 19970629 4 167.04
37845 19970612 1 413.98
34679 19980909 9 216.43
12123 19971105 6 321.58
31717 19980407 3 367.55
28750 19970916 2 273.89
50792 19980529 3 47.73
77022 19980325 10 387.10
29830 19980628 1 105.35
02353 19970524 1 318.45
86297 19980113 3 481.10
56951 19980710 1 226.64
84828 19980326 5 118.99
80812 19980604 7 82.60
39703 19971126 7 345.23
43877 19980224 3 17.43
76738 19980516 9 441.44
32013 19971013 12 485.84
35481 19970328 10 33.21
24489 19971002 8 24.83
45198 19970421 12 183.68
38385 19980412 10 248.72
13388 19980712 9 201.26
91229 19971114 2 305.76
40653 19980204 9 303.16
51362 19980220 8 271.65
32289 19980129 2 463.71
11620 19970112 1 59.83
83686 19970615 3 227.36
61759 19980919 3 309.81
91341 19980515 3 465.16
55616 19970423 12 111.17
16031 19980701 2 102.81
23532 19971122 11 215.70
48473 19971213 8 399.61
95566 19980617 8 52.98
04514 19970904 7 315.43
34113 19970103 10 152.75
51344 19981109 3 252.29
60008 19980108 1 438.62
18322 19980125 11 255.12
25051 19970923 9 24.48
18800 19980725 5 137.88
44068 19980828 11 178.53
74223 19980317 2 138.56
33278 19980605 6 290.52
19417 19970310 8 84.55
09818 19980414 1 29.21
63916 19970116 6 332.93
63756 19971207 10 483.39
06084 19970523 2 405.81
63143 19980725 3 431.91
41361 19980430 11 197.89
09218 19981130 10 103.60
33489 19970309 2 206.18
62716 19981118 5 32.91
26456 19970824 3 374.23
08739 19980829 7 36.00
35811 19981001 3 295.39
29424 19970629 3 97.70
07766 19971108 7 99.30
96226 19980429 1 478.31
28455 19971122 5 232.28
81958 19970321 4 463.91
82350 19980210 1 385.28
86423 19980101 4 112.12
19421 19980127 8 198.34
60092 19981113 6 467.16
53716 19980507 12 133.09
01680 19970519 12 297.48
00234 19980729 10 264.99
25061 19970624 10 222.68
47041 19971117 8 15.76
84031 19970420 2 177.65
25807 19970716 9 205.90
74761 19981112 7 142.28
02554 19970119 2 388.37
33213 19980627 6 218.73
34860 19980729 12 333.10
66558 19971125 11 357.26
06289 19970807 4 136.08
35563 19970115 11 66.92
11953 19980522 2 22.01
73780 19980105 12 198.24
07324 19970625 3 282.54
70631 19970610 11 436.30
28764 19970618 5 240.21
91250 19981206 7 496.76
59886 19981113 1 257.64
70651 19970817 9 39.48
46059 19970331 8 419.15
45851 19970719 9 109.88
07944 19980711 4 434.06
90131 19970405 9 70.83
95633 19971014 5 487.64
59477 19970701 4 59.51
50089 19971202 1 242.65
46180 19970113 10 8.04
37013 19970906 12 496.33
13004 19970905 3 467.51
93665 19980327 5 124.09
76413 19970518 1 289.29
57118 19981103 12 220.19
17942 19970930 6 309.25
49705 19980404 2 357.34
24724 19981214 2 304.90
32477 19970611 12 208.66
03506 19970130 9 128.38
45658 19980227 8 106.75
85781 19971221 8 336.54
40141 19980801 9 239.83
40998 19980211 6 235.94
06908 19980322 11 372.92
21536 19971026 11 483.52
16770 19970419 6 147.76
40001 19970913 4 391.51
80147 19970826 9 345.69
79243 19980717 10 389.90
20573 19971115 2 106.20
71692 19980908 8 484.87
18367 19981111 10 135.41
28321 19971005 4 7.65
79369 19981009 2 161.40
88770 19980613 7 55.07
79275 19981230 6 367.52
84724 19980203 12 427.54
17907 19981122 8 456.88
25837 19981021 3 131.49
16459 19970915 6 156.00
45005 19980104 7 185.72
33784 19970118 4 128.43
27340 19980827 11 41.74
25307 19980814 2 250.03
67648 19980708 5 13.33
99739 19970131 2 166.96
15205 19980501 5 139.17
44562 19970702 12 400.15
86839 19980913 1 441.21
73851 19980530 5 336.75
60594 19981212 11 406.21
40802 19981118 3 261.70
84534 19980918 10 352.72
10094 19981118 10 335.60
26642 19980819 1 498.94
58381 19971209 5 408.18
58727 19981024 1 17.60
81730 19970629 4 83.22
65737 19980424 9 80.74
46821 19970316 8 138.69
46362 19970605 11 380.50
78790 19970130 10 218.73
16040 19970429 3 129.60
13953 19980716 12 478.04
27529 19980509 6 24.36
08025 19980423 1 83.46
04980 19980728 6 354.77
41901 19980310 9 158.58
53705 19980824 1 119.95
84472 19971201 1 323.24
34735 19970903 9 249.31
42823 19970905 8 165.36
97688 19981007 5 225.55
75960 19980608 11 28.35
29129 19980626 7 251.99
82468 19980724 4 313.70
93256 19981107 11 451.94
28611 19981029 2 183.33
10843 19970417 12 371.78
75309 19980517 6 425.06
25952 19971013 10 254.29
82257 19980225 7 478.54
53450 19970612 10 448.75
37061 19980526 5 189.03
78855 19970822 6 278.93
42601 19980102 12 288.06
72364 19981010 4 78.03
18529 19980226 12 136.48
88604 19970424 9 359.02
91187 19970404 8 437.48
76596 19980804 11 461.80
12334 19970212 6 96.91
16113 19970822 12 105.49
30740 19971215 5 135.84
80359 19970919 3 88.12
49231 19970112 6 480.50
08053 19970311 7 68.11
50949 19971228 5 129.97
59435 19980906 1 45.02
39395 19980603 10 151.76
58732 19980606 5 112.49
83659 19970915 6 208.36
06782 19970627 12 141.86
15789 19970401 8 387.47
62561 19970826 10 28.50
69401 19980221 4 361.64
48554 19971005 12 431.35
72590 19981106 4 166.27
22800 19980130 2 53.07
16311 19970621 1 320.10
02283 19980119 2 351.12
72555 19970426 2 291.25
95571 19970413 11 105.95
29195 19970404 10 127.88
01025 19970502 1 279.64
40018 19970610 6 214.65
47019 19971122 5 248.84
72714 19970909 4 259.19
58186 19980908 9 114.64
98896 19970420 12 457.85
41729 19971229 6 498.15
69609 19970723 11 251.71
23091 19970715 10 497.64
24365 19971015 8 280.97
32409 19981115 5 19.75
81296 19980704 10 404.30
56409 19971117 12 151.90
10273 19981113 11 261.46
53875 19971013 3 473.95
42349 19970227 9 166.31
84936 19971214 8 159.00
43352 19970521 3 349.44
87282 19970701 2 271.27
93354 19981012 6 390.64
55466 19971016 6 14.68
78178 19970924 3 224.85
19743 19980430 3 188.18
61176 19980626 11 441.74
21503 19980608 1 443.56
29214 19970502 1 92.03
76469 19971027 4 131.35
86870 19970601 6 425.78
96166 19981115 1 303.74
07086 19981001 8 338.38
29854 19970705 5 151.77
21665 19981124 11 90.80
30911 19970923 1 382.96
01311 19971023 7 245.10
19371 19980909 9 86.11
30238 19980713 4 283.63
56164 19981219 1 107.10
56101 19971125 9 384.96
32684 19980606 2 201.17
39046 19970420 12 261.59
29247 19981014 11 376.45
57760 19980115 10 101.39
84583 19971023 10 176.69
92651 19980701 1 411.96
40959 19970101 11 211.55
99361 19980828 3 470.51
70455 19970522 8 382.69
23982 19980725 3 390.48
59544 19971018 12 41.08
83698 19980904 4 453.81
46000 19981103 7 221.60
84797 19970304 2 208.43
80423 19980124 5 165.01
97824 19970507 10 286.97
85410 19970604 4 285.16
77607 19980514 4 368.00
66061 19970322 5 408.79
38470 19970216 2 199.82
39065 19970125 6 227.31
38526 19980204 12 246.32
66055 19970302 5 28.72
71896 19980430 12 85.42
95065 19980131 5 490.13
82688 19970614 8 230.44
12781 19970330 12 182.07
82501 19970804 6 467.23
86068 19970413 11 427.59
69297 19980314 8 299.70
14107 19970203 7 238.37
13011 19981004 7 410.28
21193 19970503 4 447.46
82686 19980313 1 143.46
26896 19980830 1 106.34
89515 19981207 6 118.90
26243 19970308 10 154.78
92057 19980225 9 52.21
05904 19980120 7 202.80
38536 19981218 12 351.37
46481 19970103 8 14.36
44324 19970224 8 323.11
04612 19970422 8 376.27
96693 19971118 7 210.32
58663 19970819 8 108.25
32739 19980322 12 281.71
94371 19981229 6 317.39
00311 19980817 2 237.75
15855 19971208 2 113.67
01242 19980409 8 26.90
54637 19980822 4 243.28
72614 19980408 8 62.13
98587 19980207 3 203.43
46152 19970120 1 382.79
32980 19971122 8 88.83
18589 19980925 11 59.13
89405 19971130 12 28.60
11537 19981222 8 425.56
28802 19980125 10 382.89
04285 19980218 2 339.51
18075 19980430 5 450.75
07347 19980821 12 154.54
40152 19971111 8 171.38
72717 19970818 5 357.60
49463 19980821 8 238.16
02503 19970305 8 91.87
33180 19970306 10 367.69
45146 19970307 12 303.69
97212 19980127 4 346.99
42412 19980729 12 434.80
36927 19971026 2 281.11
58969 19981103 9 378.20
74251 19980204 6 113.48
37124 19980128 12 328.66
23885 19971210 12 455.48
32885 19971019 1 480.66
09335 19980124 9 369.40
25543 19971019 8 280.58
71106 19970505 9 29.85
64729 19970921 4 115.96
27193 19971128 9 489.75
72942 19970912 12 379.37
21532 19981126 8 415.38
70989 19980111 6 138.66
14729 19970323 5 497.51
13062 19980609 11 224.93
16500 19971029 6 276.86
12810 19980226 5 475.99
25722 19970310 8 490.49
64730 19971007 8 64.20
66138 19970114 6 328.78
05755 19981109 6 115.54
97023 19981216 8 404.65
21783 19970427 3 243.80
85392 19980617 4 92.53
61877 19980418 1 361.05
35752 19970318 4 14.90
15644 19980316 1 365.99
59694 19970925 9 166.38
28957 19980306 7 316.10
41743 19980801 2 71.31
39092 19970518 12 399.40
45949 19970901 2 424.30
83355 19970423 12 238.66
04537 19971210 4 487.70
88645 19970929 11 150.15
24812 19971109 7 40.53
62711 19970420 10 63.19
22489 19970711 6 196.07
11212 19980107 9 476.91
00523 19980202 11 32.87
68518 19980206 5 457.18
42572 19980127 8 249.64
79949 19980301 4 430.93
35367 19980110 2 183.75
84397 19971226 11 328.97
43809 19981113 4 122.44
00646 19980613 2 22.93
45116 19980128 11 224.45
49043 19970613 1 474.34
38090 19970305 9 84.97
93624 19980328 11 254.53
72909 19981116 7 248.64
15403 19970907 8 252.83
92209 19970214 6 102.04
06642 19970720 9 246.43
05479 19970627 7 105.08
48975 19980319 9 372.92
37868 19970915 3 373.42
68702 19980614 5 146.27
43813 19971116 1 396.53
52995 19980708 2 122.66
35923 19971023 2 362.48
92274 19980826 10 354.05
12436 19970323 6 401.28
37758 19970310 10 85.01
25969 19970401 11 166.19
69863 19980419 4 378.92
35024 19981029 10 195.94
64501 19970814 10 325.47
51216 19981231 4 366.72
54218 19970714 7 183.35
76148 19981015 9 324.85
36550 19970304 7 96.50
90057 19981231 11 148.75
54071 19980204 12 42.92
54132 19970720 10 95.68
80236 19980222 6 10.10
89467 19970611 6 442.13
12432 19970909 3 135.64
42391 19970604 9 258.49
89413 19981221 1 356.29
20645 19980319 2 52.48
70101 19970810 7 322.28
41247 19970410 5 325.56
22122 19971123 3 270.93
05770 19970424 9 199.76
10022 19980220 11 202.83
32615 19970918 3 361.77
67370 19980208 3 109.97
26633 19980122 11 362.47
41632 19980815 4 53.18
69748 19981115 12 71.77
19270 19980421 1 188.09
71084 19971210 9 322.28
68680 19981031 2 213.46
12672 19980904 5 203.60
06232 19971128 3 315.78
27615 19980401 4 315.30
14435 19980725 9 400.63
45527 19970405 5 276.77
85704 19981223 11 404.04
66166 19980401 9 492.78
25050 19980206 4 249.05
62548 19970326 11 60.15
71490 19981223 7 238.49
73145 19971029 6 228.55
62277 19980222 4 454.83
57893 19980412 3 309.37
96682 19970720 10 176.12
53153 19980714 2 203.31
26306 19970918 6 300.09
68691 19980624 9 233.16
62557 19971228 1 213.67
38044 19970225 1 413.74
88381 19980130 3 482.49
01549 19970209 2 146.07
61270 19981216 6 354.22
51511 19970104 5 497.45
51889 19970504 4 382.93
98047 19970201 6 66.92
24503 19980629 12 157.11
91074 19971211 12 105.73
80251 19971105 9 282.66
89292 19970102 1 314.91
48504 19970131 8 458.28
19189 19970219 9 190.71
15317 19971029 7 107.16
41778 19970505 8 420.78
44277 19970709 1 51.93
24209 19980325 4 238.07
52651 19980517 4 362.17
26490 19970422 7 475.28
45180 19970815 12 466.25
58136 19970130 3 303.94
03834 19970409 11 80.41
84695 19981207 6 148.02
71143 19970328 6 307.06
92276 19981120 11 109.37
03398 19980818 7 183.97
75718 19980709 5 311.80
87983 19980310 1 227.47
70450 19971023 12 206.74
83117 19980705 8 255.55
08784 19980818 11 154.52
42615 19980204 9 118.07
77222 19970615 5 480.93
37726 19980412 5 47.82
49901 19980901 3 471.84
71530 19970429 9 108.50
28774 19980315 11 473.19
51367 19970515 3 346.79
82565 19971220 1 427.40
73824 19970812 1 447.55
85392 19970203 11 438.83
51356 19980422 1 116.63
90222 19970204 10 271.74
88066 19980405 10 478.64
84946 19970425 1 318.96
07060 19980708 8 444.51
68850 19970406 12 378.32
37780 19980208 12 359.50
90513 19971030 6 220.98
08198 19980927 8 105.81
66532 19970317 2 164.01
61137 19971128 8 311.37
62800 19970919 8 175.19
52061 19980131 11 38.48
29582 19970801 8 185.18
28421 19970901 5 255.08
64496 19981201 9 349.02
12899 19970214 12 410.36
73147 19970111 12 156.46
46278 19970613 6 152.62
04774 19980517 1 20.87
65183 19970224 7 6.07
23893 19980418 1 329.86
31634 19970420 1 311.46
10850 19970630 7 438.50
45239 19970224 6 142.70
36146 19980412 7 437.83
15652 19970204 9 305.31
87455 19981210 7 36.46
02316 19980201 11 113.60
00457 19981109 10 295.77
72860 19980129 10 178.78
35954 19981031 2 193.91
65407 19980306 5 30.56
97408 19970220 12 465.26
36065 19980730 7 123.42
26674 19980310 12 449.87
41151 19980623 5 359.63
01930 19980331 8 467.32
16676 19970627 6 276.81
47289 19970302 7 327.03
59732 19980218 7 125.08
99659 19980512 10 194.51
51848 19980408 10 93.90
43025 19970721 9 9.53
62812 19970525 8 196.12
70677 19970601 6 486.66
50555 19981207 11 256.12
94539 19980108 8 458.28
85458 19980109 4 138.28
29095 19970403 4 64.18
84831 19980621 7 63.85
11847 19981119 10 469.58
08455 19980515 7 279.71
35458 19970312 4 272.62
23658 19981221 8 447.13
67338 19970916 8 154.54
29396 19971019 5 19.83
75440 19971025 12 121.17
09131 19980701 1 268.95
18971 19981028 7 66.33
62880 19980515 5 86.36
76752 19980510 1 263.69
55453 19970415 11 80.30
69225 19980323 6 267.12
56853 19971118 12 237.82
17948 19970826 8 439.97
66579 19981122 12 250.99
12337 19970625 1 43.58
79600 19981229 8 309.22
15688 19970926 7 337.43
18930 19980408 8 332.08
34937 19980825 8 229.09
33856 19980130 4 331.22
82057 19980218 8 365.26
44140 19970121 8 106.44
19225 19981019 8 140.81
09611 19970329 2 341.89
64141 19980803 4 53.56
74492 19981018 8 257.38
31430 19970302 11 74.19
71189 19970908 11 91.05
63623 19980704 4 313.88
30685 19980202 8 345.61
27558 19980603 4 425.11
59990 19980509 6 465.05
84290 19980619 3 78.62
59973 19980509 3 483.95
91300 19980906 3 434.02
04340 19980305 8 487.15
62229 19980603 10 19.04
57576 19970704 12 80.55
05977 19970207 7 357.29
51911 19980517 1 300.63
82967 19970416 4 196.69
99209 19980725 2 357.35
42797 19980622 9 155.33
00648 19971128 10 256.78
98740 19971109 7 470.76
55485 19980304 7 33.45
00002 19981018 7 175.59
45982 19980308 8 205.44
54456 19980512 9 203.81
61054 19980204 3 311.17
13795 19981231 9 315.13
31319 19970127 11 346.49
88786 19971217 8 224.16
18504 19971115 9 207.34
53391 19971110 4 48.16
11160 19980529 12 33.60
13791 19971229 5 322.51
70192 19980128 8 495.88
25450 19980907 8 227.62
61940 19980206 12 58.72
29722 19980414 2 97.91
61484 19980311 4 292.41
96561 19980305 11 157.45
70456 19980207 11 326.78
60385 19980202 4 259.28
87236 19971226 10 336.31
46534 19970824 7 268.94
68219 19970720 5 323.24
52551 19970827 8 350.68
37968 19971229 4 472.29
15665 19980218 4 236.32
86021 19970114 3 285.68
07160 19971025 9 424.79
69658 19970623 6 462.21
99582 19971012 12 282.27
35208 19980828 8 286.08
79262 19980508 10 410.68
82318 19980810 11 212.91
64874 19970718 3 471.73
73222 19981108 12 366.32
99664 19980323 10 440.27
85846 19980628 11 124.80
43188 19970602 9 466.30
67072 19970104 8 343.73
24177 19980415 12 136.18
94737 19980619 10 446.34
53858 19980802 3 58.84
35047 19981127 3 201.85
53840 19970513 5 265.86
74642 19971117 2 233.41
34160 19971027 7 135.65
06825 19970723 3 298.78
81324 19981128 1 373.78
92793 19970707 3 234.41
90298 19980819 3 80.06
87584 19980202 11 65.56
76751 19980806 3 462.17
06717 19970619 11 431.41
89708 19970129 5 419.84
09150 19970531 11 494.92
33836 19981016 10 481.54
02732 19980930 10 48.80
55026 19981128 10 420.04
12168 19980422 6 204.40
96625 19970711 9 59.37
64590 19970712 1 72.35
96730 19980118 6 478.30
91021 19970509 12 455.13
99388 19970302 5 425.03
50131 19970929 10 109.45
10592 19971228 9 412.23
78010 19980424 10 480.74
08577 19980123 7 406.16
69216 19980601 12 137.22
60380 19971229 1 192.73
50582 19971111 3 345.17
32389 19980710 11 126.13
31451 19971119 4 462.82
35337 19971228 5 363.68
04860 19980704 8 233.49
59881 19980217 8 85.87
31340 19970924 4 123.35
97717 19981108 1 281.54
33738 19981215 12 262.74
96247 19981026 9 450.55
18749 19980206 5 432.63
03259 19981209 4 383.81
09609 19980712 12 147.84
55513 19970630 7 71.56
93786 19980901 8 347.04
34688 19980712 4 484.94
49548 19970204 3 488.82
97117 19971108 12 22.51
57647 19981027 12 339.90
17883 19970713 4 489.85
26252 19970119 2 357.36
89039 19970418 4 160.43
45617 19980816 3 87.73
89524 19971222 8 69.57
02346 19971005 5 105.78
31522 19970311 6 54.16
72749 19980811 11 285.43
31936 19981003 5 94.56
94078 19970729 9 122.91
75078 19970124 7 421.59
22941 19970710 4 373.17
35804 19980501 9 244.22
49841 19981208 1 385.78
97441 19971115 3 402.49
52182 19980402 4 352.12
96211 19981212 2 192.82
23717 19980303 10 239.61
93187 19970627 6 133.30
14967 19980113 7 373.80
69743 19980227 1 239.14
16521 19970505 9 277.97
29809 19980301 9 9.69
86160 19980915 12 159.47
70187 19980713 10 82.03
83962 19971024 9 353.25
63636 19980203 9 395.57
50721 19970629 3 56.13
49404 19971017 1 208.32
14592 19980401 6 150.64
94407 19980302 12 194.82
31291 19970704 10 121.94
51472 19970809 11 94.78
90653 19981115 8 414.30
76094 19981215 3 68.40
02720 19980709 9 100.61
46594 19970930 10 486.75
74938 19971028 10 165.70
63059 19980222 6 36.62
86982 19980121 1 421.75
07189 19980317 4 359.46
04240 19970319 6 314.78
07898 19980323 10 260.02
40647 19980709 9 161.85
44104 19980706 2 315.49
37680 19980506 4 96.60
29204 19970806 10 218.48
65938 19970527 3 61.82
95532 19970416 12 38.72
82471 19970828 2 431.08
29425 19970522 12 338.49
47940 19980111 9 40.03
53508 19980118 8 121.78
86746 19970220 2 250.76
90164 19981231 5 422.68
33450 19970505 12 43.00
37166 19980924 5 411.22
81605 19970219 1 86.81
23451 19970526 11 458.38
25771 19980906 7 139.72
96355 19980224 5 309.30
30701 19981219 2 117.89
38847 19970109 1 106.91
61545 19980406 10 96.45
88851 19970417 5 470.06
54319 19980415 12 460.70
74356 19970328 8 242.05
14076 19981204 10 332.77
57358 19980209 9 372.31
88894 19970223 9 188.37
41978 19980205 12 390.60
61447 19971007 7 495.02
29207 19970912 10 71.01
72228 19981212 4 494.40
37241 19980517 9 186.42
57443 19970318 10 63.68
81554 19980925 8 102.65
43992 19971104 3 296.69
94826 19971014 5 478.14
33446 19980326 11 94.74
96985 19970704 8 451.70
93315 19981117 12 407.09
29853 19980715 8 479.86
15969 19970103 8 120.66
78340 19981008 10 446.94
99682 19981020 7 184.54
25579 19980802 11 234.49
62108 19980920 4 349.31
34131 19971031 12 48.34
64032 19971130 5 318.89
56280 19970707 4 88.70
80336 19970602 11 410.90
73836 19980111 12 303.56
60608 19970413 7 16.76
61016 19980619 2 208.53
54414 19970824 8 167.68
32245 19971213 3 216.95
99206 19970914 8 26.24
50890 19980815 5 119.75
47886 19970723 10 427.87
96637 19970830 8 19.72
17693 19970902 8 496.79
07516 19970430 2 295.68
68349 19980326 4 438.90
29666 19980509 11 458.28
90425 19981019 10 170.10
84472 19980113 4 310.75
59376 19970116 5 376.89
25131 19970922 9 236.52
86870 19980722 10 476.54
39111 19980729 11 116.27
22165 19971213 4 352.65
48511 19970315 1 104.78
47301 19980414 6 403.82
60969 19980601 1 43.44
00383 19970422 10 287.20
79707 19980131 7 62.98
83222 19970307 5 143.16
41371 19980719 9 223.12
22608 19970606 3 427.78
58007 19980829 9 257.53
35486 19970826 9 234.69
86230 19971230 7 278.99
12735 19970425 6 195.04
58900 19980608 2 126.57
81036 19980923 4 215.39
44520 19980417 6 398.26
57410 19980704 1 19.81
07345 19970709 2 173.73
21730 19980726 5 43.07
78565 19970414 5 392.80
42889 19981221 6 474.48
12848 19980925 7 423.62
94664 19980605 11 484.64
46374 19980831 5 243.24
45934 19980911 1 35.64
64906 19970410 5 209.11
71895 19970909 11 267.06
88961 19970721 8 342.33
98608 19970913 11 450.12
15915 19970512 8 15.04
95974 19971220 5 259.14
67476 19980426 2 483.65
27757 19980720 5 154.30
43292 19970927 9 106.12
65054 19970422 6 74.28
62681 19970505 7 70.97
41449 19980916 12 362.28
97673 19970130 2 339.05
40794 19980604 5 55.23
67112 19980321 4 428.85
35931 19980127 2 332.73
86688 19981214 12 123.42
62809 19970502 7 316.30
40932 19971209 11 203.02
52924 19970909 6 322.49
20536 19980721 6 247.43
59290 19981118 5 286.68
70536 19981028 6 153.01
33757 19981115 1 226.53
36576 19970512 5 335.70
20410 19970604 12 175.13
60088 19980424 1 368.65
29680 19980916 6 105.55
50856 19970331 9 52.06
89504 19971003 8 53.41
17361 19980926 5 209.11
36296 19980514 1 338.68
25663 19970715 2 58.82
61542 19970211 5 438.34
77094 19980629 4 238.13
66389 19970613 9 442.20
48239 19980329 4 134.34
00175 19970329 6 304.31
67568 19980903 5 464.52
70134 19970412 7 458.64
41426 19981121 4 364.56
51661 19980803 12 159.71
68775 19980508 3 461.95
63258 19980606 7 239.09
47102 19980131 1 234.96
00867 19980120 7 151.46
14032 19980220 1 292.84
50255 19970109 6 86.69
17439 19970515 2 85.29
27749 19970616 6 96.38
38466 19980715 8 420.90
80623 19971026 5 464.52
29592 19980628 12 107.79
33995 19971212 8 345.09
18312 19970409 6 217.95
98162 19971227 6 95.52
69669 19970603 5 499.30
94827 19980117 4 291.35
93511 19971024 8 498.58
34009 19970323 8 490.88
90644 19970203 11 10.46
93267 19970704 2 245.29
52850 19980803 10 145.34
44818 19970422 12 419.71
45471 19980103 3 324.16
20481 19980517 3 119.73
75400 19980814 5 162.00
22214 19970930 4 314.27
45213 19970111 3 233.35
00592 19980828 12 55.92
91476 19970508 1 325.24
66607 19980622 6 272.42
34050 19970912 5 252.63
47482 19970904 10 95.94
90031 19971110 1 222.40
88564 19980829 7 284.24
15484 19970406 9 357.88
02828 19980704 10 129.01
39947 19970310 8 219.38
90617 19970119 1 359.67
83026 19971116 4 227.31
89167 19970319 1 285.06
65271 19971215 9 147.80
98369 19980807 10 160.90
48236 19980318 8 6.41
47283 19970922 2 388.29
19155 19980111 3 32.87
89956 19971221 8 482.90
75041 19971105 6 374.57
56486 19971204 11 161.93
61603 19980331 3 317.72
92375 19980201 10 15.31
88880 19980810 4 456.01
19247 19980420 6 195.57
26606 19980508 1 231.68
27408 19970115 1 323.99
66804 19980815 6 52.20
31520 19970616 1 101.65
29012 19981121 1 313.55
55786 19980724 8 82.39
94123 19970710 3 49.48
23619 19980222 9 368.83
75310 19980228 10 51.79
82962 19970402 7 367.82
64406 19980929 11 5.45
43600 19970628 11 138.44
05479 19970607 3 62.31
30859 19970721 3 150.74
13344 19981028 7 369.88
56227 19970804 4 399.41
26522 19970113 2 329.10
22722 19980113 11 56.67
45941 19980116 3 118.21
70992 19981022 5 269.38
20831 19980521 8 139.16
28580 19980309 8 465.13
40944 19981119 2 209.42
54564 19980323 12 418.13
62964 19980830 4 471.30
02381 19980302 12 11.96
15111 19980511 7 153.55
95473 19981111 7 266.89
36469 19970516 12 239.74
65232 19970822 10 237.94
48067 19970131 6 386.97
12951 19980609 11 450.81
78336 19981005 10 279.97
20766 19970408 7 21.24
91870 19980129 6 313.19
51582 19981225 3 163.77
93894 19970629 7 368.91
61326 19980226 10 121.29
44153 19981120 4 492.23
16467 19980224 5 204.29
41508 19970710 10 411.50
37858 19970401 4 91.12
60233 19981230 8 259.24
05612 19970716 11 375.97
54024 19980302 10 179.14
93474 19980128 7 310.69
24930 19970525 5 113.11
63965 19971228 2 446.15
59529 19980627 5 17.02
12703 19980310 8 252.95
38463 19980120 4 258.73
09131 19971008 9 223.25
20177 19970913 8 179.82
50795 19970207 7 494.17
96888 19980507 6 357.87
26599 19980112 10 478.00
42581 19980519 5 219.89
13889 19980605 11 396.14
12050 19971225 12 210.72
09407 19981119 8 227.00
48796 19980630 9 225.71
32912 19980922 7 258.23
80336 19980227 7 496.69
05838 19981116 9 353.07
77654 19980402 11 371.62
73036 19970216 1 283.55
39511 19981013 11 107.92
61310 19971205 7 461.27
42183 19981007 6 293.57
15409 19980915 2 152.09
80006 19980429 10 177.24
36316 19970925 1 419.45
75707 19980310 9 308.71
67428 19970422 2 147.54
27182 19970128 11 61.50
30523 19981110 3 395.01
67182 19980119 9 464.16
45495 19971218 3 79.66
67880 19970914 3 446.23
37968 19980904 4 9.61
18913 19980411 5 484.01
32109 19980806 1 35.59
71056 19971210 8 161.21
53256 19981208 8 424.00
45839 19981208 7 127.20
16951 19981209 9 210.71
75948 19980221 11 77.43
31039 19980305 6 255.49
45535 19981106 3 72.86
14376 19980217 3 64.83
27255 19980506 12 154.41
46143 19981230 10 396.78
40935 19980829 11 476.09
92895 19971109 9 106.45
83651 19970427 2 227.51
71607 19970824 5 406.01
38894 19970816 3 426.10
10647 19970925 10 136.74
16886 19980717 5 306.09
23817 19980227 7 350.54
68128 19970128 8 242.79
55987 19970716 6 391.32
95146 19981024 7 148.34
43430 19970418 3 121.44
71627 19980511 3 290.86
52756 19980311 4 78.02
56645 19970809 3 32.22
00824 19980326 5 208.18
51357 19980912 2 121.75
50146 19980609 10 418.27
16558 19970623 4 240.55
90055 19970420 10 168.27
57120 19980606 1 285.79
09860 19970821 10 103.46
80676 19970204 7 467.61
32384 19970916 3 159.55
32989 19981125 3 478.82
32084 19980626 4 393.53
41167 19971215 10 244.86
77045 19970604 10 460.50
88202 19971128 9 300.93
12803 19970809 8 215.42
56100 19970329 8 423.53
19659 19980208 5 170.82
98614 19970501 12 282.18
03122 19980706 1 241.32
03900 19980805 9 318.94
62234 19980729 10 335.01
95520 19971230 2 347.84
98227 19970316 8 307.00
88890 19970523 4 59.94
10568 19970722 12 48.06
86399 19970325 6 425.53
34087 19980916 2 6.84
04017 19971023 9 261.68
79079 19980307 8 217.97
60267 19971123 2 368.58
04810 19970716 1 443.60
61764 19980903 3 271.51
10507 19970525 1 212.67
72493 19980114 4 258.89
65678 19980628 10 352.52
77685 19970616 9 209.09
54978 19981110 9 173.07
85957 19970910 11 7.44
73696 19980609 3 437.82
26742 19980605 3 274.27
33082 19970201 1 499.56
86464 19980920 3 364.86
55981 19970326 11 499.09
21184 19970628 3 280.48
90481 19970311 11 278.97
91079 19980320 1 425.54
09163 19971210 6 125.89
62314 19980219 1 490.43
14804 19971120 5 34.68
27113 19981205 6 258.47
67804 19980704 7 274.72
72554 19970414 5 384.25
98333 19970326 8 36.61
13697 19980914 8 29.75
06656 19970209 8 97.54
00037 19981121 10 348.95
37815 19970730 5 429.12
38694 19971113 6 494.29
26267 19980320 3 360.58
91831 19970929 7 455.88
90527 19970816 10 264.65
74998 19971116 1 96.37
67974 19980612 2 236.21
89304 19970527 8 42.95
01172 19981219 5 410.45
96167 19981121 2 190.08
50126 19980813 9 257.30
94468 19981126 12 384.64
27867 19970626 8 433.94
43813 19970823 9 21.86
26690 19971012 9 158.84
31339 19970924 10 181.06
22362 19980226 1 48.95
29178 19981212 11 54.25
38632 19981014 12 99.65
45075 19980116 5 179.18
86920 19980712 12 152.27
12237 19970616 2 67.45
97930 19970526 2 471.28
72586 19980802 10 283.14
59182 19971221 11 431.15
32593 19980123 7 467.91
92514 19971221 4 246.09
66115 19970708 3 366.28
92351 19971029 12 110.22
26066 19970424 8 61.55
82201 19971030 2 374.76
75275 19980718 4 109.15
21977 19981016 10 120.08
03767 19981123 12 383.78
73091 19981107 7 47.62
75550 19981120 3 163.71
87090 19980920 10 18.90
39806 19970319 6 138.32
17679 19981003 8 111.48
91259 19980725 2 71.89
58551 19981031 2 499.94
72380 19971118 6 299.53
96838 19980317 3 128.70
66376 19980121 2 414.96
69106 19971203 11 113.03
49599 19971129 6 245.85
67687 19980515 3 293.95
88620 19981015 5 459.46
19934 19980914 5 187.01
27435 19980124 7 298.52
15094 19971107 5 220.04
25023 19970105 7 43.92
15524 19980722 8 228.72
72798 19970630 12 189.64
41316 19970301 11 329.66
75001 19980709 4 229.01
11914 19980522 4 485.50
08445 19971213 7 196.87
18305 19970205 5 223.28
17426 19981209 7 109.28
09268 19980517 8 453.03
17436 19970104 12 27.46
52161 19980517 11 257.00
14877 19980723 3 235.70
75856 19971205 6 150.66
99743 19970322 7 352.84
24102 19980725 11 79.79
29646 19970501 3 411.48
23608 19980325 11 499.43
04810 19970928 9 41.13
76471 19970201 11 111.74
83731 19971215 2 196.13
72914 19970522 5 366.80
15438 19980403 5 467.77
21446 19980612 11 384.76
62612 19970328 12 41.66
79197 19980502 3 88.01
39368 19980123 2 216.37
96336 19980413 3 286.23
54687 19980709 12 93.17
55211 19970404 1 329.34
80268 19980517 7 378.32
18975 19980727 4 124.87
66921 19971018 1 357.88
85430 19970418 2 162.72
99650 19970803 8 124.96
07747 19970421 4 265.55
30387 19970620 11 266.27
09383 19971116 12 193.82
67067 19980327 12 107.74
79288 19970224 5 213.53
14697 19970601 6 255.62
21560 19970523 6 471.11
16563 19980915 12 464.77
47429 19980315 4 304.25
11964 19980620 12 416.31
19522 19970202 3 123.07
07686 19970614 5 35.99
11998 19970117 11 5.79
03531 19980521 8 89.70
79858 19970410 7 89.94
34045 19980922 4 124.28
93732 19980526 12 167.46
43661 19980821 1 122.49
88711 19981222 11 101.93
27488 19980610 1 260.36
38207 19971129 3 244.18
28015 19971001 11 272.11
99792 19980116 6 106.15
97184 19980103 9 254.19
98303 19970824 6 203.73
91054 19971023 6 280.30
36337 19981007 8 10.66
12078 19970906 3 5.51
70237 19970322 4 450.88
74938 19970130 2 151.57
17807 19981206 7 105.45
65128 19981012 4 387.80
92408 19980619 6 29.10
61037 19970116 5 439.76
81051 19980410 4 445.13
19617 19980418 1 422.88
62809 19981111 12 129.68
41368 19970526 7 318.93
64311 19980912 5 233.90
39810 19981126 4 445.75
17064 19970709 11 212.15
87868 19971208 11 385.31
00777 19980130 9 20.51
15944 19971105 7 124.43
79383 19971221 11 390.21
16012 19970708 4 487.90
48631 19980830 1 78.54
43800 19980819 3 198.14
30367 19980619 6 375.71
90023 19980901 1 228.85
47357 19971220 10 133.34
15863 19981126 1 496.71
58503 19981112 9 474.29
23011 19970703 5 125.74
43055 19981125 3 56.49
89863 19980603 12 17.19
82401 19970306 11 136.61
72983 19970129 4 257.22
90836 19980524 5 133.32
04757 19970312 1 470.48
52384 19980308 6 318.70
17647 19971228 7 51.64
18803 19980627 6 450.11
95360 19970113 9 100.23
81957 19980805 5 201.31
58513 19980406 10 427.31
86973 19970127 11 137.86
91954 19980704 3 16.75
31881 19971115 6 309.81
09294 19970201 5 461.81
05019 19981218 8 305.87
02125 19980907 10 29.78
46638 19980225 1 470.02
03427 19970824 12 149.19
92661 19980830 4 170.23
02776 19980812 1 44.59
18210 19971110 6 87.05
70601 19980926 9 103.81
71366 19980208 11 150.27
06299 19970823 2 395.41
37160 19970316 5 490.13
40888 19980610 1 346.95
25649 19981027 8 390.54
21786 19970316 10 477.89
08218 19980124 3 482.87
99271 19970311 4 246.52
44152 19980822 3 163.19
38269 19970815 1 29.50
66870 19980111 5 345.80
79071 19970408 7 24.78
34204 19971222 6 444.67
95929 19971026 12 422.98
83567 19970317 9 402.83
80890 19980703 9 239.52
71314 19980718 5 201.76
06584 19970129 9 453.16
20458 19980703 7 389.74
09298 19970609 7 318.66
32212 19980717 7 215.36
90188 19981211 10 52.49
69612 19981010 10 174.03
59434 19981207 7 89.10
80875 19980710 3 112.97
68474 19970906 3 54.63
36274 19970428 2 122.23
71169 19980807 9 205.36
25313 19970711 3 116.32
51263 19970107 3 385.54
46233 19980807 8 228.16
78597 19971208 4 384.63
08777 19980729 7 159.23
56054 19980406 1 180.35
46947 19970802 7 384.47
18014 19980805 11 270.24
18376 19970305 3 356.97
07682 19981202 12 193.27
76509 19980510 9 371.79
47211 19980426 2 369.68
30928 19970408 9 338.81
01250 19970531 8 145.56
22659 19981228 4 361.37
67833 19970917 11 181.70
85597 19981016 1 338.79
65157 19980719 12 300.29
08837 19980617 4 336.12
51219 19971124 6 313.38
69933 19970625 6 57.26
19265 19970123 8 293.61
85584 19970612 10 210.90
38093 19981010 9 416.50
88630 19980415 1 25.29
59945 19980311 3 191.37
91375 19980523 1 384.93
87442 19980218 5 356.27
18441 19980502 11 189.73
90531 19980926 10 182.45
85198 19980823 9 481.58
39507 19970617 9 131.25
59976 19971030 5 55.71
73215 19970926 1 128.52
23115 19970529 12 16.94
80773 19980407 1 223.77
93517 19980303 6 360.47
58931 19981011 3 329.24
75855 19970527 8 276.02
38413 19980208 6 369.46
65242 19980319 3 393.92
94005 19981018 4 113.07
51948 19980312 10 437.82
07693 19980824 10 424.63
36984 19980411 8 19.91
90665 19970831 2 103.62
48890 19970106 8 16.35
08409 19970908 2 62.77
76594 19970911 12 259.60
59969 19970509 9 359.99
96116 19970903 10 297.60
17495 19980414 7 252.66
26713 19970320 8 291.56
18789 19970715 2 314.48
24068 19971219 12 361.84
04440 19981110 1 419.14
32292 19970207 8 421.01
65016 19980122 11 45.99
94864 19981230 4 495.33
57076 19980107 6 24.38
57957 19980116 8 17.69
26277 19980620 6 370.87
59100 19970116 3 411.36
62342 19970305 2 262.27
28535 19970408 1 118.25
02953 19981025 3 133.99
84022 19970525 11 205.31
88006 19980521 3 267.98
80446 19980306 9 450.39
30092 19971011 8 18.41
66311 19971220 7 289.54
13387 19980609 12 127.48
61216 19980706 7 277.12
41003 19980111 2 440.32
49547 19981216 7 183.94
90624 19970102 8 118.61
48258 19980226 12 161.10
00283 19970401 12 439.34
73624 19970207 4 90.26
96781 19980426 9 10.72
09990 19970415 10 72.23
98249 19970802 1 45.11
58346 19980630 6 201.44
35128 19981118 10 490.28
11349 19981123 2 69.42
78893 19971204 6 304.72
67933 19971224 9 152.59
36428 19971122 2 87.76
33918 19980416 5 184.24
54223 19980802 2 213.99
73737 19980407 1 86.77
00072 19980208 12 402.56
52235 19970422 12 109.13
46791 19970918 6 294.64
30326 19970725 6 111.02
78040 19980602 6 48.71
42946 19980522 3 274.85
09080 19980802 11 6.97
14086 19980529 9 426.54
87340 19970512 1 473.72
90430 19981222 12 334.90
59164 19971102 11 342.80
35012 19981201 6 487.15
06644 19981001 10 354.56
51484 19970223 12 75.27
35262 19970512 5 434.30
17101 19980302 1 446.85
21651 19980307 7 295.42
32735 19980205 6 87.83
46766 19980215 5 442.96
43348 19970315 12 13.55
02793 19980917 7 316.82
00292 19970913 4 157.44
24308 19970709 4 158.22
09262 19980715 2 477.21
84876 19981129 6 398.25
02593 19980130 7 180.42
04125 19980429 5 486.06
99229 19970930 8 269.91
08471 19971119 5 11.70
98917 19970122 2 49.17
69262 19980314 9 246.63
77965 19971011 8 230.02
67109 19981110 7 494.70
01391 19980411 8 145.86
15264 19970124 7 91.33
19264 19980727 9 224.92
79363 19970325 10 358.29
44910 19980131 6 447.21
34623 19980510 1 485.90
83881 19981229 11 348.10
01281 19970603 11 358.31
58395 19981115 4 21.34
76826 19980208 2 461.45
58589 19970707 12 421.89
61565 19970226 9 93.26
09597 19971104 12 396.30
08582 19970810 10 360.72
03897 19970416 11 43.29
94620 19970425 7 143.26
63409 19970123 7 104.60
95825 19980927 11 158.75
71637 19971230 11 282.24
05850 19971108 4 240.90
93095 19970705 7 9.14
73202 19980104 5 96.61
67852 19981017 4 51.61
31648 19980228 12 234.46
97090 19980805 10 196.53
01608 19980323 9 456.91
67549 19980126 4 380.80
71211 19970727 2 269.00
12477 19970503 1 349.79
28969 19980928 1 229.31
48783 19970814 4 389.43
23266 19980420 3 384.00
17259 19971208 11 98.22
70720 19981117 3 411.49
63256 19981127 8 152.63
48653 19970403 1 116.05
30488 19971013 1 194.09
32220 19970322 1 28.43
72750 19970703 3 381.75
64687 19971108 1 120.62
40646 19971209 8 123.94
40978 19971113 6 345.04
46999 19980411 6 174.42
36644 19980523 1 309.62
42293 19980125 6 457.04
81636 19971101 4 225.92
43575 19970525 5 304.53
61373 19981017 10 258.29
29431 19970615 4 115.34
03506 19980121 8 318.97
46743 19970601 5 437.17
84456 19980627 1 18.77
33536 19980121 2 217.91
17556 19970323 1 454.11
30941 19981226 5 158.37
13645 19971005 4 325.44
57403 19970320 1 320.73
49845 19980228 5 316.84
25870 19970823 6 166.83
43783 19981005 1 209.80
59578 19980109 10 31.09
65058 19970121 11 279.95
03901 19970603 10 494.19
64779 19970717 1 256.31
56132 19971007 12 259.70
18121 19971202 4 482.19
63236 19970109 3 37.74
35002 19980412 2 362.21
77198 19981206 1 49.43
99974 19980811 5 465.72
53763 19980112 2 280.31
59823 19970428 7 389.85
50457 19970119 7 451.92
75978 19980224 9 346.57
96809 19970922 5 200.42
36403 19971121 8 377.05
91774 19981224 1 417.27
74869 19980104 3 256.69
88265 19970702 3 229.97
21336 19980316 6 466.22
13762 19970628 1 481.93
48463 19981210 5 493.29
79350 19970824 5 482.93
27950 19980805 3 344.87
10236 19981227 4 300.30
57427 19981016 1 182.90
44907 19980508 6 99.79
04640 19981225 4 28.66
73576 19981018 9 434.19
49893 19980507 6 327.38
77382 19971226 3 294.93
44020 19970504 6 246.70
54100 19970223 4 225.93
40859 19970813 10 331.26
26441 19980123 7 414.65
25233 19980517 4 192.69
26687 19971018 8 404.79
76697 19970407 4 313.93
14153 19980822 11 415.46
51542 19970420 12 29.66
13295 19971102 8 154.80
69145 19980909 1 359.04
45900 19971019 10 267.94
03582 19980611 9 416.12
16919 19971017 8 37.58
80067 19971214 8 317.64
72117 19980903 6 394.19
24010 19970726 1 333.51
33140 19970824 2 264.22
26662 19971108 6 161.16
06091 19970812 3 441.40
32217 19980823 6 65.42
90113 19980117 2 394.89
23041 19971213 4 167.98
59623 19970824 3 268.81
22281 19970609 11 221.38
67479 19971223 2 483.60
83156 19970706 11 136.93
42646 19970217 10 244.45
23943 19980918 5 435.01
40389 19970401 7 123.48
74194 19970622 1 459.84
10961 19970526 11 105.26
04691 19981021 2 287.90
09859 19970409 7 37.98
99533 19980801 1 252.05
52701 19980824 9 134.36
48415 19971118 6 136.37
35793 19970306 9 443.54
82517 19970324 6 216.73
06353 19980714 1 347.76
57923 19981029 2 274.17
32067 19970619 8 222.18
40559 19980629 3 448.71
67527 19980103 3 247.29
93668 19981218 9 144.15
57349 19970308 11 39.47
69445 19970410 1 362.70
85215 19970331 1 182.16
99891 19970101 1 93.89
39488 19970411 3 254.65
63068 19970102 4 58.23
89758 19970122 11 74.72
98217 19970418 4 146.93
65305 19981201 11 478.46
39028 19980625 8 227.81
26320 19970611 6 157.40
24159 19970929 1 11.32
24159 19980514 9 308.20
79264 19970407 10 281.27
65930 19970725 11 82.16
00709 19971021 10 497.88
11706 19970120 7 96.01
44111 19970812 5 179.68
68956 19980116 7 168.07
62928 19980409 10 283.58
74244 19970503 12 188.49
92846 19980121 6 305.36
84241 19970708 7 118.67
69769 19971209 9 155.59
83760 19971230 10 269.85
25358 19970314 9 394.78
88720 19980208 9 324.49
47094 19970830 4 321.77
33308 19970717 12 148.56
25510 19970601 2 100.78
51664 19970625 2 191.04
17428 19980219 8 313.91
74695 19980312 2 394.62
36969 19970814 8 497.30
07136 19971106 4 242.97
07901 19970306 8 485.61
77579 19971025 2 25.11
66627 19970628 2 44.59
49804 19980321 1 44.51
48779 19981129 2 309.76
89067 19970309 1 392.88
63951 19970319 2 379.52
38749 19981107 4 354.95
65666 19971229 3 284.66
79433 19970730 12 159.49
50231 19970206 4 113.79
74823 19970925 5 307.19
26548 19980328 2 228.54
11302 19980729 4 427.31
32407 19980617 5 69.31
18921 19980604 11 488.55
67395 19970318 12 267.73
25149 19971004 6 423.02
31489 19970310 11 413.44
38777 19981007 4 40.91
46917 19990101 1 351.28
15958 19980415 8 230.29
54646 19980429 9 367.49
61311 19980729 6 212.81
53090 19971002 3 91.26
30033 19970330 10 471.07
48208 19971117 6 344.50
18125 19970505 1 487.66
22511 19980527 9 141.69
11715 19971005 10 159.49
33986 19981227 1 14.14
20347 19980125 6 213.03
63758 19980907 2 122.39
08552 19980805 1 100.59
29051 19970613 2 30.23
81147 19980325 3 199.94
95268 19980927 5 105.15
16385 19970427 5 38.67
40490 19980923 2 194.94
30615 19970410 6 149.28
09766 19971128 2 491.19
35051 19980413 9 227.69
63249 19970617 2 421.86
92514 19970929 5 359.52
34044 19980713 9 350.75
70402 19970112 12 312.03
87979 19970918 3 386.46
00557 19970327 3 315.95
35567 19971213 3 364.50
09281 19970618 6 91.63
49152 19970427 5 467.01
25167 19970329 6 155.58
24732 19980524 4 196.64
36253 19980216 1 64.04
83696 19980520 5 317.46
94646 19980126 4 364.75
46880 19980207 6 402.49
37758 19971120 9 70.41
28968 19970812 6 232.92
73733 19981207 9 370.15
19236 19981119 1 138.81
43995 19980226 6 164.34
66810 19981216 10 373.82
64682 19980923 5 332.60
01804 19970904 2 203.05
08855 19970221 5 243.44
44120 19980131 9 34.50
68283 19980428 7 319.34
98636 19980928 12 47.00
92606 19980806 6 385.33
84325 19981111 1 471.31
62439 19970406 5 22.79
68330 19980524 9 268.94
28164 19980420 7 168.48
18782 19980414 11 322.71
58487 19980413 9 413.60
79862 19971003 8 18.89
88469 19980911 12 78.78
48823 19981201 8 431.12
43960 19970903 3 469.54
05513 19970523 12 179.93
43469 19980821 9 370.30
70009 19970623 2 351.68
41380 19970307 8 372.99
61790 19980428 4 5.24
21252 19980802 11 141.62
92729 19970402 11 393.64
34038 19971009 7 49.63
26928 19970329 10 8.85
68032 19980528 4 102.03
55475 19971015 10 151.80
05013 19971202 2 387.36
77718 19970620 1 75.48
45478 19971116 8 279.09
15967 19980320 2 172.68
17501 19970108 4 260.58
56470 19980914 3 474.88
03628 19980102 3 422.33
67855 19981202 6 364.24
42665 19970202 4 8.51
43889 19970105 5 321.89
55736 19981109 8 160.38
96217 19970411 9 12.60
59217 19981024 1 53.74
73133 19980415 10 130.81
73970 19970901 7 304.65
68086 19970314 7 88.23
11750 19981026 10 135.06
76282 19980519 4 11.25
89645 19970504 5 14.93
14504 19971219 4 316.27
12459 19980610 12 427.43
34889 19971117 12 82.62
62790 19970426 6 436.51
36811 19970519 1 112.16
44681 19981111 4 397.40
33708 19970404 9 303.76
09891 19971024 1 71.41
42422 19980530 1 291.14
52222 19971015 10 100.88
01845 19970622 7 88.43
50564 19971108 8 491.40
52928 19971116 8 249.90
04367 19980412 8 286.50
19694 19970714 1 384.48
56710 19980220 8 125.31
19402 19981023 3 157.70
86583 19971011 1 173.32
37758 19970901 1 396.33
45135 19971018 6 339.24
09728 19981102 12 245.94
76107 19971019 5 271.04
48059 19981125 7 215.64
85681 19980324 3 214.48
09673 19980713 10 73.08
12330 19970118 5 130.15
77867 19981120 12 87.05
23384 19970713 6 467.19
90890 19980115 3 80.57
99451 19980214 5 327.21
55131 19980912 12 25.74
55084 19970216 2 156.99
18300 19980415 4 56.30
97135 19981123 5 427.35
61515 19970705 9 274.71
07983 19980617 5 341.04
31036 19980417 6 78.65
88100 19980116 8 46.22
35873 19980817 4 360.39
95188 19970818 9 235.11
27977 19971103 1 465.10
78483 19981214 8 270.08
69915 19970610 11 259.23
34551 19980401 12 159.34
89634 19981216 8 456.28
10013 19980609 9 445.32
08983 19971030 3 277.78
10969 19980603 9 256.73
92085 19970505 7 130.04
76444 19970131 8 127.43
20512 19980716 1 87.62
85765 19980509 3 74.22
82692 19970325 3 408.05
37700 19970428 3 272.08
38461 19980608 12 497.65
01910 19970412 2 66.63
32450 19981222 7 36.36
80531 19980303 10 451.07
64882 19980626 5 211.85
29513 19980817 7 473.45
83746 19980720 11 424.89
75713 19970720 2 370.43
54760 19980603 6 272.52
30972 19980906 6 346.60
93645 19970104 6 383.96
37068 19980119 5 236.72
82544 19981217 5 371.58
74228 19980130 6 482.11
29112 19970520 12 207.24
36985 19980306 4 203.62
08127 19981213 9 400.62
79061 19980129 10 195.69
62410 19970215 6 384.58
90246 19970924 12 311.62
71005 19981104 7 234.80
05255 19970412 10 258.91
45317 19981217 12 377.16
07683 19971227 3 450.21
00533 19980620 12 235.49
59784 19980302 6 238.77
93002 19981023 9 258.38
31730 19971030 1 494.82
75646 19980103 5 240.09
82039 19981209 9 221.64
44285 19970612 7 70.41
41608 19970508 9 267.72
77856 19970621 1 39.92
17180 19970310 1 425.47
19314 19970323 7 357.79
40590 19981009 2 323.67
03704 19981108 3 221.13
51009 19980601 10 393.16
96268 19981217 9 88.04
80753 19980109 11 370.25
07082 19970512 7 472.11
79423 19980108 3 349.60
67478 19970214 4 125.10
31390 19980503 11 457.55
45067 19970625 1 141.23
80660 19970423 1 370.41
61472 19980831 5 403.24
04085 19980107 6 420.01
13540 19970408 3 92.16
93374 19981118 6 446.72
32187 19980523 8 223.10
39363 19970505 9 104.03
44967 19971128 6 323.19
68652 19981006 3 257.96
50370 19980814 9 138.11
32499 19981113 10 194.21
94766 19970309 4 28.36
07008 19970412 7 444.62
40629 19970404 3 17.29
93205 19970611 5 127.09
45291 19980205 10 376.04
30339 19970211 9 427.82
67534 19970827 7 212.40
94828 19980302 12 414.84
09721 19970222 2 303.16
08925 19970112 11 273.91
22841 19981023 7 431.96
69581 19970624 10 323.86
68166 19980115 6 107.99
65679 19980905 11 378.21
73214 19970929 9 17.01
39072 19980506 12 338.91
97536 19980530 9 170.51
40440 19971208 11 245.27
77168 19970420 12 190.89
96025 19980518 12 304.73
12068 19970109 4 494.53
37377 19980616 1 266.41
52832 19980527 7 84.91
74017 19970506 2 459.02
69111 19971125 12 355.20
92176 19980924 6 132.85
66192 19981221 3 460.68
99081 19970812 8 365.12
56307 19970601 9 258.35
52075 19980621 3 416.30
87179 19970405 3 223.78
05707 19980708 4 446.73
64288 19980928 7 133.56
34052 19971129 4 192.62
81171 19971116 4 363.28
82936 19971202 8 92.70
60435 19980910 8 22.07
08371 19970709 3 9.96
94846 19981023 3 70.31
81596 19970711 4 21.39
82105 19971119 10 493.39
90294 19971015 7 191.91
99405 19971023 1 125.10
46417 19980629 2 41.03
14810 19971005 5 72.39
45539 19970604 9 14.05
56669 19981115 2 176.75
20747 19970417 4 482.47
26022 19980928 1 158.82
02871 19981018 12 61.64
44721 19970723 7 403.91
49838 19970130 4 110.83
43752 19970109 9 279.24
39926 19980514 9 467.38
38639 19970108 12 438.35
92224 19980504 11 141.26
29116 19970629 1 146.24
40300 19980113 3 374.09
45460 19981205 5 187.59
71292 19980909 7 422.96
68235 19970330 8 343.80
07732 19981130 3 15.15
57016 19980522 3 222.23
94448 19980101 8 339.97
05173 19971112 5 54.73
62508 19980508 1 15.56
14000 19970117 12 393.34
63887 19981216 10 479.46
14814 19980428 1 417.87
41158 19980414 5 325.16
14954 19971008 6 293.14
26887 19970720 2 95.24
24464 19970627 7 468.92
14536 19980613 10 183.68
30082 19970314 1 375.35
04775 19980521 11 21.20
54470 19981029 5 412.81
32012 19981105 3 210.30
36529 19981216 6 161.74
92332 19970416 1 308.83
62343 19980119 8 479.53
64826 19980825 7 113.57
39106 19980628 4 424.74
15267 19970213 12 187.65
12565 19980926 4 58.27
39490 19970725 4 457.60
17696 19970622 11 418.18
77017 19980124 11 471.09
42917 19980325 1 139.30
24780 19970809 4 379.74
97541 19980613 10 68.51
87925 19970224 1 400.13
72159 19980728 2 421.51
25435 19980527 11 212.01
66658 19970918 5 138.03
87367 19980123 8 170.33
33150 19970323 1 176.09
93101 19971010 9 331.79
41656 19970611 4 429.07
89254 19971015 3 337.40
77324 19981231 6 327.45
23198 19970730 4 435.90
04150 19970622 11 382.84
09884 19980105 1 28.57
52733 19981027 11 360.72
70530 19971215 12 361.95
11223 19970507 5 55.26
12742 19980317 9 351.10
64270 19970408 9 44.98
19335 19971025 8 137.55
94633 19970508 4 290.35
78988 19970716 6 486.53
64566 19970719 8 423.60
07146 19970920 2 42.03
58274 19970809 3 230.93
30041 19980912 8 423.77
11004 19970606 3 495.72
72210 19980222 2 422.48
32866 19981110 11 14.06
75237 19970815 2 492.16
46056 19980930 4 401.40
80124 19970604 8 377.77
82556 19980603 11 175.82
87550 19970928 11 477.07
46665 19971119 5 14.97
15143 19971124 8 394.48
98878 19980730 12 83.30
81319 19980711 11 135.23
78790 19980409 12 186.13
94761 19971008 12 139.40
70920 19980118 3 421.25
82017 19970913 11 137.90
00926 19980429 8 168.52
49829 19980610 4 364.45
09477 19970724 11 373.97
78583 19970330 3 289.83
26965 19970601 9 149.49
75783 19970211 8 31.01
31138 19980319 1 412.67
01116 19970206 6 105.51
82424 19980129 3 294.51
44558 19980624 5 309.44
20495 19981114 8 230.74
61373 19980121 4 219.13
55931 19980827 3 432.60
69534 19970418 3 234.63
73256 19981019 11 449.30
86092 19970127 4 192.08
85879 19970830 3 122.05
75838 19980412 6 480.16
17390 19981017 5 296.38
23282 19970517 5 139.52
99822 19980124 2 252.24
17818 19970420 1 320.77
16902 19970508 9 361.05
37072 19970706 5 322.83
80608 19970830 9 157.00
36889 19980721 1 345.02
46188 19980415 3 384.93
73657 19970813 7 339.66
84024 19980325 9 153.18
46419 19971118 8 84.64
26398 19980513 3 111.18
63046 19970505 9 357.73
24547 19970913 3 301.43
25629 19981126 11 415.82
56130 19970115 10 201.63
86190 19970209 5 185.21
07238 19971216 1 38.21
79471 19970524 4 153.86
84388 19971110 12 316.47
76947 19980316 12 434.21
35140 19971011 2 268.84
96129 19970312 5 95.67
72554 19970307 12 239.24
47038 19971226 8 192.34
78960 19980922 11 259.87
82024 19980804 3 324.61
44915 19970528 2 89.43
62913 19980602 3 497.99
41887 19980919 2 81.26
94835 19971017 6 446.48
27994 19970416 10 212.73
92039 19970729 9 305.57
07079 19971212 7 488.74
50467 19981102 6 356.77
71402 19970609 1 110.54
52536 19980904 10 352.16
09190 19981101 6 236.13
09639 19970925 3 482.41
94014 19980222 10 272.65
27047 19981014 9 480.30
77995 19970918 3 190.22
34036 19971109 10 316.06
45170 19970306 4 45.63
84001 19980816 2 102.51
79480 19970113 8 34.58
07459 19970623 3 334.06
46926 19970828 12 450.04
63626 19980916 12 420.71
38929 19971009 11 474.24
83951 19970708 11 5.71
18851 19980325 12 416.85
23217 19971022 4 452.15
98735 19980908 6 496.59
83173 19981101 2 11.60
76990 19981115 1 399.50
50802 19970531 6 183.27
59540 19980204 12 256.63
15903 19980207 11 376.10
92014 19970426 9 253.17
79492 19970324 3 494.67
93471 19980421 12 420.97
46755 19980420 4 338.75
87118 19970511 10 386.86
29788 19970714 2 484.01
59165 19980130 3 64.51
35611 19970616 2 341.87
82643 19970902 9 417.68
88101 19970324 7 466.25
85597 19970720 7 69.24
49581 19980714 10 376.99
31538 19981224 12 457.51
79394 19971013 6 194.48
88930 19981101 4 74.16
41979 19970526 3 368.13
58248 19970209 7 247.28
78376 19980222 5 208.28
94199 19970728 8 307.77
24393 19970617 10 126.22
28103 19980211 4 482.92
59913 19971129 7 395.56
19808 19970309 2 73.38
71727 19970616 5 188.48
88039 19980322 12 284.33
20908 19970306 5 106.83
52136 19981105 7 302.90
33392 19970924 3 71.06
11185 19971204 8 410.24
43621 19981124 2 81.59
39906 19981119 11 248.35
02007 19970611 12 29.27
15165 19970206 8 143.63
08846 19981016 7 370.24
45866 19970908 7 70.12
49856 19970813 9 222.27
39350 19970115 3 158.53
29541 19970223 3 380.84
32620 19980717 4 466.82
49864 19980602 3 467.65
10703 19981224 5 277.78
86099 19970613 11 126.79
69122 19970629 12 219.99
24994 19970731 5 70.54
02631 19970223 9 493.28
59229 19971021 9 257.23
05216 19980920 9 106.77
68157 19980910 3 74.80
79910 19981106 7 103.10
88268 19970709 3 315.71
47039 19971119 7 331.16
08725 19981109 12 259.20
21532 19970519 10 392.38
57371 19970512 6 22.55
56173 19971024 12 484.52
36967 19970313 11 291.07
41137 19980217 4 49.33
62233 19971217 3 102.12
24286 19980511 10 325.03
10895 19970908 5 232.91
37228 19980712 7 182.88
94288 19970214 4 136.82
72976 19971215 7 194.24
46153 19980310 4 21.02
65392 19970619 6 78.57
64831 19980227 10 437.97
85840 19980216 4 283.01
72923 19980314 1 218.69
22307 19980531 10 282.00
08528 19970920 4 386.92
56657 19981118 4 496.13
24505 19980620 11 80.96
27233 19981229 12 392.24
21641 19981022 5 393.46
64712 19980326 2 73.33
61273 19970302 11 451.65
20754 19981111 7 429.85
24502 19971010 4 366.10
94308 19970725 4 422.49
02672 19980816 7 55.33
46235 19980813 1 400.04
09653 19980909 12 292.23
35479 19980428 10 328.48
00775 19981203 1 300.07
63789 19980626 4 442.36
98934 19970425 12 146.80
68513 19970624 10 433.40
30163 19980711 9 186.07
29661 19970301 5 447.85
39899 19980405 12 268.30
95974 19980611 12 408.87
65453 19980712 10 246.04
34470 19980828 3 469.89
57865 19970111 8 436.20
59972 19970223 11 145.89
16075 19980828 6 399.46
07947 19980729 6 44.62
75081 19970924 3 231.20
47278 19980114 8 116.34
01588 19971220 8 159.36
21519 19970117 4 14.80
84793 19970327 3 328.66
52650 19970404 5 141.28
93734 19970927 9 352.27
87994 19980127 10 153.57
47677 19980425 9 199.47
64228 19970527 1 199.04
28084 19970316 2 272.82
20073 19980917 6 55.01
60041 19981006 7 46.57
46557 19981225 9 250.11
97747 19971103 2 131.03
29135 19980304 6 496.50
25783 19970317 3 329.64
99841 19980805 1 130.05
35771 19971216 1 290.67
17404 19980306 10 160.02
51356 19980913 10 366.16
57706 19971011 12 350.89
52543 19970614 4 290.71
23464 19970408 1 5.58
53747 19970505 7 397.57
43423 19980608 3 194.79
34993 19971111 5 323.79
82039 19970731 1 379.43
41681 19980121 6 125.47
10002 19980214 8 325.15
38738 19981030 3 218.46
50668 19980821 3 297.92
96525 19981225 2 216.07
10693 19980916 5 489.26
25594 19981223 1 452.86
78104 19970818 3 210.40
62917 19970831 7 229.26
82111 19970110 4 378.61
10161 19970427 4 437.15
35549 19981126 2 98.57
48571 19970425 5 56.59
36175 19970425 2 488.07
95835 19970703 6 471.53
32037 19970319 7 487.19
68271 19970626 9 270.65
80121 19970926 1 281.99
15115 19970327 1 458.75
56802 19970214 2 445.31
23415 19970907 1 310.02
11937 19981004 3 399.51
99812 19980730 9 352.11
40223 19980823 7 199.10
93226 19970220 11 417.76
17415 19980218 8 498.39
33218 19980218 5 16.20
09105 19980603 11 43.50
74088 19970814 1 454.37
66392 19970714 6 36.41
35771 19970117 12 57.84
57651 19970902 4 415.85
14400 19980702 6 181.15
45802 19980217 9 422.42
94814 19970112 9 173.21
40570 19980402 9 100.05
03624 19981004 5 79.96
27293 19970320 2 440.51
11275 19980604 4 59.44
64190 19970325 2 92.27
36636 19970415 2 299.05
97980 19980922 11 218.84
48652 19970919 4 438.24
10505 19980817 6 454.69
65170 19970730 10 303.41
06097 19980627 1 153.26
37154 19980520 4 443.05
36119 19970329 10 241.73
34490 19980610 3 60.16
79525 19980817 4 321.25
40492 19970222 11 246.66
46319 19970318 7 286.01
32129 19970909 6 394.88
17318 19970807 11 412.86
49731 19980619 3 447.03
99225 19970820 8 497.66
36696 19990101 11 377.91
42630 19971127 9 301.48
68314 19970426 1 204.41
37954 19970920 11 490.21
82452 19971109 12 318.59
92733 19981112 1 38.54
96593 19981221 12 230.97
35841 19970812 3 63.81
53253 19980115 6 92.46
93900 19970619 12 238.07
81848 19971211 8 51.00
82939 19970613 5 448.51
22278 19970613 5 159.10
15284 19970507 5 239.76
38323 19970918 8 195.27
94856 19970426 7 329.61
01757 19980302 11 317.72
29848 19970627 6 108.88
20309 19980504 6 413.21
35557 19970723 1 246.57
42843 19980831 1 402.17
97672 19970616 11 302.23
08252 19980213 3 423.98
91457 19970621 10 267.02
86972 19971023 10 398.89
16623 19980625 9 104.28
17719 19980820 1 95.52
21084 19971214 7 136.00
10256 19980921 2 45.05
85426 19970716 10 17.29
08888 19970814 2 425.26
98323 19970421 1 356.07
03553 19980517 3 238.08
47701 19970202 4 450.26
41548 19980411 11 292.21
59915 19981028 1 275.37
00659 19980115 11 260.25
92857 19980219 7 150.57
57528 19970429 2 91.40
50935 19970220 10 46.89
73181 19971015 6 281.62
54922 19980723 9 469.82
85888 19970224 8 80.72
55219 19971128 3 93.25
48023 19980419 7 215.19
15886 19971007 4 409.99
20808 19980110 4 378.35
91240 19970223 6 131.22
87740 19980801 9 99.69
49380 19980628 3 198.35
55149 19980129 7 424.20
94287 19980215 1 284.16
72745 19970425 1 14.61
02946 19970115 2 233.82
66070 19980505 3 456.60
12939 19970825 4 385.81
85650 19970727 3 220.67
14528 19970108 10 111.66
96903 19970501 2 323.27
88132 19980922 2 419.72
64025 19980106 2 146.26
08227 19980418 1 204.02
55868 19980918 10 258.94
37024 19970522 3 196.38
42854 19980619 4 185.47
09553 19970817 8 485.68
90135 19970204 5 158.75
81444 19981020 8 493.46
73809 19970802 11 176.26
64028 19970206 1 20.23
24866 19980211 6 329.80
02814 19980522 10 445.55
05993 19981120 9 115.95
41451 19970731 9 271.09
85648 19980115 1 398.80
93749 19970402 1 22.88
42448 19970101 4 315.56
89870 19980605 4 110.83
05711 19980410 1 258.06
59759 19971009 9 264.92
22504 19980901 2 465.40
32487 19980705 11 230.92
78169 19970305 8 390.51
10946 19970325 7 280.14
45947 19971116 6 395.65
74950 19971118 1 375.99
51625 19981130 9 285.62
41299 19970610 11 365.33
38804 19980323 8 216.43
82292 19970604 4 280.16
77623 19971129 8 86.09
15427 19980102 8 29.27
94639 19971122 7 467.31
93524 19970715 9 15.18
10134 19981009 10 120.16
62931 19971105 8 371.52
23199 19971029 12 143.53
53102 19980503 6 445.71
02668 19980804 8 372.64
96485 19980117 10 331.80
20577 19970403 1 267.59
88174 19970721 9 364.23
17693 19970913 12 218.03
39421 19980629 2 309.30
33952 19980713 10 292.34
06145 19971213 2 103.79
78641 19970903 9 424.31
89289 19980608 11 177.94
22359 19971002 3 239.62
64925 19970122 7 308.72
66578 19980202 5 449.55
03386 19970227 6 224.90
41905 19980312 2 186.11
26560 19970130 9 392.93
84290 19970425 7 24.88
72211 19971121 1 37.69
26303 19971203 4 415.57
67639 19980113 5 436.50
47112 19970117 4 412.37
42996 19980819 4 405.20
95050 19970218 3 302.11
04408 19980417 1 194.37
61664 19980404 2 409.00
66816 19980926 3 206.07
53459 19980111 6 362.46
17216 19980803 9 377.20
24399 19971021 4 265.14
78170 19981102 6 466.85
86578 19980819 9 78.97
27261 19980911 1 492.23
27799 19970115 3 6.33
18519 19980707 12 345.58
95471 19980627 6 336.96
65855 19970115 3 310.88
09348 19970802 10 271.79
41366 19980416 7 363.47
54114 19981103 6 479.07
76165 19971018 5 209.13
39414 19970530 12 420.22
13359 19970817 7 277.35
02498 19980523 9 122.13
67822 19970125 5 158.88
25946 19980426 8 135.88
31664 19980103 3 401.63
74156 19980809 6 109.57
47156 19970420 4 207.11
25882 19980906 3 225.48
21342 19980601 4 96.39
94669 19980630 6 218.78
82081 19970824 12 189.17
60397 19980522 2 31.06
48597 19970925 5 126.51
00845 19970628 5 95.62
02030 19970915 11 345.36
38451 19980701 1 435.39
48376 19980328 11 458.82
88279 19980501 8 199.55
93698 19970321 1 479.33
55823 19980405 3 476.66
11938 19970716 4 359.96
50333 19980906 5 184.95
67886 19970210 1 49.38
85036 19970912 7 309.26
18155 19981212 10 272.28
06770 19980923 11 253.04
47512 19970126 2 318.98
66121 19980208 11 86.77
65952 19970127 9 495.83
46083 19970925 3 497.39
19517 19970715 6 257.26
65416 19980218 6 52.43
41766 19981217 7 345.37
88282 19980527 2 348.56
90355 19981228 12 499.28
18312 19981220 4 481.71
81219 19970813 7 437.07
08290 19970114 9 316.25
68926 19980806 8 224.51
83466 19970916 6 493.92
66013 19980916 3 241.05
11930 19980105 1 238.23
14783 19970617 11 257.72
97027 19980316 2 47.74
92306 19971007 2 458.45
13551 19970906 8 246.68
31986 19971010 2 109.46
45915 19970623 5 39.72
65612 19980304 12 165.60
13287 19970418 2 20.01
97511 19980309 6 209.08
68414 19971106 4 131.66
00715 19970830 2 101.80
77706 19980729 9 242.27
52123 19970628 7 317.40
20562 19970928 6 276.17
57124 19981019 6 201.85
98806 19970719 2 409.26
40669 19981218 8 92.15
84339 19980308 11 386.33
35015 19980311 6 215.47
11680 19970917 2 288.37
71667 19971023 2 350.44
90320 19970708 6 67.03
61653 19980926 1 347.91
63905 19981217 5 141.05
02646 19980707 6 89.32
96465 19970301 7 316.67
65875 19981208 11 156.56
84507 19970807 7 371.83
89377 19971222 3 315.38
43629 19971028 10 323.78
79667 19971104 5 287.68
49556 19970309 2 308.49
30377 19981126 9 296.45
77370 19981222 6 220.65
27629 19980609 4 190.81
82533 19970301 8 129.88
21557 19980304 4 64.55
41102 19980617 2 247.12
97819 19970421 7 381.78
75835 19971025 6 310.43
25220 19980123 9 146.84
51718 19980715 6 92.51
02184 19980311 6 310.67
01724 19980619 11 365.19
77992 19970219 5 447.69
68719 19970211 12 345.48
29745 19970227 3 387.51
98039 19981105 3 57.54
99541 19980820 5 88.59
11506 19980727 7 260.69
63466 19981006 7 140.56
04527 19980114 8 456.55
66404 19980831 8 172.12
34503 19980301 5 496.70
37002 19980602 11 94.99
16862 19980911 11 247.99
48953 19971226 4 111.44
56437 19970307 3 407.83
22953 19971120 7 76.62
04873 19980818 6 261.32
76464 19970205 1 490.60
67794 19970811 8 328.75
25485 19971128 10 134.42
22618 19981202 12 72.28
90770 19980917 2 353.69
13376 19980208 4 193.25
89224 19981016 7 271.58
48280 19980430 3 455.03
76305 19980313 10 260.84
11620 19970626 6 57.59
84262 19980309 10 154.52
93748 19980330 7 101.04
74853 19980722 3 401.35
95176 19970419 10 8.66
49341 19980820 3 108.42
50666 19981117 4 54.97
22767 19971004 1 285.95
19168 19980712 4 284.15
75890 19970904 9 333.58
77997 19971014 4 86.48
33492 19981226 2 289.72
46691 19970429 8 392.45
39035 19981209 2 34.72
53766 19970904 9 34.61
25958 19981220 10 413.61
62790 19970726 4 70.20
94734 19980403 8 315.56
18130 19980724 6 336.67
46447 19971029 7 299.08
76484 19980117 7 243.07
47119 19970618 12 391.40
89082 19980718 7 402.02
88920 19971129 10 243.53
72281 19980724 4 459.78
44703 19980609 1 241.26
24873 19970818 4 397.09
94555 19980123 8 61.68
58443 19970616 2 42.70
11838 19970114 9 35.17
13335 19980329 12 56.20
19946 19970810 12 112.13
00837 19981026 12 31.70
30946 19970717 11 243.02
61578 19980317 1 301.60
75806 19970118 3 389.07
21267 19971130 1 445.45
51311 19970523 4 496.07
84065 19971224 4 279.46
66366 19980527 12 339.26
85635 19970327 1 146.89
47637 19970716 1 72.52
01600 19980730 3 497.10
84644 19970322 10 34.20
39967 19980911 12 23.19
07001 19981216 10 475.33
76666 19980905 5 219.73
80199 19981021 6 429.92
40176 19970429 8 412.44
52629 19980123 5 344.12
26647 19981212 2 67.90
21077 19981105 4 437.17
58324 19971230 6 352.78
71353 19980908 2 308.11
86533 19970406 3 489.03
37257 19980614 4 330.42
30347 19970224 1 268.53
73224 19981221 12 21.44
41970 19980529 3 309.42
18925 19970830 3 67.49
07848 19970929 9 470.00
08609 19971116 8 236.12
80889 19980927 1 446.57
17411 19981003 9 96.94
24022 19970308 11 261.15
22442 19970414 4 84.07
09396 19970315 11 76.27
10997 19970720 3 57.47
68935 19980221 5 388.80
62765 19971204 7 139.35
27625 19971003 4 239.85
59513 19980411 11 223.45
25073 19971022 2 132.94
07141 19981126 8 51.44
03372 19970211 11 22.09
32183 19970906 1 78.40
00925 19971223 1 247.66
85848 19970510 10 351.11
04764 19980325 12 204.32
98200 19980907 2 455.15
35143 19980406 7 484.28
66802 19980815 9 90.30
13246 19980804 9 165.56
10846 19970523 7 63.40
17637 19980611 12 312.54
74499 19980130 7 184.04
29154 19970302 8 344.87
64387 19980313 11 470.36
75123 19970102 10 143.19
98091 19981228 9 286.64
49188 19970710 10 6.19
51537 19980819 6 323.59
96634 19970105 3 247.93
59623 19970127 4 175.09
26069 19970414 11 35.38
78125 19971103 11 83.61
19207 19980812 7 294.79
39833 19980507 4 327.54
20579 19980115 1 298.30
09937 19980413 4 123.39
66195 19980809 3 270.14
99556 19971215 8 328.42
67270 19970411 7 290.45
03005 19980308 3 400.50
49352 19970325 12 50.30
42624 19970906 7 74.16
38807 19980114 11 65.00
12688 19980804 1 86.63
67229 19980529 6 145.91
25244 19980726 8 361.25
64850 19980815 6 160.68
83303 19971028 6 125.80
29205 19980714 2 252.33
60630 19980103 11 198.88
52227 19980709 2 479.68
32728 19971020 12 445.21
17052 19971113 11 350.42
64097 19981220 5 475.44
14574 19970523 9 50.20
83119 19970531 5 352.30
64371 19970819 9 447.51
46290 19970724 9 260.50
70393 19971126 5 93.80
76513 19971225 6 309.71
81261 19970602 10 344.37
49694 19970821 7 389.92
10071 19970920 3 345.98
33597 19970707 12 99.25
06702 19970823 6 168.78
57228 19970823 7 5.02
39592 19980802 1 287.16
78414 19980207 7 175.73
35894 19970812 5 349.76
24309 19970806 8 403.98
14429 19980817 5 210.62
65526 19981219 1 151.20
75410 19980713 8 484.93
58003 19970502 4 209.94
58978 19971025 10 242.26
50685 19980605 7 211.14
10064 19980128 9 111.47
30516 19981214 2 147.02
37949 19980504 9 319.09
52370 19971016 7 490.36
51636 19980425 6 181.45
27758 19970913 8 24.05
77408 19980911 2 207.65
71031 19980420 2 198.15
09890 19981228 2 15.20
20779 19971211 7 44.45
74443 19970420 12 45.40
99944 19970828 2 172.07
16558 19970416 2 15.16
60854 19981124 9 245.01
09214 19981104 2 162.39
45585 19971214 8 123.40
41705 19981006 8 275.35
94758 19981030 2 219.13
37344 19970903 7 258.04
10407 19970720 11 392.20
06129 19980406 1 73.02
18608 19970408 2 16.68
13186 19971210 7 95.45
53379 19970530 7 162.31
47330 19980322 1 119.27
88645 19980322 10 133.27
30426 19980319 9 163.26
66987 19980603 5 23.46
53520 19970219 1 435.98
79968 19980920 7 56.59
46557 19970809 10 273.79
32846 19980913 11 345.35
18393 19970406 2 224.41
96333 19970722 4 256.00
96158 19970328 8 107.34
49904 19980322 9 43.96
07348 19981122 8 193.53
04009 19970709 11 426.50
88682 19970104 5 294.55
35291 19980713 4 421.45
91761 19980106 8 428.74
46209 19970105 8 185.71
51665 19970801 9 448.33
29650 19971023 7 152.18
77068 19970127 9 11.60
82220 19970713 7 474.81
39334 19971115 5 365.39
72640 19970918 7 304.29
09379 19980628 12 438.30
26571 19970524 2 244.62
41565 19971127 5 13.82
97448 19980430 2 117.63
30072 19980704 11 240.62
52235 19970203 2 498.35
82822 19980905 7 323.79
43064 19980407 3 197.27
23801 19980910 8 310.15
78736 19971128 11 45.78
68111 19971004 3 484.37
76983 19970209 8 428.02
01519 19970126 5 484.45
54283 19970602 9 252.92
58262 19980917 10 170.26
70278 19980515 5 415.01
89605 19970524 9 307.65
60976 19980430 7 67.49
01773 19980225 11 187.25
10672 19970525 6 161.18
19536 19980626 3 242.02
22314 19980205 3 103.26
66190 19971222 2 329.41
47162 19981125 7 429.34
46855 19970209 5 21.58
70060 19971014 10 5.88
51300 19971005 4 483.95
36110 19980815 2 248.90
72554 19980606 4 176.16
05448 19970929 10 437.60
95563 19981229 9 233.69
32784 19981216 12 231.14
20439 19980120 12 490.55
67210 19970925 10 247.93
44966 19980419 11 274.30
61861 19970719 6 260.01
43203 19981207 4 213.70
31538 19980119 4 433.24
72170 19970827 7 104.01
39151 19981026 5 129.89
11083 19980814 8 485.79
42834 19980914 10 414.95
48908 19980625 5 276.32
32159 19980618 10 394.82
30103 19980512 10 477.89
04522 19971001 5 444.72
46575 19970719 6 12.41
80617 19981106 12 160.26
79049 19980114 9 13.60
50535 19970706 5 419.78
56335 19981126 2 141.19
60214 19980829 9 299.53
76756 19971115 3 53.04
45278 19970103 9 355.98
07312 19981219 3 95.28
65013 19980712 11 417.59
31272 19970417 12 299.50
14361 19971219 2 67.23
06368 19980803 2 128.25
66109 19970220 5 353.32
04408 19981008 9 84.59
85769 19971102 3 175.19
84548 19970716 2 286.15
02643 19970927 6 133.24
68419 19971226 8 330.37
69706 19971029 3 418.03
17497 19970130 8 156.89
23493 19980809 5 96.96
97828 19980601 11 288.36
00393 19971020 7 290.30
16449 19971110 3 145.52
99719 19970710 1 70.37
57832 19981227 7 200.64
19944 19981224 11 145.16
38831 19971205 4 104.98
30843 19980925 5 411.42
17564 19980211 7 349.82
39621 19970620 3 382.24
99899 19970926 11 162.86
66807 19970105 10 294.34
80245 19981007 4 134.60
54527 19980324 4 186.85
03712 19971208 10 389.16
61184 19981114 8 373.02
53620 19970720 11 339.22
89829 19970502 3 310.03
89331 19970522 8 406.29
38981 19970109 6 392.02
02285 19980413 8 480.78
02211 19980317 10 492.39
58141 19970208 5 88.51
98200 19981206 7 98.09
23735 19971113 11 351.42
55620 19971029 11 388.24
07803 19980707 4 185.23
20270 19970924 8 271.21
82771 19980602 8 473.51
29547 19981028 8 329.52
22248 19980908 5 246.61
00939 19970906 5 457.35
43922 19980811 8 421.72
27245 19970515 6 412.64
07461 19970307 11 228.93
98376 19971007 10 353.85
24113 19980919 9 470.00
93838 19970406 6 440.28
79844 19970207 8 265.89
21550 19980601 7 254.11
04048 19971020 4 278.51
92305 19970129 8 157.14
60742 19981112 6 497.63
54137 19981213 12 100.77
11877 19970119 7 430.16
44530 19970410 10 448.96
58422 19981205 11 96.82
75384 19980717 12 31.28
65334 19970101 12 55.19
75071 19980711 6 309.06
01107 19970201 9 464.09
13989 19970330 7 349.64
18479 19980816 11 390.16
96923 19970921 11 68.92
16716 19970420 2 236.16
27182 19970619 10 257.01
28402 19970713 7 324.48
16940 19980405 4 495.44
59684 19970819 7 371.77
32836 19970305 5 443.98
70883 19981028 5 108.49
71717 19980812 9 98.25
70407 19980710 4 403.65
50167 19970925 4 22.03
45381 19971204 6 187.64
05139 19981023 12 142.40
31293 19980702 4 195.20
24175 19970223 5 284.70
49238 19971016 1 287.87
55719 19980721 8 83.40
86073 19970714 8 44.70
35809 19970621 6 286.14
42269 19970802 7 18.28
77858 19981217 8 431.01
55722 19970223 2 389.24
86221 19970628 2 85.07
52079 19980518 9 25.78
91705 19970919 8 256.46
62657 19970615 5 295.42
31390 19980127 11 115.56
76296 19970724 6 69.33
75297 19981221 6 20.39
45511 19970120 8 453.59
15066 19970525 2 133.99
03500 19980311 8 325.40
32227 19970813 6 196.33
17010 19970724 2 388.29
53677 19980103 9 340.74
79130 19980628 9 264.47
85857 19970703 3 21.97
89982 19970610 8 456.62
87561 19971220 2 290.82
56260 19981026 7 203.42
25262 19980507 12 291.20
04003 19971002 3 152.00
91310 19980807 9 38.88
32864 19971201 11 48.47
89790 19971202 6 451.58
19643 19970514 8 384.87
51486 19980617 6 220.62
04311 19980706 5 89.48
29225 19981110 3 389.60
84976 19981116 12 394.64
76326 19980312 1 321.97
42323 19971023 4 480.35
04785 19981125 3 211.65
44608 19980330 1 118.99
28058 19970424 12 302.45
08444 19971215 2 168.35
13255 19980805 10 26.18
86159 19971008 9 70.41
24491 19970704 6 12.00
36359 19971013 2 262.51
47563 19971124 11 347.52
78218 19971123 10 93.68
70340 19980731 3 214.03
39672 19980930 11 134.03
07075 19980614 8 125.76
36373 19980405 2 438.98
18207 19981010 5 243.70
99411 19970705 5 468.04
33105 19980513 7 359.48
34335 19980617 7 215.03
48650 19970306 8 300.68
95112 19980812 10 133.75
01031 19980208 10 239.98
22013 19980914 6 46.25
96574 19980212 10 252.01
38438 19980130 4 327.31
54372 19970502 6 103.09
50023 19980814 10 450.17
17764 19981103 4 72.37
11887 19980922 5 205.23
10542 19980619 5 34.15
25369 19970720 11 243.48
81549 19970119 1 153.20
87072 19970530 6 265.17
16159 19970420 8 75.99
79019 19970721 7 473.16
00246 19980319 2 281.67
46024 19980805 3 346.24
15684 19980915 8 73.32
58897 19980824 4 252.71
45523 19980608 9 104.26
48951 19970101 3 447.68
24688 19981127 10 115.89
19834 19980117 12 300.06
84693 19971224 5 125.15
45717 19980119 10 297.05
95264 19980104 9 23.39
61928 19970922 10 491.34
00325 19970504 1 374.40
49739 19980709 11 232.03
13715 19970922 6 305.94
57784 19981119 9 282.11
93714 19970518 10 106.96
33251 19981121 5 387.32
89637 19980109 8 345.64
86867 19971018 6 450.07
56237 19980124 5 61.73
57056 19980130 7 326.34
22557 19970427 7 216.91
25273 19970403 6 457.35
77470 19970727 5 244.98
37077 19971113 12 393.86
94628 19970526 1 100.64
22289 19970815 9 156.40
45818 19981103 3 371.35
53536 19980912 6 7.73
24356 19980428 4 360.03
94711 19971205 11 196.20
52507 19970813 11 295.09
10851 19970411 8 129.19
71059 19970601 4 274.77
05429 19970509 12 130.73
49121 19970508 10 260.61
45808 19970226 9 36.80
81849 19970606 1 482.06
02696 19970926 9 240.20
80142 19970815 4 368.49
64096 19970109 6 124.42
09246 19971224 9 460.66
56673 19980815 7 204.94
82813 19970308 7 356.77
50308 19980818 9 162.51
27957 19980725 7 155.31
58767 19970614 11 279.55
23888 19970831 1 475.05
37037 19970403 3 154.04
85950 19971226 7 63.50
97425 19970928 2 440.53
30372 19970309 6 247.41
46645 19980918 11 495.84
76468 19970703 10 171.08
62798 19980223 6 57.91
62236 19970719 11 392.51
51331 19980121 4 428.38
09844 19981024 4 42.58
17486 19971230 11 481.79
21490 19980319 11 302.27
54155 19970817 4 91.46
77692 19980210 6 189.28
40247 19980915 12 307.54
69043 19970728 11 255.51
33003 19980403 4 309.99
35922 19981101 1 226.12
08401 19970401 8 441.01
45134 19971005 1 353.20
93698 19970702 2 401.20
40687 19970822 4 310.39
00594 19970608 9 7.90
49129 19971205 5 488.42
51039 19971113 7 37.35
70447 19980603 7 16.85
68601 19970211 7 135.86
16686 19971207 11 86.46
86657 19980523 10 154.00
91073 19970107 2 52.26
76497 19980105 6 132.60
00591 19980304 1 436.03
08546 19980805 5 303.80
80175 19970619 10 215.91
38808 19980313 10 280.62
59356 19980830 3 403.89
26745 19970224 8 192.98
27212 19970304 3 219.64
15031 19971117 5 464.70
12008 19980703 9 443.79
53826 19980301 12 191.23
21658 19970611 10 179.93
37843 19971121 1 202.81
16259 19971127 7 92.32
92778 19980913 1 279.63
34732 19980324 3 43.69
42937 19980212 6 243.97
52538 19980915 12 281.35
75609 19970627 7 317.94
66697 19970422 9 321.10
52298 19971029 8 44.35
95960 19980917 4 426.62
67399 19980321 4 185.14
31497 19980523 6 213.20
99972 19970221 1 220.94
50841 19981220 2 245.58
40617 19980720 2 321.35
68091 19970210 9 200.28
91357 19980526 6 296.11
56463 19980328 10 249.42
92958 19970902 2 145.80
29570 19970308 6 453.94
33689 19981109 11 345.24
26685 19970225 3 297.32
47237 19980819 8 154.22
09550 19970513 8 181.92
33707 19970829 12 435.65
46619 19980716 7 106.83
15788 19980427 3 219.49
68978 19980418 6 84.18
39979 19980603 1 388.33
87363 19970326 12 25.17
08500 19971209 6 410.56
42338 19970814 5 314.62
32585 19980322 7 351.77
21095 19980209 3 221.16
19746 19981024 6 104.18
65510 19970201 7 55.93
78022 19970108 5 448.82
21626 19970611 7 78.51
33289 19970208 10 247.99
22901 19971228 12 148.53
94621 19980219 6 430.95
03903 19981117 12 304.56
45398 19980103 10 382.11
39883 19981129 5 278.92
59201 19971106 8 467.40
08234 19980704 11 355.50
13694 19980616 12 154.14
23527 19970923 1 469.93
15840 19981222 7 450.46
38344 19980731 8 11.41
11958 19980317 2 101.16
78264 19970506 9 439.68
24025 19980506 1 281.88
56073 19970611 5 406.53
61433 19970528 6 16.91
22784 19981115 2 284.04
61059 19980406 1 432.39
81025 19970708 10 360.17
00140 19981231 4 177.54
51708 19980617 9 30.17
33689 19970803 8 71.61
10686 19971206 3 305.29
00721 19980108 4 335.99
26564 19970811 8 26.49
05292 19980814 5 164.85
58795 19980628 1 114.80
18075 19980915 4 308.70
32119 19971205 4 477.09
37840 19970715 8 5.09
36455 19981214 2 381.03
54477 19980322 7 274.10
19720 19970223 6 475.72
36521 19981009 2 464.55
32021 19971114 5 188.90
58276 19970826 4 181.96
71390 19971109 5 143.98
00165 19980717 5 434.17
19317 19971130 9 227.95
60709 19980929 7 23.10
60589 19980312 11 428.92
45526 19980521 8 161.48
23528 19981120 3 88.83
18054 19980718 10 469.97
22823 19970101 6 297.24
53765 19981231 7 95.61
75606 19980930 2 212.69
84841 19970212 9 190.85
47146 19970920 6 168.19
61257 19980221 8 78.83
56580 19980911 5 157.02
70445 19981219 9 57.34
41333 19970401 12 109.24
22531 19970404 7 8.30
12086 19970214 4 411.96
29764 19970307 4 227.49
05708 19970305 11 310.86
58062 19981103 5 266.48
65804 19970919 8 378.16
50492 19981205 3 113.80
96090 19970906 3 347.28
67025 19971008 7 466.31
30960 19980803 5 466.55
10921 19971016 11 156.40
23253 19970719 8 180.41
14460 19970711 2 117.62
91531 19970423 11 284.36
11711 19980206 3 74.61
19007 19980226 1 174.97
15572 19970331 2 404.16
12431 19970406 2 98.18
26661 19980831 1 462.44
41297 19970905 1 406.41
51012 19970512 9 240.21
26577 19970113 8 485.10
22108 19980128 11 36.24
95850 19981007 10 333.56
12109 19970129 4 291.28
52171 19971030 9 395.48
01407 19980809 6 271.54
23185 19980920 3 415.42
34923 19970617 5 41.44
52779 19980628 4 316.18
77235 19970729 11 366.47
16215 19981012 3 365.74
75000 19970310 7 265.04
59816 19980124 6 163.30
39617 19971105 3 62.04
84584 19970531 12 10.89
24612 19980702 9 233.15
37758 19980821 8 138.00
02804 19970408 10 317.93
94597 19970831 10 314.56
72831 19970728 7 64.05
62603 19980825 1 484.26
35414 19980926 7 361.81
22245 19970314 9 133.11
04902 19981102 8 169.95
14937 19970808 11 492.01
30324 19980206 9 191.68
41537 19970920 12 464.11
76658 19981015 3 421.31
82942 19980117 3 377.98
58889 19970713 1 60.77
50913 19980318 1 318.63
43066 19970204 8 449.32
58364 19981118 12 100.38
60126 19971222 8 272.71
13428 19981108 11 435.49
92131 19981029 4 140.12
41796 19970303 6 243.15
15292 19970830 10 291.13
80169 19981024 9 36.72
03738 19980910 7 366.05
62408 19980804 8 252.28
30924 19970903 8 85.73
64750 19980606 4 437.93
70822 19970824 4 403.10
93959 19971227 11 440.72
39918 19970630 2 46.26
14304 19980824 1 94.36
73170 19970208 10 310.02
00459 19981225 4 248.98
54002 19980811 4 429.28
98189 19970813 4 302.15
49386 19981209 7 229.82
87416 19970318 7 175.10
22602 19981204 8 26.90
45695 19971227 10 225.06
17407 19980315 11 272.74
54020 19971028 4 263.36
00548 19971230 3 355.37
82469 19980101 6 111.83
32098 19971003 10 451.70
58346 19970329 6 372.48
06836 19971024 10 218.46
47848 19970530 12 82.77
48119 19981224 3 473.56
74237 19980928 1 380.75
35064 19980323 12 64.78
56289 19980125 5 483.36
87105 19981202 7 391.14