08716 19980714 5 100.82
49108 19980606 6 82.35
90295 19970616 1 203.44
81280 19980406 3 210.12
56744 19970202 2 204.25
56986 19970112 1 18.65
83031 19981123 8 35.74
99335 19971116 4 43.30
29846 19970630 2 24.98
64822 19980215 5 211.36
50483 19980801 6 6.95
64620 19970312 2 67.64
89453 19980918 4 196.49
21866 19970329 9 190.92
62618 19970504 3 145.15
91289 19970415 4 51.04
43171 19980425 4 11.86
37464 19970222 8 178.55
27660 19970715 1 47.02
00378 19971228 3 81.66
31067 19970110 2 20.94
59734 19980923 3 110.07
15576 19970530 7 38.89
78863 19980808 8 119.61
22779 19970330 4 11.79
10643 19980324 4 101.99
83732 19970408 5 134.25
90334 19980221 8 123.77
52925 19970817 5 221.79
63212 19981227 1 191.94
90632 19970927 3 83.53
15055 19971004 2 243.02
36910 19970720 2 23.77
06178 19970828 5 91.07
02355 19970502 7 239.91
33459 19970619 6 39.69
28478 19970513 2 200.98
03381 19970714 4 180.29
22564 19970316 5 221.42
55980 19971023 7 125.80
15489 19970619 6 171.72
03205 19981123 9 231.32
73723 19970305 4 143.83
87589 19970629 7 236.55
13609 19970428 7 24.37
03518 19970811 4 207.98
55593 19970702 9 191.12
03154 19981112 2 147.14
47796 19970506 4 148.79
16632 19970707 1 188.22
89011 19970522 2 203.31
84030 19970826 5 33.14
79016 19970509 7 223.78
26648 19970615 2 208.05
92868 19981211 9 53.79
16622 19970406 7 78.28
40621 19981228 6 175.64
23889 19971217 5 73.69
02531 19970218 2 5.15
66932 19981103 6 178.26
22159 19981106 1 51.17
62510 19970228 9 11.90
86559 19980102 5 64.98
05950 19970408 7 238.79
61704 19981214 3 181.25
47427 19970924 1 214.73
08184 19970815 2 106.59
51557 19970327 7 245.94
50225 19971231 8 46.02
02546 19970512 2 151.84
11763 19980411 9 29.93
23481 19981029 2 240.90
32203 19980105 1 239.98
71006 19970727 4 195.81
24200 19980202 8 79.66
36992 19970128 6 182.95
45000 19970428 8 195.03
97854 19970613 2 230.06
96392 19980522 3 157.39
56048 19981021 8 211.31
22096 19971203 5 117.95
30531 19970713 6 42.00
10076 19980109 7 107.77
09350 19970824 8 135.99
18516 19980716 9 127.27
82698 19980314 9 20.75
35590 19971030 9 8.97
41159 19970812 4 157.67
49394 19970325 6 48.74
57942 19981028 6 183.53
62999 19970514 9 242.79
36022 19970203 1 195.93
25261 19970201 8 66.27
49874 19980125 4 139.44
95675 19970806 3 151.12
72982 19980430 9 227.46
64153 19980726 7 22.90
71465 19980614 8 92.71
01238 19981001 1 219.15
78828 19970919 5 221.43
08858 19980105 9 228.29
84292 19980420 2 24.33
48125 19970430 5 147.78
73834 19970403 9 154.42
50172 19980116 2 204.87
46367 19980319 1 172.30
82844 19970918 9 202.72
52997 19970224 8 176.41
87413 19970715 1 73.70
03951 19980522 1 189.42
12639 19981216 8 218.87
11112 19970516 2 18.04
38238 19970421 9 238.60
01375 19981225 7 89.02
22978 19981117 3 81.46
99479 19981014 7 90.75
23369 19981222 7 146.97
60859 19980524 3 195.95
03580 19970109 3 26.69
50416 19970630 3 152.77
48188 19980807 2 141.16
24738 19980204 1 39.63
59830 19980218 1 192.30
88870 19980709 5 175.52
24060 19980807 8 10.83
80231 19970226 3 22.37
02353 19971126 5 89.80
85696 19971229 5 164.59
94173 19980220 5 39.08
47405 19980623 7 25.80
53968 19970323 8 135.92
35172 19980313 5 55.72
94618 19980321 6 78.43
59226 19970730 4 161.85
04309 19980308 9 233.43
73939 19980617 3 235.39
45633 19971111 6 28.24
15576 19980109 1 59.84
46994 19980708 4 220.22
45709 19980916 3 49.86
34244 19980324 2 11.32
21308 19980704 2 211.47
23605 19971219 9 144.73
34940 19970817 7 110.40
47103 19981116 6 247.51
27639 19980902 5 133.98
55510 19980309 2 210.81
33100 19980809 9 80.84
49076 19980517 7 245.22
61548 19980222 4 214.76
87046 19980519 3 147.69
34841 19980803 8 166.47
26476 19980822 8 151.42
26277 19980707 7 140.08
46889 19980110 2 126.65
79589 19970408 4 50.76
15564 19970716 9 173.83
16791 19980611 8 169.67
05033 19970823 6 196.32
37794 19980401 3 166.65
79570 19980121 1 181.15
49399 19970925 8 121.65
56477 19980713 3 189.68
80176 19980518 3 78.58
24918 19980727 5 22.48
28984 19981223 9 44.58
84426 19980928 8 140.27
54222 19970129 3 83.19
95637 19970707 9 209.58
47884 19970830 8 182.75
91368 19970821 3 28.18
69189 19970723 3 141.22
17583 19971103 8 233.66
85517 19980731 5 123.89
76177 19970831 8 127.58
84083 19970710 8 157.86
42091 19970914 7 98.08
38320 19980905 9 233.84
05466 19970325 3 196.05
85783 19970319 5 37.53
88966 19980115 6 45.48
68580 19981203 3 113.42
71716 19980714 6 46.67
78719 19981227 6 181.29
34597 19981009 1 185.70
90349 19980128 6 100.98
34605 19970203 3 138.50
20535 19970401 5 169.44
68630 19980904 6 33.39
50068 19980309 3 224.21
63998 19970303 1 45.59
08159 19970918 2 8.69
94331 19970402 3 70.19
70971 19980909 4 234.55
13095 19980927 4 48.71
33453 19971113 9 212.26
86107 19970906 6 8.37
60522 19970513 5 64.96
03036 19980703 9 130.68
41928 19971126 6 155.81
61632 19980125 4 9.70
54111 19971231 8 87.08
04223 19971221 5 133.64
72399 19971217 8 174.07
29793 19980525 4 227.53
83846 19971113 7 188.20
80536 19981001 1 192.85
86420 19970208 2 209.92
53725 19971203 7 75.67
92324 19980319 1 246.79
54829 19981124 6 81.01
73797 19980714 1 125.94
78218 19970730 1 163.38
54836 19970721 9 137.92
41925 19970808 7 136.13
62915 19970528 6 160.39
55280 19970505 8 150.03
68088 19970127 4 214.11
23796 19980614 9 63.84
70844 19981202 8 206.66
14923 19971006 7 116.21
46203 19970804 7 117.47
34684 19980107 3 58.95
76558 19970315 3 43.94
67181 19980424 3 97.29
40996 19970301 9 82.88
62772 19980325 2 99.12
52051 19971112 8 21.66
06010 19981201 2 110.20
96982 19980103 5 204.47
66366 19970702 9 126.45
36236 19971107 6 50.12
58090 19971218 4 100.98
23095 19971019 5 39.81
81369 19971224 8 137.55
77141 19970509 5 205.49
53459 19970509 3 22.73
56119 19981125 8 113.75
82213 19980918 4 184.57
52738 19980129 5 241.34
30754 19971115 4 93.60
67242 19970707 2 71.19
79450 19980928 6 17.30
46409 19970116 5 21.49
25282 19971226 1 101.67
33893 19970723 3 149.03
41603 19980314 4 133.85
50559 19980823 5 90.88
90808 19971022 4 13.97
77858 19981217 4 214.36
12305 19970909 9 187.52
58576 19970808 9 140.85
09759 19971007 3 160.51
70292 19970923 5 121.98
22546 19980430 1 239.27
08288 19970305 1 174.95
39428 19970511 7 119.15
08523 19970825 4 190.00
05447 19970526 9 212.24
92805 19970101 4 244.57
67038 19980510 6 22.96
26089 19981002 3 148.93
09080 19980225 6 71.10
41017 19981105 3 54.86
74304 19980619 3 216.26
33201 19971009 1 238.36
06964 19981008 8 233.67
71014 19971118 8 142.40
81688 19971230 3 48.73
61098 19970913 2 71.36
59308 19970816 2 55.92
61042 19970213 6 7.19
70000 19971026 6 172.63
73954 19971205 9 22.54
83141 19970306 1 18.84
76511 19980319 1 10.12
25221 19970716 9 17.79
51251 19970625 7 50.41
22835 19970513 2 17.87
35995 19970223 2 44.36
54150 19971230 1 192.67
17572 19980507 1 23.51
08746 19980329 6 29.25
77790 19981211 8 191.43
23037 19980520 9 54.72
18243 19981115 9 166.28
72061 19981217 6 209.29
78639 19971114 5 213.99
49763 19970404 9 41.14
78130 19980520 1 193.43
50184 19980406 8 94.82
60230 19980225 2 249.76
70152 19970620 1 174.67
42445 19980724 7 220.38
30402 19980220 3 129.69
86378 19970303 5 192.32
32817 19980202 5 48.81
15759 19971006 2 94.76
80194 19981216 1 169.11
61635 19971202 4 50.50
78406 19970112 6 170.73
85926 19970120 8 134.39
19032 19980302 6 189.83
50972 19970716 8 36.58
78079 19980421 4 229.40
40499 19971031 6 186.97
28610 19980218 3 113.50
25916 19980418 6 122.83
60278 19971129 7 242.06
56245 19981114 8 56.04
93232 19971003 1 66.18
64063 19970718 6 100.84
53809 19970811 2 46.62
08124 19980128 6 67.02
84585 19971216 5 240.06
79483 19981107 1 56.67
10065 19970805 4 147.38
11167 19980817 1 209.78
38426 19971030 9 134.01
16103 19980720 5 229.71
12678 19980327 5 25.02
08345 19970719 8 237.76
40146 19980815 8 179.56
48642 19970803 2 174.96
80898 19970105 6 36.46
86497 19970720 6 40.91
28176 19970525 5 211.14
35403 19970621 5 151.64
52127 19971002 6 161.56
69414 19970918 3 219.60
18037 19971005 1 238.27
83745 19971205 6 180.17
88606 19971206 3 117.28
27129 19970701 3 44.07
65030 19980321 1 38.76
78699 19980607 8 48.30
74930 19970102 8 50.69
97041 19981119 2 173.39
59729 19970223 7 68.33
19752 19981202 3 139.19
65906 19970509 9 162.89
65321 19970922 5 80.89
99398 19980225 7 199.69
33743 19970910 5 159.95
49249 19970521 3 208.59
02133 19980325 5 78.48
71049 19970614 8 206.16
45463 19980220 2 108.39
36447 19980706 2 147.74
04698 19971220 5 160.57
00493 19970809 1 81.15
16995 19970816 9 124.62
99215 19980206 1 209.75
88887 19980201 5 191.26
54565 19980522 6 122.50
36361 19970112 9 108.47
92629 19980303 9 247.44
45198 19980209 2 87.29
15855 19981001 4 236.86
21711 19981005 6 126.95
43902 19970625 7 208.22
30354 19980202 6 221.13
16412 19980203 5 54.55
90857 19980127 5 218.41
30067 19970411 8 97.58
51839 19971014 5 149.24
66100 19970114 5 110.15
23802 19980723 9 196.21
87619 19970722 9 169.59
45737 19980331 9 226.21
69497 19970619 3 93.77
84786 19980218 5 154.83
62209 19971220 3 123.74
21424 19981211 1 228.39
54869 19981210 4 78.12
79313 19980401 2 31.56
99402 19981207 6 122.88
41694 19981024 2 94.37
06120 19970627 5 167.65
43553 19970615 1 129.70
15396 19981025 9 16.48
81229 19971212 5 100.25
23741 19981001 1 11.23
48136 19980319 2 132.19
38446 19980123 4 150.79
24477 19970422 5 114.20
95729 19981103 6 129.22
90488 19970705 5 225.65
78996 19980207 8 181.84
08076 19970117 2 80.18
40039 19970518 7 131.88
06121 19970420 5 128.04
57287 19970529 1 29.77
62165 19971218 9 67.89
16693 19970724 4 200.01
28172 19970323 8 79.39
38442 19971229 1 165.63
03522 19981002 8 141.24
11438 19980201 9 152.61
89585 19981207 8 109.82
91629 19980424 5 125.15
59797 19971004 4 30.07
10097 19980104 8 176.86
09256 19980828 1 42.97
07420 19970207 3 52.15
56127 19970215 4 7.88
94006 19980216 3 20.30
99664 19970606 6 131.09
24570 19970108 7 52.83
55090 19970909 5 180.79
27395 19981021 3 23.27
37727 19970520 2 116.88
35331 19970613 1 59.37
01959 19980814 1 244.52
88516 19980115 9 22.49
26808 19970807 6 204.15
33044 19980618 2 95.51
05593 19981007 8 110.52
89963 19980117 5 211.40
04010 19980409 3 46.42
08063 19980506 2 248.22
57674 19980624 6 21.99
90020 19970302 6 20.67
54984 19971125 2 136.19
73621 19970120 7 119.41
09834 19970527 4 176.86
60886 19970603 6 220.95
78931 19980824 5 17.05
89690 19970616 8 236.10
32661 19970513 1 26.72
31482 19980511 7 131.39
65351 19971026 9 106.82
76740 19980716 1 44.58
29202 19970526 9 205.84
30528 19970328 2 127.69
22979 19980902 6 111.67
50350 19980123 2 120.41
05815 19980517 4 193.93
02444 19980318 8 193.54
40699 19970419 1 234.55
12961 19980526 6 139.60
94207 19980307 4 12.18
81801 19971228 8 236.73
69562 19971226 2 228.74
40436 19980603 7 173.11
40372 19970305 4 199.53
40998 19981105 6 101.86
77059 19971027 9 155.16
24408 19981116 2 60.08
66605 19971205 6 217.84
03235 19980919 1 11.44
15602 19981215 4 39.24
99140 19970617 1 57.23
07317 19980809 3 52.45
91164 19970416 6 21.79
83773 19970224 8 112.86
87005 19981216 4 113.06
48264 19970620 7 41.01
98279 19971206 2 124.04
46791 19971126 2 176.23
14324 19981129 2 92.64
79691 19970902 2 171.19
59839 19981021 5 77.05
47928 19981127 8 193.93
08986 19971118 2 70.96
12428 19971223 4 54.11
93280 19970116 2 167.35
91464 19971201 8 164.71
75825 19970329 5 33.62
97983 19981112 4 207.77
06298 19980217 9 77.64
91406 19980327 5 22.04
68920 19980723 9 126.73
41562 19970322 6 106.74
70477 19980426 4 75.78
69882 19980908 7 78.09
16678 19970823 5 238.83
83576 19970118 1 92.23
87442 19971104 3 116.66
21398 19970309 7 74.10
43759 19970425 5 235.19
09410 19970320 4 226.78
21303 19970107 4 240.45
95895 19970901 5 8.21
33496 19981023 5 119.96
25957 19980615 1 32.71
86516 19971113 4 85.77
29896 19970711 5 99.44
28944 19971228 9 95.12
04609 19970313 1 142.76
43582 19980428 3 212.83
88125 19970328 9 190.50
76554 19970102 1 181.25
26288 19980423 8 118.25
47778 19980528 3 171.26
24822 19971027 2 78.09
90693 19981123 4 79.78
93081 19980129 7 145.84
75558 19971226 7 67.47
67424 19970916 4 239.21
39062 19980706 6 11.88
73397 19980730 7 249.74
91251 19980627 2 165.30
65829 19980929 5 52.22
86272 19980309 5 44.97
99975 19980116 2 72.97
22924 19980110 1 65.78
99053 19980923 3 224.13
73666 19971101 8 210.61
68996 19981120 2 62.70
48996 19981217 7 24.63
06225 19980329 6 228.98
43029 19971026 7 167.15
46138 19971207 4 203.17
05732 19980608 5 102.71
63648 19980613 2 243.94
41417 19970630 6 245.81
93764 19970430 2 167.23
46784 19970112 8 117.02
79777 19980201 3 79.87
85330 19980914 1 156.68
88162 19971006 8 215.62
96310 19980427 4 75.62
99832 19980102 2 11.78
45207 19980720 3 113.32
81313 19971211 9 232.47
36580 19970905 3 61.29
53761 19981031 8 129.63
90979 19981226 3 123.51
73861 19980618 3 168.09
95592 19970215 1 163.39
27285 19970429 1 142.23
98767 19970326 4 69.10
11051 19971209 5 103.60
13450 19970701 8 16.79
94544 19980209 1 109.30
95245 19980628 3 111.01
00376 19970529 3 157.72
95344 19980101 9 143.20
49029 19980806 6 65.54
74306 19971127 8 99.13
02800 19980629 1 199.15
67497 19971007 4 16.48
06992 19980817 6 48.37
37198 19980807 5 68.97
97145 19980805 2 201.95
41726 19971026 5 222.83
28184 19970919 7 86.21
48388 19970324 6 244.50
20526 19980618 8 171.44
76165 19980330 9 56.41
69029 19970108 2 173.90
44442 19980510 4 52.70
28832 19981101 5 78.45
77821 19980515 4 121.06
94083 19970907 8 50.93
22126 19980813 5 23.20
60828 19970102 2 186.97
51113 19980109 6 12.39
90916 19970123 7 129.29
14575 19980526 9 143.30
62168 19981127 8 84.39
15891 19980328 5 100.67
20770 19970410 1 135.47
82134 19970409 2 156.23
09322 19980614 6 24.62
11668 19971019 5 230.95
07163 19970718 5 137.01
15154 19981220 2 90.89
49129 19980706 5 140.47
82492 19980704 5 244.82
08146 19980821 4 89.86
32729 19980713 7 236.67
92269 19970910 4 72.53
60504 19981027 9 247.17
40995 19980113 3 238.29
95147 19980422 5 108.68
10804 19980925 3 231.04
10931 19980112 2 200.47
31610 19970929 2 193.26
99281 19971030 7 222.88
90827 19970429 1 214.07
14706 19970925 4 66.47
59324 19980704 1 41.47
68742 19971010 9 195.30
20548 19971113 9 54.35
24985 19970802 2 97.20
85721 19971219 1 54.53
02585 19971013 2 47.18
17029 19971003 2 195.10
59452 19971010 9 54.21
24084 19981205 4 174.08
11220 19980714 8 243.99
82716 19970718 1 152.63
03721 19970910 8 117.69
03941 19980211 8 86.90
81121 19971003 5 87.98
22018 19970404 2 197.67
58990 19971228 9 219.33
58235 19971201 6 72.11
17897 19980718 9 245.03
91657 19970118 1 66.41
78245 19980226 8 240.32
69740 19980706 5 149.72
78526 19980420 7 116.19
53789 19980219 8 146.64
52263 19980511 5 53.84
95384 19971221 3 65.89
35801 19970625 8 165.06
96989 19980216 5 247.62
64969 19971117 9 169.02
11132 19981208 4 199.50
25709 19980905 3 230.42
47969 19970612 3 82.09
39343 19980531 2 156.22
25281 19981127 1 12.32
55017 19981020 2 122.83
10754 19980621 2 143.53
39046 19981229 1 54.30
01138 19981019 6 54.27
07811 19980212 5 57.19
30834 19980927 2 62.90
80167 19970424 3 179.41
91352 19970927 5 170.44
40873 19981221 3 87.85
16529 19970525 5 31.58
82035 19980605 1 219.87
52307 19980912 7 176.03
05686 19971117 1 36.14
40658 19970105 7 224.33
37105 19970822 7 6.12
44913 19981123 5 36.41
75005 19980318 3 229.10
34996 19981123 6 181.57
10112 19980930 5 5.51
41408 19980711 5 234.42
49940 19981212 3 53.47
41501 19971126 7 237.61
42423 19980526 7 21.78
60974 19970131 7 132.97
03837 19971221 1 22.91
98435 19980621 6 148.15
76617 19970612 8 57.36
61779 19980929 2 12.68
69915 19971124 9 31.99
52783 19970907 4 244.73
08491 19980630 9 118.49
95574 19980121 1 63.30
07527 19971219 3 64.12
14102 19970308 7 81.05
89413 19980726 6 193.50
89372 19970112 7 75.11
47943 19980205 8 28.79
33355 19981211 5 205.34
88932 19971106 4 179.84
84240 19981113 1 75.18
87001 19971110 4 63.16
86747 19970526 7 108.40
83089 19970303 3 127.62
62365 19980927 6 196.48
92677 19971205 4 195.52
01819 19970118 3 149.66
26201 19981119 2 129.38
21486 19970111 2 15.22
43667 19970127 4 213.47
25267 19980103 4 25.90
16926 19970915 9 48.70
73507 19980119 7 31.25
56614 19980426 3 134.36
81670 19981109 2 29.11
42104 19980222 3 247.79
88306 19970719 3 220.84
09520 19970705 4 5.10
36274 19980610 1 184.99
01170 19980331 2 247.55
51287 19980624 8 23.25
60703 19981011 4 6.36
76068 19970422 6 35.37
75804 19970812 4 20.60
57825 19970323 9 65.96
75713 19970124 6 67.26
35428 19981021 5 6.44
70072 19980613 9 178.47
32254 19970702 7 70.57
13228 19971011 4 241.39
90686 19980619 8 220.62
46550 19971215 5 146.49
79478 19970816 2 18.08
81736 19970730 9 7.78
71521 19970615 1 130.11
17370 19970823 9 87.33
06918 19970704 7 105.97
79437 19980514 2 54.82
42692 19971106 6 116.13
11877 19980606 9 40.23
57010 19970516 7 132.44
11297 19970705 9 97.66
09832 19980131 1 163.65
04069 19980307 1 45.48
15689 19970327 4 25.55
32635 19970716 7 244.73
50287 19981002 7 46.07
55349 19970414 4 241.52
21644 19981216 9 234.95
14830 19980226 1 21.74
31192 19971209 6 64.73
45980 19980511 7 44.83
84068 19980624 5 233.56
02256 19981120 3 130.49
96422 19980410 2 149.08
23590 19971126 4 107.24
01402 19980307 4 180.93
02582 19971023 3 44.89
76236 19970302 9 213.17
54954 19980919 3 47.83
69346 19970401 4 141.04
31209 19970707 5 189.79
49737 19970211 4 122.86
58013 19981012 5 60.69
33609 19980930 3 16.84
48141 19980304 9 210.57
05885 19980530 7 239.26
19059 19980410 4 131.67
15169 19971025 9 240.07
33533 19970828 7 48.20
54203 19981008 3 168.05
68654 19980106 8 44.06
80850 19971031 9 233.49
60630 19980409 3 108.21
46341 19970808 5 232.44
39965 19970526 3 34.93
76933 19981015 4 84.36
05750 19980727 7 213.69
09133 19970708 5 173.14
30708 19980618 6 200.99
12724 19980923 7 223.55
23452 19980318 5 104.61
67705 19970204 5 116.41
31050 19970708 9 133.22
09360 19970125 8 101.65
94237 19970703 4 156.95
80056 19980514 2 198.92
93428 19970505 5 110.10
51224 19980603 4 107.76
43669 19970310 6 66.87
15308 19980520 8 90.16
49498 19970713 5 130.81
78334 19981203 1 146.67
29087 19970308 5 141.34
78472 19970608 5 96.49
67973 19970226 7 174.18
84014 19981029 6 103.20
90147 19970114 6 169.78
36111 19970116 6 119.52
23691 19970417 2 150.88
34217 19970604 2 51.42
99247 19970621 8 163.51
83756 19971023 4 180.65
17214 19980530 4 211.95
64297 19971019 6 53.22
58268 19970420 5 194.90
09881 19980618 7 55.29
07904 19970308 3 189.93
46744 19971128 3 208.42
55713 19980505 3 89.42
52773 19970507 3 27.83
65403 19980813 9 49.85
96992 19970307 3 82.91
49109 19971205 2 134.48
52314 19980813 4 146.76
41708 19971218 8 43.20
54812 19970526 7 43.15
89388 19971231 3 195.55
94900 19971208 9 89.78
69384 19981018 8 162.27
34238 19971214 5 104.88
61884 19971227 5 243.70
57170 19970110 2 15.11
90509 19970412 4 59.61
65392 19980413 4 149.97
06063 19980206 5 47.26
09805 19970521 3 199.74
61750 19970612 8 109.70
60332 19970714 8 118.94
95507 19980501 4 67.98
27413 19970331 9 32.16
04650 19970928 9 139.74
01102 19971221 5 193.99
40327 19971117 5 111.60
11173 19971101 8 163.44
68502 19970817 1 25.67
18496 19980331 8 204.88
63609 19971005 9 176.92
70122 19970205 2 203.09
88356 19970528 6 164.53
54568 19970105 4 10.90
87390 19970529 8 71.96
94784 19971102 9 199.16
63469 19970216 2 189.00
57736 19980302 4 157.08
08541 19970313 8 209.54
68817 19980518 2 135.80
33534 19970330 1 80.61
87034 19970619 2 210.23
96047 19981223 7 186.02
84023 19980602 9 100.29
46599 19970125 6 201.20
65257 19980904 5 98.08
72018 19980113 8 188.80
99831 19980322 3 228.49
73795 19971221 4 221.67
96629 19981026 5 60.46
81635 19980205 8 163.79
73924 19970403 1 120.83
81842 19980528 5 177.71
43296 19980929 8 124.15
21729 19970722 3 221.49
33544 19980526 5 97.36
07516 19980521 8 68.89
22632 19970103 2 75.72
81991 19980426 7 106.85
58915 19980228 9 18.48
25149 19981001 4 54.37
44354 19980417 9 73.31
28938 19980417 1 71.03
44773 19981130 4 56.20
40945 19980717 7 165.00
90678 19981125 3 227.12
29362 19970212 2 184.32
61154 19980209 9 172.75
75811 19980824 9 25.75
53121 19981230 6 68.59
88558 19970505 4 236.60
10119 19980903 8 54.67
38011 19980531 5 201.53
18272 19980914 6 243.12
15257 19981109 7 183.31
35402 19980105 9 70.85
97709 19970428 8 113.43
05688 19980419 8 21.29
48617 19970101 3 70.23
18618 19980220 2 151.43
97153 19970716 9 109.83
80109 19970803 4 75.79
99823 19970410 2 79.56
48382 19980905 7 132.84
66154 19980322 1 69.58
47309 19981211 6 5.44
48359 19970325 3 199.57
33407 19970613 1 205.79
02574 19970627 5 56.82
54100 19970827 8 53.94
03380 19971104 4 234.94
96884 19980929 2 128.10
02736 19970112 9 23.84
86807 19981227 8 75.63
42028 19980701 1 233.80
63678 19981004 2 71.52
85548 19970906 1 234.36
61913 19980123 6 205.38
22763 19980331 5 199.87
77586 19970917 4 198.42
08564 19970813 4 40.95
84410 19970307 5 172.21
05842 19980301 7 192.73
83171 19970912 2 248.45
36978 19971113 8 152.78
80299 19970815 7 118.72
61643 19970602 2 149.67
27405 19980531 1 239.26
19384 19980702 8 228.87
04740 19980511 9 81.77
48571 19980616 3 97.65
07316 19981204 2 200.94
63826 19970213 5 18.44
63891 19970729 8 189.23
72083 19971019 6 41.00
75112 19970222 2 65.24
54254 19970729 6 107.87
49869 19970501 2 49.81
43321 19970710 8 223.24
40600 19981027 1 214.30
53265 19970721 4 236.97
86918 19990101 7 71.13
10782 19971011 7 222.02
30467 19981118 6 111.93
39629 19970606 4 119.86
57820 19981220 8 187.09
06213 19980511 4 94.90
68128 19981130 8 114.82
23335 19980610 7 208.56
45516 19980210 1 178.73
46731 19971018 9 186.46
45114 19970422 3 15.17
03250 19980413 5 129.19
27614 19981202 5 127.99
98759 19981024 1 43.36
46277 19980111 2 74.30
50520 19980707 2 229.32
77580 19970217 1 175.39
72877 19970522 9 29.02
17341 19970504 5 197.06
43852 19981031 3 94.30
53625 19980722 9 23.09
36731 19980711 8 83.42
64138 19980711 9 172.06
30415 19970104 7 54.73
40104 19980726 7 204.62
41443 19990101 7 149.13
81342 19980827 5 218.32
71474 19980716 1 165.57
13084 19980927 3 34.06
76018 19971215 9 121.97
50941 19971103 7 17.56
18957 19970523 8 96.90
29549 19971008 5 212.81
31938 19970319 1 247.07
56945 19970820 5 196.80
91501 19970702 7 186.21
89580 19970316 7 115.75
59030 19970322 6 215.89
13808 19970124 6 77.91
08178 19980512 5 152.61
92742 19981020 6 55.35
68226 19980313 9 110.65
47578 19980612 2 90.19
01146 19971016 2 70.88
53619 19970914 9 122.84
81567 19981218 9 224.92
57300 19980809 8 129.00
15570 19970505 7 11.76
10262 19980816 8 220.05
61009 19980307 6 183.90
69659 19970421 6 94.46
94450 19971012 8 209.85
30816 19970325 1 165.97
28576 19981107 5 159.36
01491 19970622 8 239.65
30118 19980401 1 82.22
03509 19970625 6 216.43
66586 19980321 5 45.35
50276 19971229 1 191.69
55842 19971211 6 5.00
44952 19980822 9 94.14
09117 19970613 9 147.31
69290 19980326 2 52.96
23663 19970913 6 16.10
27579 19980106 5 123.00
41553 19970405 8 73.71
81209 19970214 6 75.74
21817 19980819 2 19.85
28255 19970702 4 174.60
43337 19971119 9 215.13
78506 19981105 1 92.81
26607 19970629 5 122.17
14032 19970102 5 205.86
69581 19971115 2 226.61
90050 19980819 1 249.44
43579 19980213 8 204.19
37455 19981120 6 90.00
95151 19981204 4 83.24
94667 19980705 5 138.54
12000 19980629 8 25.06
39285 19970906 4 83.43
38980 19970507 3 219.30
92772 19980831 3 124.41
15215 19980403 5 85.94
00307 19981010 1 212.04
98425 19980816 3 96.90
03183 19980916 1 246.52
11215 19981217 3 61.48
66903 19971028 5 156.34
83327 19971231 4 169.36
23177 19970602 4 136.01
76231 19980220 2 190.01
16650 19971122 1 206.71
50146 19980312 5 190.95
24597 19970127 4 45.97
45864 19970110 4 219.62
63260 19970430 2 8.97
11160 19970808 8 119.64
37703 19981218 2 29.80
22892 19980306 3 210.15
33371 19981019 9 111.56
72891 19981102 3 153.63
96532 19980926 5 74.83
46582 19970228 2 204.05
88330 19980919 4 53.24
06798 19970402 6 32.44
86047 19980120 1 217.56
29702 19981031 8 104.26
95636 19981218 4 137.39
25716 19971129 2 45.40
41438 19981001 7 67.92
33683 19971226 6 84.92
68932 19980705 6 10.14
49415 19970902 7 157.98
04118 19981003 3 138.45
28043 19971020 3 158.44
00853 19970301 4 61.05
46767 19980417 1 212.99
54676 19981118 5 95.92
63042 19980124 1 36.43
07639 19970407 2 119.40
69891 19980927 2 86.97
69418 19970412 2 193.02
32377 19970506 8 16.34
27315 19980226 8 53.18
18927 19980410 4 219.08
32103 19980124 5 125.60
34812 19980202 6 236.77
60632 19970725 7 195.20
82161 19970712 5 91.25
05201 19980113 1 114.61
16972 19980817 5 203.40
52171 19971122 1 41.14
73301 19980323 3 35.53
43627 19980908 8 122.49
43248 19981203 2 13.05
05688 19980611 9 22.82
89694 19970129 2 222.82
19566 19970312 7 153.76
92258 19970201 7 248.60
22756 19971020 3 165.08
48698 19970118 9 105.69
04298 19970601 4 100.18
02931 19970611 1 10.84
95411 19970308 8 129.38
90921 19980830 7 150.28
62964 19981118 6 6.91
20116 19980417 2 245.65
51641 19970427 8 70.85
50103 19971001 4 154.46
28695 19981011 9 160.42
40345 19971112 1 23.05
74897 19980829 7 9.32
36995 19970902 5 173.19
80999 19971228 1 51.35
43781 19981215 7 88.80
56455 19980716 1 237.41
29934 19970319 4 197.70
61831 19980409 7 84.53
11100 19980501 4 32.01
39364 19971211 6 108.31
67985 19980107 6 18.65
47651 19971221 7 17.37
18260 19980922 7 189.17
97150 19970322 8 190.29
33631 19971014 4 217.63
96456 19970312 5 132.16
05002 19980628 6 112.94
93559 19981106 8 28.51
44953 19981005 4 163.90
45477 19980922 9 149.56
00158 19970130 1 193.84
01255 19970924 6 92.08
46528 19981217 7 170.33
98742 19980314 4 216.98
08143 19980228 7 150.31
77017 19970210 9 190.69
61546 19980329 4 225.61
15915 19980329 9 189.55
39138 19970110 9 149.66
96170 19971126 6 137.09
84333 19970709 2 174.09
02229 19981203 6 145.78
01432 19970612 1 48.83
12589 19971021 1 111.57
17926 19971215 5 176.75
78660 19970312 6 140.90
12309 19970329 3 131.08
94189 19981028 1 86.74
96492 19980605 9 107.63
49885 19980809 3 63.37
10234 19971123 4 7.87
15942 19980802 2 100.64
70127 19980115 3 112.15
28370 19980221 7 133.01
36602 19980124 3 21.30
59805 19980526 2 228.66
51353 19971210 1 175.39
91211 19970714 7 196.58
64839 19980714 1 80.29
05331 19970422 8 37.84
65094 19981112 1 57.10
61025 19980222 9 212.18
17923 19980209 9 65.61
40572 19971205 7 33.45
64687 19980527 2 247.04
34199 19980626 7 236.26
93394 19980312 3 57.79
22674 19980728 1 177.64
92345 19981122 7 229.79
80954 19970307 3 35.70
89261 19980218 6 81.84
82915 19970605 4 105.79
39865 19970402 2 8.02
46097 19970317 1 72.25
57757 19971221 7 103.83
56914 19970407 1 214.40
97733 19971027 4 159.93
46944 19970705 1 205.39
09409 19970128 5 224.54
18670 19980427 1 105.80
60283 19971220 9 92.89
46991 19970724 9 121.97
37847 19981023 1 239.61
91416 19970726 3 60.98
53015 19980927 5 49.87
18008 19980407 9 128.18
68553 19980709 7 144.49
89431 19970524 5 235.47
05694 19970125 3 93.63
72576 19970815 2 206.25
01440 19970214 1 231.66
10468 19980429 9 219.76
98311 19971030 7 147.74
71314 19980627 9 244.75
40978 19970423 7 116.79
58713 19971005 8 119.15
39597 19970204 1 244.23
01321 19981217 7 9.35
14847 19981206 7 22.69
37938 19971117 8 122.24
45012 19970821 5 29.65
06138 19980524 6 91.99
04653 19980302 3 37.34
75738 19970911 1 208.72
91342 19970713 9 139.23
20799 19980926 5 185.93
72692 19980801 7 209.14
78476 19970702 5 216.76
24770 19971225 1 234.38
47450 19971226 9 19.26
56168 19980517 5 151.55
42352 19980306 8 117.55
11785 19970424 9 154.50
86777 19971204 7 59.50
10833 19980408 5 217.88
55963 19970305 2 237.16
78472 19970420 7 7.70
56286 19981019 1 51.69
70157 19971202 3 74.25
92172 19980212 9 183.86
62548 19970215 9 243.06
55465 19970609 1 246.64
03402 19980806 4 148.14
31247 19970307 2 237.03
22198 19971204 7 131.12
16209 19970606 9 216.58
81083 19980123 6 30.84
39800 19970812 6 147.91
44638 19970627 8 24.29
08151 19981119 3 65.46
43207 19980930 5 11.55
91053 19980713 4 209.25
84446 19970304 5 153.24
09520 19970225 5 7.90
15930 19980513 1 59.77
44389 19970210 9 176.61
44006 19970101 9 105.04
11971 19980712 6 180.58
98134 19970210 9 194.75
95188 19981018 4 109.86
31040 19970306 8 170.37
81047 19981112 4 221.12
36840 19970914 9 110.30
87193 19970801 2 41.90
25170 19980613 2 65.64
48300 19980222 2 100.22
19708 19970617 4 94.25
41539 19980113 3 14.98
98805 19981006 9 34.66
19895 19971219 8 159.55
57159 19980802 5 55.99
52176 19980518 1 10.09
84274 19981217 6 207.41
61453 19980304 1 187.80
60703 19980328 5 35.88
23695 19970827 7 240.41
58031 19971025 8 145.99
32923 19980924 1 231.89
70011 19980328 8 44.24
07875 19980109 6 53.02
67357 19970609 5 152.59
80084 19970726 5 187.58
46542 19971031 8 46.78
86426 19980721 6 249.19
93727 19971203 7 180.41
39224 19980805 9 176.75
68058 19981120 7 195.06
26393 19970529 3 213.88
22996 19970409 9 188.20
45073 19980509 7 219.19
30600 19980807 1 110.68
15287 19980622 6 159.22
56247 19970709 8 119.17
53446 19970120 8 227.21
55322 19980706 2 129.24
11837 19980401 9 91.16
24298 19980917 5 228.05
04004 19970310 9 15.19
59216 19980501 9 58.93
00482 19981016 9 218.01
54827 19970813 8 112.63
03894 19970208 2 230.30
75425 19980428 7 206.56
61473 19971028 6 147.43
02276 19970917 2 198.13
19475 19970829 7 221.42
93966 19970520 7 154.17
25005 19980503 1 225.69
67583 19980610 6 232.24
88436 19980303 1 128.96
74094 19970314 2 185.31
09510 19980612 3 212.26
43222 19970809 3 201.07
53320 19971210 7 94.60
00988 19980904 7 62.97
92421 19971205 1 80.31
08350 19970304 5 205.20
13090 19970916 1 211.02
01039 19980131 2 201.19
53258 19980816 8 182.55
06583 19980808 8 17.87
24847 19980718 2 114.54
75697 19970218 9 212.36
75590 19980807 4 138.60
05648 19971018 9 213.00
50108 19980129 7 181.25
78382 19981019 9 61.53
48205 19980913 8 177.76
52771 19981024 1 81.20
16946 19980116 6 14.67
50378 19980903 8 124.91
63815 19980711 5 111.92
17570 19970316 4 71.66
90615 19970701 3 193.24
30822 19980914 7 141.32
97831 19970428 1 180.26
11418 19970913 6 108.32
85071 19980429 4 125.10
23008 19971226 1 221.73
57613 19970818 2 142.00
55256 19980414 4 8.79
22491 19981031 2 235.20
51968 19980107 2 238.58
37979 19970414 1 51.39
01549 19971115 6 211.52
30528 19970206 8 219.25
56386 19980214 9 34.90
36360 19980107 1 97.10
08582 19980105 5 146.56
70977 19971212 5 194.13
26518 19970319 2 170.17
10864 19970601 9 228.13
06003 19981209 6 245.95
31036 19980807 4 191.35
04836 19970626 4 125.58
15846 19970128 9 207.34
85842 19970526 3 95.90
65841 19970107 9 222.29
05849 19970210 3 81.88
20098 19970703 1 23.20
52223 19980331 7 113.26
13447 19980206 6 57.70
60270 19970705 6 5.59
13300 19970809 1 28.09
56668 19970802 2 201.93
11520 19981213 7 112.40
12165 19980417 5 42.01
32096 19971125 1 207.09
96436 19970922 2 209.28
66773 19970830 1 207.92
37762 19980418 6 41.63
03622 19970209 9 76.28
68215 19971027 2 6.27
10955 19970529 6 141.30
22434 19970302 6 113.52
05537 19971111 4 29.19
17961 19981027 4 12.52
75703 19981208 3 62.60
98770 19971212 1 23.61
21970 19971221 6 68.83
18369 19980325 6 52.98
22972 19980906 1 188.82
84460 19980509 8 174.33
15786 19970503 1 187.88
68438 19980415 1 21.60
26539 19980726 8 135.82
81654 19970514 7 199.97
43176 19970502 9 215.74
45171 19981220 2 101.04
20221 19981123 2 178.34
10880 19971221 1 96.57
73632 19981022 1 96.15
16170 19980105 7 56.61
68441 19980704 8 185.43
36007 19981208 9 35.42
46530 19970626 7 226.31
52004 19970314 5 174.52
92091 19970111 6 238.77
18829 19970807 2 94.16
03449 19970208 2 119.10
91677 19970213 6 77.04
00692 19970302 5 29.89
76683 19980616 7 60.89
90076 19981009 2 140.83
14627 19980327 7 202.64
46091 19970605 9 212.85
60622 19970807 7 84.25
39832 19980907 1 119.97
49281 19980824 6 194.20
85258 19981211 5 161.63
11188 19981027 6 153.13
84544 19970129 8 225.12
43434 19970703 9 8.46
51948 19970626 3 173.92
76998 19980812 6 189.70
39267 19970928 1 140.11
16954 19981007 7 142.04
61470 19970918 8 28.08
05231 19970723 6 79.20
09597 19970605 6 204.26
10472 19980809 7 245.20
25100 19970415 7 51.55
30593 19980919 5 115.30
43173 19970722 8 25.05
46957 19980709 1 135.90
93346 19980612 6 181.25
94042 19980719 5 123.28
13910 19981010 2 25.02
42206 19970404 5 225.60
80546 19980102 4 207.45
14065 19970118 2 31.48
99377 19980306 7 169.21
88893 19980109 6 69.13
10715 19980320 4 230.31
92977 19980519 1 202.17
77375 19981215 1 155.77
34105 19970822 4 69.62
79007 19970107 7 167.15
98371 19980122 5 224.84
61839 19980731 7 7.07
28253 19981218 4 43.14
22414 19970612 3 52.76
61073 19980512 2 120.20
96891 19970910 6 5.17
14833 19971210 2 75.90
94954 19980409 2 5.29
88574 19981215 9 73.00
44197 19980128 2 154.93
12901 19970306 2 98.53
62634 19971029 2 149.69
94275 19970512 8 147.07
03783 19980119 6 163.17
15874 19970104 4 11.62
41574 19980620 2 219.14
59759 19970708 1 41.73
10846 19971010 4 22.57
27384 19981203 8 196.20
44314 19970223 9 24.76
81806 19981224 5 85.33
59532 19970825 3 211.18
11785 19970731 6 105.60
66707 19970204 4 16.28
48109 19970620 7 58.21
43800 19970111 4 175.67
57323 19970726 1 15.66
98999 19980307 2 166.25
03666 19970628 9 68.46
84987 19970120 1 38.63
91971 19970815 2 155.70
75838 19980623 4 230.76
08111 19980808 2 233.48
35563 19970319 7 224.30
59247 19980704 6 199.28
13028 19980902 7 210.89
50965 19970817 8 220.88
81085 19980909 7 132.20
22995 19971113 4 241.96
19438 19970428 1 96.11
98848 19980103 4 181.99
52785 19970307 5 167.34
35100 19980821 8 74.47
17255 19980427 5 115.90
43017 19970919 1 54.69
35432 19980604 7 148.57
03356 19970226 7 43.70
69639 19981027 4 65.51
72177 19980608 6 195.32
60681 19980625 2 153.72
58167 19981119 7 192.92
26245 19971015 7 202.90
62172 19980308 2 46.27
13105 19971122 3 219.08
19653 19970524 6 123.23
39009 19981127 5 5.46
40013 19981222 7 249.64
52408 19980202 6 237.34
17780 19970914 8 237.88
11636 19970805 1 161.49
95220 19981113 2 207.42
40128 19970209 9 129.15
59501 19980507 3 195.05
42282 19981107 9 106.39
51086 19980902 6 86.16
11514 19980618 2 77.25
68719 19970407 2 187.11
76646 19980611 2 29.58
18951 19981227 9 154.39
04310 19970609 5 122.18
42958 19980529 2 79.78
61089 19970111 3 13.52
91883 19981112 6 99.11
95700 19971003 9 230.79
00352 19970720 3 139.38
94655 19980925 9 213.75
98977 19970814 8 154.92
07440 19980921 5 111.43
43345 19980218 3 40.07
28625 19970808 4 31.80
41691 19981017 8 28.63
58061 19970727 2 96.44
48035 19981012 1 5.29
30726 19970807 3 224.64
70735 19981210 2 94.12
53973 19980903 1 125.34
90080 19980218 3 228.18
73056 19970301 9 124.64
07527 19980209 2 191.08
19963 19980118 6 80.04
53921 19980703 1 25.88
09276 19970129 6 5.04
01575 19980829 7 86.05
88071 19970212 8 52.93
79172 19970425 8 71.71
49343 19970209 7 127.35
57320 19980718 3 31.72
59937 19970621 2 5.06
32367 19980606 9 62.75
20874 19971208 7 217.72
59299 19970212 1 183.64
08187 19970324 9 127.82
16880 19981007 7 97.79
62588 19980909 7 206.40
53913 19980505 1 232.63
66349 19981025 7 185.04
86497 19981204 5 196.89
84040 19980419 3 5.82
36961 19980629 4 82.41
83147 19981130 6 214.93
72107 19971220 5 195.88
36776 19971102 7 116.09
22020 19970113 5 161.36
33659 19980327 8 177.83
74336 19970918 2 20.34
68739 19981018 4 35.00
79075 19970809 5 106.48
11752 19970719 2 179.48
25633 19970802 8 114.77
21561 19970324 9 156.75
66496 19970215 8 6.26
40403 19980918 6 228.06
68545 19970714 1 189.64
33741 19980208 3 77.73
50765 19980822 2 41.57
52502 19980118 8 39.15
63438 19981121 2 75.18
13583 19980504 9 8.33
73342 19971018 5 138.79
62189 19980709 3 176.00
55107 19980131 4 95.66
72411 19970821 6 46.67
01037 19980227 8 203.52
02102 19971231 1 171.43
51745 19970408 1 39.92
12952 19970916 1 241.63
00057 19980316 2 78.47
76248 19970108 8 117.87
35720 19980914 4 144.84
92446 19980520 4 77.35
95569 19980930 3 110.92
25760 19980412 9 227.55
61316 19971116 7 206.82
49652 19970528 4 62.73
00455 19970203 5 19.59
44468 19970215 9 231.90
51406 19980331 4 175.85
76958 19980403 6 91.45
41491 19981011 6 13.22
92374 19980526 6 133.35
47182 19980729 5 168.82
42055 19980507 7 8.68
52259 19970515 4 55.10
19395 19980321 3 203.11
05227 19980406 6 207.49
24787 19981107 8 58.52
96128 19981222 2 169.79
66143 19970703 2 74.89
55803 19970818 7 159.54
85530 19980519 1 87.52
48662 19970321 8 154.21
97525 19981219 9 65.23
83270 19980724 8 189.02
37412 19981224 7 36.11
54294 19970919 6 133.91
90600 19970511 8 235.97
55455 19981021 6 157.30
23283 19970701 3 85.41
54268 19981119 2 242.57
25810 19980910 9 63.31
56939 19970113 8 165.85
18705 19970412 6 7.72
89418 19981108 9 143.95
21555 19981204 3 216.86
04296 19981115 7 18.84
82128 19971123 4 202.45
75086 19981022 3 189.52
36274 19970405 2 175.67
62850 19971216 2 45.09
27877 19980910 6 67.01
40787 19970104 4 40.50
06203 19970213 7 113.13
46653 19980426 8 152.37
15017 19980426 9 182.91
14871 19980408 6 14.65
52074 19980908 8 32.12
66579 19970526 5 86.17
81314 19970609 8 21.35
28985 19980406 8 27.93
27622 19980910 7 161.53
19892 19971105 4 148.34
16555 19980610 9 176.46
60707 19980603 4 229.65
75239 19980615 7 52.51
73786 19970713 3 99.37
78567 19971121 5 43.64
69797 19980928 2 106.18
43579 19980417 4 115.78
51228 19970421 6 224.98
14956 19980606 4 196.69
23379 19980814 4 70.91
37200 19970728 9 99.75
24241 19980703 2 98.44
16567 19970729 4 98.60
54934 19970116 2 85.23
66636 19980906 2 135.20
40757 19980103 5 109.99
48046 19971107 8 232.79
74118 19980906 4 188.56
44670 19980414 8 94.45
33431 19971123 8 49.92
18275 19970708 5 102.27
64055 19980827 6 146.33
50634 19970901 1 56.58
46531 19980221 2 106.48
76577 19981129 4 69.40
96500 19980626 2 126.06
18397 19980311 7 95.85
66558 19970823 5 16.58
50502 19980730 2 147.59
64532 19970328 7 182.47
65856 19970213 9 12.09
11102 19970513 9 244.94
88257 19970722 4 220.80
14880 19980708 5 227.19
61825 19980921 3 178.44
09662 19971203 9 75.18
78727 19980323 8 68.86
95882 19970125 2 159.75
64657 19981023 7 168.47
09027 19971128 9 168.28
69154 19980315 5 196.10
19582 19970115 7 85.06
86055 19981201 6 241.05
15314 19970611 5 24.73
95724 19970817 8 186.42
37882 19970518 7 143.51
12872 19971020 6 127.67
29508 19980629 9 39.91
05703 19970318 9 122.36
74443 19970823 4 16.15
61258 19981205 5 228.07
64830 19970206 6 196.99
65747 19980606 6 246.21
37633 19970630 2 207.73
08566 19970402 4 205.17
46221 19971115 4 236.89
05073 19980829 9 74.83
29368 19971017 2 214.66
81807 19980208 5 53.23
76133 19970120 1 49.36
75349 19970816 9 92.58
09529 19981123 3 90.66
65282 19971120 7 164.91
57138 19981011 3 127.32
73494 19970228 8 18.11
83398 19970820 8 246.76
40621 19981006 2 123.63
83407 19981010 3 151.55
71699 19980411 3 129.74
31250 19970114 2 248.92
32711 19980516 6 135.48
34136 19970822 9 159.03
65822 19980914 8 43.93
74312 19971028 8 232.13
85400 19970131 2 104.05
19556 19980628 3 133.77
38307 19970215 8 206.17
21945 19981016 6 26.33
48107 19980911 3 35.66
51174 19970314 6 160.40
86115 19971003 8 159.07
29540 19981110 3 132.72
82558 19970109 9 143.42
29610 19970126 8 57.35
68523 19971021 6 123.12
80944 19971128 8 182.28
49052 19970731 1 23.92
00234 19970514 3 26.96
92538 19970710 5 98.67
85178 19971103 1 166.10
20608 19970903 8 199.04
28279 19980930 6 112.60
13223 19970224 3 132.21
38537 19980125 5 244.55
06005 19980618 4 140.86
99875 19970430 8 122.41
87463 19981006 6 184.11
37717 19980815 2 173.99
03875 19970627 8 203.25
57181 19971213 8 209.71
74521 19971213 8 49.26
14432 19970222 6 21.76
57692 19981117 7 221.20
15431 19971231 9 22.17
88842 19980217 4 62.70
49243 19980804 7 227.39
65275 19980823 4 180.75
42978 19980210 6 120.50
74287 19980506 4 179.27
35879 19980824 3 110.47
02316 19970903 5 5.86
25399 19981023 4 235.80
85461 19980918 1 184.66
82516 19980329 8 10.13
17847 19970424 9 21.87
69793 19970106 6 166.42
18491 19970520 6 153.97
34478 19980411 4 14.84
64557 19981212 8 242.05
92655 19981004 5 177.55
84439 19980330 3 19.22
84263 19980127 6 120.73
68574 19980608 2 173.06
27103 19980321 7 243.49
07533 19980221 4 61.54
50060 19981114 9 164.01
30348 19970705 5 126.84
55750 19981214 9 89.10
24629 19980130 7 179.73
72960 19970219 3 231.69
14238 19980608 2 33.10
21905 19980205 3 119.80
14800 19970929 2 44.01
02718 19970610 1 61.12
50760 19980923 7 161.56
56498 19980426 4 81.19
26299 19980129 2 169.98
45452 19971103 1 12.26
66362 19980808 5 199.13
81941 19980117 8 13.26
18300 19980709 7 152.14
78112 19981115 9 166.37
33897 19980510 3 95.34
46112 19981227 9 35.83
41942 19970930 6 78.60
98509 19980306 2 89.82
96959 19981112 4 170.59
96331 19980420 1 116.37
82007 19971231 4 86.50
23486 19971227 1 79.80
30783 19980720 1 112.95
39357 19970726 1 74.24
08540 19980821 4 15.01
16534 19981227 3 116.58
99897 19970621 6 83.29
83687 19980813 9 227.77
88100 19971231 9 135.53
42393 19970520 7 155.45
71614 19970213 4 42.60
66064 19970527 1 225.70
07019 19971220 9 184.97
94032 19980726 6 126.51
44099 19980126 4 148.48
89835 19970901 9 45.99
88471 19980507 5 60.92
36288 19970327 3 95.07
61126 19970106 3 131.96
15889 19970729 7 71.87
30439 19970323 5 101.77
12931 19981223 4 128.97
78599 19970301 7 117.14
37990 19970707 9 197.93
73179 19980205 6 158.85
41274 19980208 4 108.76
24345 19970128 2 177.94
05658 19970614 4 143.35
84684 19971103 8 46.27
53974 19971101 7 182.87
37168 19980401 2 24.27
15121 19970202 5 169.03
16929 19980323 2 50.98
27971 19980612 3 216.79
44763 19971227 2 154.80
54215 19970429 5 247.69
57719 19971029 2 119.89
23747 19970216 6 91.86
07502 19971227 8 192.10
08906 19980901 7 75.29
33005 19980510 1 66.62
64886 19980407 8 182.22
07536 19970127 6 55.26
40709 19970116 2 20.24
37283 19980709 8 232.86
16352 19970325 5 64.35
99119 19970209 3 68.09
37294 19980105 1 249.86
28070 19980203 2 207.32
10962 19971017 2 16.06
11806 19970318 7 227.50
71136 19980918 3 191.55
02892 19970318 7 174.30
38922 19980413 7 233.66
08295 19980506 2 26.28
85680 19970302 5 151.62
83546 19970608 5 46.89
67632 19970607 8 48.41
83356 19981121 6 153.25
11141 19980329 2 123.14
54129 19970727 8 143.83
14615 19980226 9 69.54
76694 19980110 2 99.28
21374 19980324 2 51.71
57746 19970605 9 226.38
30196 19970713 4 85.03
05080 19970115 6 217.67
40658 19971218 3 159.60
12229 19970202 7 91.74
79781 19981015 7 215.99
32315 19970107 1 183.26
29309 19981007 3 207.04
48423 19980103 8 132.60
70771 19970906 5 83.10
65904 19970109 1 110.66
21318 19981223 2 79.66
15884 19970512 4 84.56
31644 19970905 1 146.88
91412 19970204 5 14.70
67392 19980908 7 167.24
38637 19980820 9 105.15
86876 19981202 5 101.57
96652 19981031 7 113.89
18954 19970814 6 13.27
16186 19980228 8 192.96
69610 19980717 5 189.66
13109 19980922 7 60.30
53202 19980202 8 139.55
74853 19980125 2 134.34
06506 19980312 7 182.05
08910 19980723 3 205.68
34088 19970529 6 159.20
64635 19970511 7 127.70
24705 19970128 8 113.86
47008 19980820 7 140.04
17610 19970131 2 182.87
31349 19971219 5 230.68
98703 19980526 3 176.64
87974 19980116 6 218.37
63359 19980221 5 240.08
79408 19981206 7 41.29
12662 19970305 9 186.75
93016 19980811 2 64.56
20708 19970115 6 5.05
55750 19970913 4 146.44
68878 19980724 7 104.08
79805 19970908 3 166.23
91387 19980509 9 231.88
81132 19980812 2 149.71
61932 19981210 9 237.31
72821 19981221 7 41.21
63231 19970401 7 224.08
58950 19980902 6 236.24
36626 19980917 8 124.49
27510 19980328 2 241.89
21953 19971101 2 238.45
37276 19970203 6 226.22
43989 19970827 4 243.17
32832 19980322 8 156.00
63371 19980904 3 190.76
04436 19971001 2 226.50
15684 19971103 3 52.29
70471 19980215 9 9.66
69772 19980120 9 201.79
72973 19981027 3 186.13
99759 19980506 2 134.23
49667 19980224 1 12.75
33140 19970601 1 69.54
85146 19980929 7 23.49
09118 19990101 4 231.13
23669 19981216 8 212.64
58139 19971101 8 134.66
72478 19970417 1 12.57
25898 19971004 1 27.42
49580 19980720 2 102.27
37979 19970615 4 17.11
91622 19980727 1 240.86
97902 19971007 7 106.24
10957 19980114 1 49.31
74103 19970823 4 240.57
07329 19970201 8 83.96
43550 19970704 3 67.97
31150 19980330 4 106.80
32685 19980704 5 71.78
81640 19980715 7 137.17
03192 19971013 9 41.01
28721 19981203 7 217.19
10370 19970728 3 149.70
71388 19970309 6 175.26
59105 19980625 2 70.94
04980 19970207 2 83.59
22749 19980214 1 134.25
90892 19971229 1 192.37
78143 19980408 2 130.73
15929 19970929 2 118.21
99638 19980419 8 71.02
03108 19981031 2 139.02
42613 19970122 8 243.34
85809 19970210 3 185.38
59875 19970203 8 67.52
13774 19970113 9 185.28
71112 19980411 8 22.66
30866 19981203 6 217.13
54764 19970316 7 104.44
21678 19980521 1 113.26
78725 19970122 4 100.09
76550 19980831 3 95.93
85861 19980920 5 140.86
50751 19970928 1 233.71
28460 19981126 2 162.27
75284 19980205 5 209.90
59402 19980723 9 222.59
61505 19980108 6 89.19
52536 19981001 1 162.78
33942 19980516 3 181.24
62971 19970222 9 58.01
45785 19970711 9 247.47
88422 19970411 5 182.71
34685 19980731 2 221.32
29398 19980313 8 161.32
46230 19980305 5 195.81
79901 19970627 2 14.45
35972 19980506 9 20.83
22768 19970821 3 223.92
01366 19980311 8 124.78
86652 19970418 4 52.92
06227 19970510 5 56.27
40849 19981002 2 141.51
23243 19971224 2 128.02
37230 19971022 7 83.66
88869 19980329 8 191.38
46082 19970806 4 96.61
22856 19980712 8 34.07
20348 19971110 1 144.08
27296 19971104 1 50.38
58912 19970517 2 108.57
73861 19970305 4 120.47
47314 19970824 8 55.50
22970 19970813 8 157.19
81550 19980530 5 119.85
26405 19980405 8 89.74
69491 19970322 4 154.30
27030 19970424 8 225.02
61139 19981225 2 201.11
63732 19980901 6 216.38
75930 19980729 1 246.21
73897 19970613 8 6.90
19825 19980917 5 103.77
64202 19970619 1 199.23
05986 19970930 4 115.80
66940 19980605 6 197.20
42611 19981211 6 34.74
48563 19970811 1 141.16
72746 19971011 7 109.76
21302 19980314 5 68.39
36803 19971129 7 230.50
04546 19970811 8 48.88
48145 19980412 7 134.87
52247 19971022 9 186.35
24748 19970502 7 57.52
55217 19980604 6 190.15
09698 19970826 5 226.39
76291 19970502 4 193.20
34361 19971010 2 125.89
80393 19970627 7 30.09
08641 19980720 7 56.08
18989 19970615 2 139.70
87352 19970401 7 171.73
79466 19980419 3 141.11
19726 19970920 9 14.77
63802 19980507 7 155.54
52761 19970204 1 123.15
77180 19970515 2 246.35
53346 19980528 7 65.14
34133 19980822 7 44.51
72391 19971010 3 161.66
21712 19971031 9 34.50
13470 19970615 5 101.98
04736 19980801 1 92.06
64943 19980324 8 126.77
52478 19980115 3 232.61
36639 19970613 5 54.83
57979 19970124 4 96.31
17759 19980222 9 71.27
55174 19980625 2 162.75
52074 19970504 6 104.64
09865 19981101 4 78.19
64548 19970719 8 233.79
55528 19980523 4 40.09
25176 19970811 2 95.25
36497 19980416 6 186.17
03739 19970419 2 82.03
80571 19971205 8 106.62
70753 19970107 8 73.57
75718 19971211 9 137.35
88225 19971231 9 109.96
50379 19981010 9 123.39
35143 19970323 6 136.86
09479 19970319 4 245.07
44186 19980207 2 218.93
35552 19981114 4 8.33
76854 19980911 2 20.32
73063 19970523 8 182.62
60062 19971004 9 180.00
13807 19970109 7 96.81
30047 19970515 9 187.51
05687 19981212 6 158.94
22168 19970202 4 13.62
83870 19970509 3 152.26
51181 19980203 5 91.24
88912 19971212 1 143.87
51957 19980621 8 231.56
44600 19980328 3 237.86
94702 19980503 5 186.75
88768 19970313 3 109.38
12947 19980809 3 103.39
27185 19980123 8 111.16
34238 19980630 7 53.43
91981 19980308 3 69.21
24243 19970129 3 121.37
51166 19980409 8 244.38
10178 19980710 8 114.86
68476 19970306 7 80.80
81324 19980729 2 209.50
94064 19980317 1 159.52
64584 19980704 9 199.64
26189 19981118 6 97.76
60031 19970126 5 51.35
71642 19981111 4 16.43
47788 19990101 9 54.39
94971 19980817 6 134.15
74977 19980201 5 194.66
57154 19980402 4 5.62
94868 19981016 8 100.37
16039 19980226 4 154.06
08547 19980119 1 220.85
60394 19970427 1 240.17
83304 19970106 7 22.79
44248 19980212 9 165.19
26958 19981020 9 19.87
39043 19980319 7 130.29
15649 19970504 4 212.02
03436 19970820 6 209.46
68436 19970410 1 162.36
55282 19970104 7 125.73
13361 19980606 8 203.81
95683 19980727 1 23.09
64580 19970802 7 131.15
65940 19980714 1 93.27
00852 19970620 9 134.05
06098 19980626 5 147.61
68978 19981210 2 51.02
13389 19980515 9 57.28
90562 19971102 6 135.63
38774 19981118 3 61.30
26726 19980506 9 13.35
94261 19980319 8 206.35
60703 19980828 4 137.77
19985 19970405 8 32.92
64557 19980710 8 138.16
58383 19980723 6 125.14
75618 19980803 3 122.20
08772 19980527 3 34.78
00636 19970416 5 78.12
25608 19980920 1 169.82
95342 19980928 4 180.65
36169 19980618 8 77.30
45414 19970301 9 106.67
85703 19971201 1 185.23
94111 19981220 6 62.07
86238 19970821 7 226.91
00835 19970314 7 55.57
25475 19981222 3 110.18
34725 19971211 8 33.48
09525 19980508 9 42.29
61422 19970109 4 109.76
06751 19970422 5 200.56
61236 19970731 8 131.99
62365 19980814 4 240.95
05306 19980915 3 153.76
42284 19980613 9 67.11
92767 19980806 2 163.28
45023 19971101 9 66.01
71059 19970411 1 100.84
44733 19970126 5 71.53
62205 19971109 5 149.06
76699 19980511 5 7.47
85764 19971006 6 81.41
28318 19971202 6 189.41
09199 19981212 9 62.75
80492 19980815 2 234.00
62358 19971019 3 183.84
13526 19980928 8 149.56
74052 19980319 8 95.90
64744 19971211 4 18.58
24713 19971223 6 86.80
36125 19980915 1 216.81
48546 19970922 4 215.92
84704 19980914 4 225.16
47309 19980828 8 129.56
51437 19970322 9 153.91
82330 19970724 1 221.71
88983 19970324 1 65.43
93144 19970119 3 43.91
25626 19970423 4 197.70
38824 19970402 6 107.33
67665 19980310 7 117.19
53409 19970918 4 66.51
45551 19980323 2 182.93
11928 19980424 5 21.19
00082 19980913 2 242.98
13246 19970312 1 176.93
98552 19971216 7 15.13
17940 19970929 6 247.96
32767 19970218 2 181.18
70899 19970718 9 66.45
68926 19971217 2 221.44
60711 19980731 6 158.40
47713 19970522 2 158.00
68615 19970831 2 198.62
63281 19970114 9 88.04
61342 19970204 3 41.91
34538 19971005 7 212.96
18957 19970113 1 121.80
66421 19970530 3 92.81
00959 19980217 2 14.33
90266 19971128 6 217.14
32062 19970616 3 44.98
11229 19980805 9 57.74
70594 19970914 3 5.18
79800 19981026 1 230.79
85692 19980520 8 241.94
51499 19980204 6 114.63
76311 19980429 9 49.97
49351 19981030 2 28.61
50031 19970613 1 105.92
81262 19970410 6 57.40
44642 19971029 2 231.14
07244 19981024 9 182.05
52144 19970612 4 58.91
47238 19980622 2 54.41
36657 19981021 8 142.95
35542 19980701 1 7.33
23751 19970612 3 154.35
78665 19970502 2 151.66
54925 19970214 1 63.92
10508 19980326 8 134.79
12119 19970218 1 131.73
63366 19970919 5 148.26
30908 19981120 2 132.34
06371 19970913 8 107.07
62438 19971229 4 95.86
49516 19981031 9 95.73
34601 19980219 9 124.43
03465 19981121 3 194.06
12910 19980430 3 151.45
74434 19980406 2 221.94
44045 19981218 1 72.35
68349 19970102 3 52.32
55874 19970903 9 77.93
11141 19980130 3 151.44
88372 19971216 8 122.46
03829 19981127 8 18.87
71780 19971025 5 128.48
43623 19981020 7 249.04
98313 19980717 4 38.29
08494 19980309 6 36.50
73520 19970314 6 42.10
19982 19980504 2 186.68
79446 19980103 6 121.81
13059 19970823 9 118.94
43771 19970905 2 20.36
86475 19980219 3 98.24
44177 19970425 5 24.20
21932 19970114 3 60.61
64858 19971224 8 38.02
08846 19980215 8 56.39
09655 19970119 2 101.06
61275 19970811 1 249.56
42668 19980604 1 109.42
03536 19981209 6 125.93
05934 19970721 1 57.62
20551 19970222 5 118.29
77749 19980206 3 25.33
54170 19970706 7 249.47
10784 19980221 3 81.22
02186 19971125 3 225.30
62423 19980226 8 10.06
37052 19980621 8 233.03
52691 19980103 4 80.71
07523 19970302 9 83.67
58662 19971021 8 246.63
12275 19980521 1 5.84
51715 19970929 5 135.16
70836 19981019 9 158.24
03822 19971108 4 187.79
92648 19970609 3 36.29
26594 19971216 1 233.84
03754 19970121 6 37.03
96439 19970830 3 121.92
91801 19970625 7 24.48
16992 19970709 3 20.07
84160 19970714 3 73.19
83567 19980730 9 233.44
10931 19980205 9 86.29
48699 19980824 3 152.34
24726 19981015 9 120.26
82135 19980624 2 168.47
18447 19970927 2 240.53
87483 19980914 9 21.42
53383 19970407 7 126.59
85039 19970704 2 212.73
74845 19981019 1 37.09
96149 19980526 4 102.67
66898 19970824 7 142.14
78259 19980811 1 206.48
12574 19971012 7 150.96
80640 19971117 1 72.24
62404 19980202 9 19.91
88783 19980504 4 213.96
62162 19980627 7 7.42
08983 19980301 3 92.46
10833 19970426 5 135.75
45914 19970208 5 238.46
52882 19980226 9 23.23
17866 19980928 5 160.41
82696 19980428 1 108.77
02583 19970701 6 8.18
62446 19980509 1 54.69
34828 19970530 8 139.94
98340 19980518 6 71.40
16884 19980515 9 23.54
07932 19980329 1 228.11
19031 19971108 8 188.77
14703 19981125 2 249.34
50789 19971122 3 11.99
26400 19970401 4 112.34
51786 19971203 9 39.45
78810 19970621 9 176.24
41012 19980529 4 149.20
05004 19981224 9 209.43
28332 19970727 6 233.08
55705 19980123 2 23.99
29175 19980727 8 186.85
67069 19970628 8 6.05
85199 19970331 1 235.10
00420 19971026 8 32.53
80938 19970802 9 82.69
33346 19980518 2 91.69
17487 19971011 1 206.33
05311 19970802 5 90.69
51462 19970122 1 66.03
25094 19970915 2 63.84
85429 19981006 5 62.88
80804 19980427 5 63.76
27660 19980208 9 169.79
49975 19980502 3 221.04
94849 19980603 2 195.66
73975 19970615 6 215.21
68773 19980130 1 24.68
23362 19970321 9 87.92
32780 19970103 5 234.26
88434 19980305 3 86.82
90444 19980910 4 33.35
38048 19980515 6 141.76
34689 19980721 3 196.69
53303 19980907 3 29.08
07590 19970821 4 192.96
05385 19971202 2 174.29
45695 19970308 3 130.96
60152 19980517 6 88.10
26213 19970715 2 62.15
32799 19971013 4 151.49
03310 19970302 4 180.16
13842 19971019 6 214.88
40814 19980402 4 20.92
41885 19970509 6 83.26
87419 19970908 1 61.75
79512 19981209 1 36.23
91370 19980713 8 119.54
55716 19970402 1 225.01
72997 19980714 2 21.51
66075 19981009 8 14.42
34115 19970518 7 192.07
59689 19970201 7 184.50
99862 19980101 8 166.98
40106 19981006 4 105.49
96509 19980408 2 136.02
62738 19971221 8 68.13
18950 19981020 5 19.57
92025 19980211 1 103.94
74457 19981224 1 227.92
45883 19971118 5 202.55
10678 19970530 4 193.53
19884 19980927 2 214.26
91065 19971207 9 36.81
35205 19980705 1 102.93
64928 19970716 1 75.69
21025 19980625 7 16.33
16820 19980320 9 248.05
39296 19980317 8 17.35
01967 19971012 9 66.09
99375 19970309 2 20.21
51671 19981117 7 142.76
83333 19980320 8 205.12
31819 19980427 1 142.32
24117 19980822 3 123.49
07172 19981226 5 192.65
01548 19980211 5 159.48
56549 19971019 4 242.50
81296 19980211 1 129.82
24908 19970925 1 34.84
74424 19980217 2 5.29
26971 19971112 4 218.22
14428 19980903 8 5.04
40818 19970821 5 12.72
59078 19970701 8 14.53
47579 19981101 6 106.51
83886 19970519 5 14.68
21176 19970906 2 147.22
14599 19970720 5 222.69
96404 19970926 6 181.24
89154 19981231 9 16.59
50605 19970606 3 25.64
78948 19980615 4 78.01
96323 19980923 8 22.19
92452 19970512 9 175.97
24165 19980415 3 79.51
28856 19981013 2 61.88
00083 19980107 1 82.85
11717 19981021 9 111.20
93497 19981120 8 171.74
80257 19970712 3 19.83
96220 19970722 2 36.13
58238 19980330 4 153.28
90975 19981118 3 76.83
03890 19970224 5 136.18
70167 19970301 7 229.18
62795 19981204 9 54.36
76192 19980105 3 194.73
30562 19981009 5 247.72
97958 19981019 6 140.98
97044 19981216 8 75.22
40292 19970610 4 32.01
64360 19981110 3 49.08
18801 19980101 8 248.03
72192 19970317 8 159.80
06290 19970211 6 11.15
27167 19970729 7 171.72
29957 19970112 9 184.14
44717 19970616 4 199.93
81395 19970409 1 95.47
74897 19981025 5 130.12
92251 19970722 3 112.84
17305 19980319 7 47.31
99647 19980321 8 239.71
73663 19970608 6 219.95
87059 19980911 4 22.30
47333 19971121 3 60.97
93897 19981129 6 118.59
46467 19980429 4 244.28
94218 19980728 6 221.94
15148 19971231 6 59.13
70354 19980221 3 111.66
80624 19970610 8 52.36
58944 19980216 9 108.45
35400 19981202 8 89.10
64164 19980206 4 49.69
43693 19970612 7 228.03
41929 19970907 3 208.25
57106 19980412 4 141.48
86094 19970922 9 188.26
37377 19980828 8 209.47
90888 19970421 7 76.42
15877 19971211 3 77.15
09462 19971207 7 78.29
64123 19980218 3 138.80
34125 19980312 6 243.48
40162 19980524 2 200.50
14394 19981019 6 63.38
84489 19980531 7 23.58
65147 19981006 7 81.36
50390 19980627 6 76.01
51171 19980208 9 47.99
87634 19980318 1 28.12
08260 19981205 5 78.39
82773 19970404 1 179.25
96833 19980410 3 231.03
92173 19970419 3 120.77
43054 19980424 3 20.25
58493 19970928 7 248.58
38351 19980112 1 19.99
07069 19971015 3 214.42
71096 19980125 5 171.17
17408 19980225 6 116.21
15471 19980625 4 19.40
66126 19971112 3 191.96
80738 19970210 6 35.27
85958 19981115 4 50.80
48945 19970326 3 164.74
62414 19981119 5 119.55
39137 19980107 1 147.28
65594 19970322 1 125.79
10661 19971209 3 195.10
08255 19970218 4 181.28
47891 19980830 8 89.53
11604 19970828 4 67.02
50668 19981021 8 224.18
92010 19970829 5 160.87
49594 19980718 9 138.91
37081 19970913 3 171.59
47553 19981120 2 29.37
72598 19970422 6 227.90
64633 19980404 9 127.81
52165 19981003 5 117.75
15046 19970317 3 151.04
77527 19970120 5 249.46
35191 19981102 2 36.58
58043 19980526 6 129.81
22083 19970924 4 106.59
08158 19971214 5 56.53
58995 19980105 7 34.78
77475 19980528 8 49.27
68327 19980905 9 185.17
02792 19970810 6 77.63
81194 19970513 5 33.64
58464 19981114 1 138.96
21597 19970322 1 64.82
19928 19980403 1 35.00
65136 19971009 1 235.47
52491 19980623 2 194.73
92374 19970716 9 190.74
85890 19970411 7 46.58
73940 19971124 6 78.55
36847 19971215 6 241.89
49204 19970111 5 21.94
31600 19970719 5 207.39
99532 19970628 6 243.87
98787 19980831 5 15.65
82793 19971011 5 81.93
86982 19981217 1 73.61
70604 19970107 5 38.90
25046 19980610 1 30.89
29093 19971106 6 13.06
82986 19970419 7 218.48
41833 19980403 8 109.52
45614 19970107 8 238.16
74489 19970504 6 17.95
74837 19970113 8 29.69
04812 19980710 8 95.37
76293 19980331 1 125.24
79979 19981121 1 214.33
31573 19980523 6 71.60
91575 19970101 7 210.24
20851 19980610 8 235.36
85119 19970515 1 183.50
11829 19981214 5 176.32
90217 19971031 7 41.80
93622 19970918 7 48.28
54083 19980310 5 87.55
39041 19970413 8 151.21
42210 19970403 5 123.88
34128 19970430 9 146.81
01789 19980621 9 201.87
99733 19980525 6 237.39
04554 19970130 9 73.97
79052 19970503 2 100.56
36317 19981024 1 38.08
20795 19980719 5 122.22
35323 19970824 9 105.25
32855 19980906 9 93.22
09019 19970912 6 212.95
27925 19971203 2 123.95
44162 19980714 3 63.22
47608 19980814 3 132.39
02244 19980821 2 100.66
08003 19980326 6 11.47
52923 19970911 8 61.42
47313 19980530 4 217.82
50092 19981002 8 51.57
62372 19970117 7 169.54
39916 19980205 3 91.15
17016 19970505 8 70.62
92916 19980419 5 198.28
21515 19970629 7 52.77
65518 19970125 7 100.71
59421 19980726 9 247.18
60566 19971125 1 27.69
97837 19980521 7 218.57
14546 19980129 6 55.04
49434 19980722 4 238.66
59839 19970602 3 170.43
28564 19970929 6 12.07
18262 19970405 6 235.04
08553 19980510 5 85.91
00378 19980921 1 161.92
79524 19970910 4 49.45
70726 19981223 6 183.05
07462 19981204 9 159.76
68258 19980323 1 69.17
58710 19980709 1 205.23
28732 19970811 3 98.77
57232 19981021 1 6.73
70176 19970516 8 154.76
14409 19970622 5 246.44
85361 19970618 8 64.59
69639 19980228 6 57.93
93377 19981005 1 62.96
39109 19980617 2 30.24
98530 19980628 7 88.67
66358 19980522 6 33.02
44437 19980326 9 93.31
62819 19971102 6 30.05
71279 19980307 2 102.24
41291 19980516 5 137.72
38193 19970223 9 188.54
08295 19970922 7 119.29
72344 19971014 1 219.05
60298 19970201 1 35.10
51929 19970520 6 55.01
83842 19971017 3 111.10
18599 19970921 1 170.36
19799 19981122 9 160.50
57832 19970608 5 163.24
69548 19970330 2 113.05
35176 19970320 4 167.67
24610 19970330 6 72.97
80829 19981212 1 109.54
10484 19970317 5 145.99
88411 19980901 3 157.97
51820 19971026 2 153.25
26560 19970106 9 220.71
60878 19981031 3 15.77
66671 19981123 5 57.70
68582 19970806 4 119.17
33804 19980102 8 108.86
01379 19970326 2 200.24
97760 19980326 5 249.38
73122 19970703 7 196.89
03454 19980105 7 111.85
66562 19971116 8 69.28
60998 19970905 5 47.81
50058 19971018 1 35.03
44017 19970508 5 37.40
80278 19980427 2 34.26
36824 19980504 9 163.65
37014 19970319 3 50.35
29465 19970605 4 212.18
96592 19980707 3 112.22
92405 19980120 1 83.80
19924 19970819 3 167.33
53434 19980806 7 11.72
76767 19981007 4 134.45
25225 19981108 7 55.22
02522 19970424 4 234.35
51761 19981103 2 177.19
06756 19980907 8 148.97
82728 19970721 5 202.43
18968 19970224 9 138.63
90283 19970805 3 42.53
47163 19970703 4 55.62
99813 19970923 4 185.53
33510 19971215 9 88.58
86172 19970823 5 185.34
50161 19981121 2 248.73
27789 19981009 1 8.20
70335 19980306 2 68.40
06339 19970222 8 112.92
74570 19980213 3 43.38
89452 19980429 9 102.79
78731 19970429 6 70.21
32520 19970924 7 120.81
91429 19980503 1 116.98
42662 19970713 9 166.24
50158 19980108 1 71.64
79895 19971024 3 243.33
41635 19980715 2 106.85
44657 19981228 5 170.30
36526 19980701 9 56.65
26644 19980809 3 59.91
46475 19981207 2 152.22
14020 19970404 9 235.47
37494 19970613 2 113.44
65499 19970813 4 107.59
98201 19970819 8 66.18
08756 19981214 8 95.95
62150 19980418 7 75.61
20652 19970112 3 80.86
73098 19970216 1 189.84
07430 19970717 8 64.05
20781 19980930 9 178.48
27254 19970319 4 149.76
52042 19971015 5 113.69
55279 19981214 5 43.80
61058 19980217 2 194.61
92814 19970110 1 150.04
68073 19970625 6 209.29
12980 19970519 6 115.98
47898 19971119 6 242.80
29487 19980227 2 62.79
20458 19971004 4 14.77
74552 19980620 7 59.20
22619 19970321 9 44.98
92102 19970429 4 133.30
03250 19980410 9 45.92
08163 19980622 4 180.35
76118 19980811 9 106.68
80033 19970111 8 133.92
49458 19970202 3 32.81
13382 19980824 5 225.71
11352 19981215 4 189.68
39881 19970910 4 169.42
19560 19971211 3 46.57
70374 19970906 9 248.67
91819 19970918 4 151.94
84546 19970427 7 66.18
49837 19980123 4 164.43
17558 19970825 3 157.13
42173 19970907 8 160.01
31773 19970226 2 21.98
57476 19981231 7 202.08
75292 19970417 7 117.41
92065 19970805 9 114.18
87807 19980626 8 187.88
50621 19980408 7 228.47
59202 19971014 8 230.38
07640 19970526 6 91.96
33504 19970825 9 125.91
02796 19970307 8 129.56
39859 19971006 7 59.05
28766 19981010 7 16.64
12860 19970615 2 76.96
60273 19970810 2 26.38
34848 19980401 6 113.54
11316 19970326 3 208.99
42943 19970306 5 195.09
28557 19970819 4 157.18
08818 19970921 1 20.34
63168 19970223 4 44.33
95292 19970130 2 55.83
31570 19980818 1 202.92
89358 19981017 5 63.98
15746 19970710 8 96.08
61112 19980502 2 220.23
28047 19970628 3 33.00
46550 19970610 1 127.78
63560 19970512 2 187.95
09852 19980916 8 52.10
74387 19970129 7 136.88
98343 19970820 3 96.54
59365 19980731 3 79.12
56081 19980711 6 101.69
56137 19971015 6 154.90
85099 19970607 6 204.76
33734 19970915 5 97.93
45194 19970601 5 152.23
92184 19981025 6 190.18
22687 19981224 6 126.31
86598 19980922 4 210.46
18813 19971215 2 111.04
98147 19971225 3 35.86
86592 19971105 6 227.11
31141 19980622 4 202.21
63079 19981228 3 95.22
59726 19980515 7 58.70
89066 19980914 6 71.78
01052 19980131 2 175.29
00011 19970119 8 108.00
07481 19980302 7 222.70
99380 19970721 7 117.90
88712 19970912 6 115.19
14238 19970118 2 162.54
51033 19970629 1 149.35
71367 19980310 4 103.39
90479 19970212 3 46.44
99586 19981215 6 60.19
01193 19970702 4 143.73
18151 19970906 7 42.92
93638 19981128 3 102.73
03911 19980501 6 222.68
03257 19980606 8 68.61
53350 19981211 2 97.36
57323 19970305 3 23.29
65172 19971206 3 193.20
38063 19980221 1 23.62
54232 19980513 7 211.03
65689 19970707 8 64.49
26000 19980214 5 156.32
07546 19981016 5 8.85
72366 19981026 1 197.12
71797 19980815 1 167.34
62689 19981213 6 142.04
34815 19970412 6 218.65
42189 19970808 7 237.40
28026 19970313 2 42.49
48647 19980411 4 39.16
20072 19971128 5 104.91
60842 19970817 9 181.28
71953 19970725 1 231.92
25625 19981023 9 94.27
02346 19980514 9 212.07
39345 19981222 4 225.15
29193 19980915 6 14.61
58172 19980128 6 135.92
85957 19970603 7 19.14
29559 19970809 3 74.74
97904 19980627 7 58.79
96372 19970220 5 65.45
42856 19980105 3 214.60
41695 19970504 1 76.75
73107 19981204 9 102.74
11510 19970826 3 197.84
63921 19980826 7 77.11
54802 19970915 6 51.77
48976 19970827 7 156.78
35730 19971217 1 45.23
89017 19970715 3 21.74
14228 19970522 3 22.76
72459 19981122 8 196.69
59171 19970223 1 43.43
71396 19980530 3 67.52
12112 19970124 8 117.69
41966 19980921 1 107.66
30557 19970314 2 234.59
12217 19971013 5 121.23
84172 19980729 2 225.78
04498 19981120 2 242.89
58474 19970518 8 246.08
31676 19981003 4 82.00
65505 19980824 3 59.75
56783 19970307 9 152.99
86050 19981110 2 5.20
84593 19980901 5 111.39
20936 19980930 8 96.28
47699 19971119 9 183.39
50750 19970225 1 5.47
07946 19981130 9 127.11
25284 19970601 3 135.55
33723 19980416 1 231.14
97646 19970915 7 60.61
27160 19980211 9 88.93
74694 19980602 1 66.42
96535 19971111 7 39.84
95416 19970910 3 59.70
50413 19980802 1 108.25
39521 19970318 3 231.11
77477 19981209 7 136.79
28462 19981027 2 187.12
13472 19971209 3 123.49
91984 19980917 6 229.53
55383 19980710 6 69.65
98141 19981014 2 16.28
99368 19980429 3 39.17
82301 19980828 9 226.83
58025 19970805 9 221.08
07488 19971010 6 166.82
18383 19980812 4 163.15
38693 19970114 7 183.51
15817 19970804 8 176.57
37089 19980302 2 23.77
67089 19980920 6 97.40
28625 19980724 5 201.59
65291 19980712 8 145.81
53379 19981025 8 211.90
33675 19980529 8 224.32
11991 19980418 8 222.50
03236 19980101 9 175.28
76194 19980603 3 22.15
31106 19970603 5 13.13
45373 19971127 3 193.07
47996 19971201 7 39.63
22511 19970103 4 215.73
53904 19980212 1 220.66
85789 19970116 1 149.40
71304 19980723 7 247.41
14215 19970129 2 240.77
62755 19980326 3 14.98
86584 19980702 1 148.08
39766 19980919 9 37.09
31177 19970408 1 125.86
17288 19980219 5 114.03
45431 19970322 5 10.67
69305 19980101 4 9.43
73295 19980820 2 137.49
34885 19980722 7 70.45
50166 19980829 8 22.11
44533 19970309 8 37.78
60162 19970115 6 48.26
60685 19980723 1 47.71
70506 19970419 7 112.72
58262 19971203 2 94.95
77283 19970311 4 180.53
88654 19980514 4 6.37
12281 19971201 9 53.95
52348 19970809 1 217.52
37538 19970502 7 149.80
44526 19980104 4 248.23
12919 19980908 2 232.08
96659 19970414 6 127.82
69994 19981128 1 209.59
69769 19971120 3 31.15
14930 19981106 9 34.09
54156 19981002 9 184.90
13420 19980108 2 126.62
85805 19980313 4 88.98
81316 19970904 4 130.51
56434 19970209 2 186.72
31208 19980619 9 221.74
94833 19981204 7 65.58
78065 19980813 2 131.64
51887 19980108 2 206.45
45975 19980128 3 172.34
80960 19970518 2 42.74
48929 19980226 4 149.56
86986 19970708 1 59.10
60133 19980107 2 75.51
93939 19980510 3 59.55
56819 19971012 5 48.44
55968 19980522 8 6.13
06478 19970825 1 135.33
22824 19970724 9 50.47
05799 19970117 7 170.71
62786 19981222 5 140.26
13465 19981018 2 47.12
19293 19970920 8 239.76
46086 19980215 7 176.43
90514 19971016 6 59.02
27544 19980321 7 73.18
95655 19980311 3 44.32
49199 19981214 1 175.51
60059 19980322 4 170.24
73457 19981026 2 123.04
01336 19970730 7 194.46
00814 19980517 2 64.51
46547 19980412 3 160.76
00480 19970820 1 52.66
13533 19980629 2 144.06
84393 19981202 7 94.33
82254 19970919 7 113.53
86026 19980626 3 36.33
74848 19970128 6 142.24
87318 19970202 7 249.59
93546 19980328 9 28.52
68275 19981001 5 241.89
54175 19981015 3 38.14
15545 19970114 5 62.21
04647 19970127 1 59.07
97002 19970402 6 192.33
16692 19981112 5 30.83
56609 19980928 9 225.35
09383 19971119 9 7.37
22859 19980527 5 179.62
53556 19970511 9 143.12
23613 19980626 7 143.48
26768 19981118 1 174.99
14790 19970408 9 148.27
42730 19980608 6 99.94
88201 19971110 5 8.40
95083 19970920 8 171.36
81897 19970707 2 193.88
41383 19980119 8 101.65
02983 19981024 2 15.92
23012 19980830 5 241.51
00277 19970424 8 220.97
59273 19981224 4 152.38
34729 19970412 8 141.17
50032 19970906 4 58.74
65353 19980724 8 241.69
05390 19970909 6 249.20
95601 19980419 5 246.65
50611 19970923 6 19.48
60696 19980111 9 191.43
89045 19980918 4 140.05
72260 19971004 7 167.01
20083 19980502 7 40.36
07236 19981222 4 210.01
32348 19980519 3 160.05
97494 19971106 3 193.58
55524 19981003 5 236.65
12662 19980128 9 242.06
35654 19980905 1 104.49
33358 19981229 4 21.52
85457 19970522 3 99.50
42730 19970703 3 75.81
09856 19971228 1 211.03
66421 19981129 9 143.75
80724 19971109 1 26.52
24744 19970303 8 97.43
46229 19980928 2 54.65
10135 19980205 7 218.53
75520 19970715 1 156.97
77274 19970819 2 79.73
97021 19970807 8 128.23
82279 19970113 8 213.51
24656 19980913 8 13.56
74656 19980421 4 84.25
63891 19980928 1 199.28
49407 19970817 2 165.28
07460 19980904 3 109.09
78964 19981204 3 121.52
96211 19971012 1 54.65
54805 19970121 3 203.15
50084 19970411 1 180.21
87046 19981026 2 111.84
73213 19980507 3 65.62
48671 19971203 9 219.43
43736 19970807 1 60.78
86937 19980831 9 194.66
57829 19970916 8 34.60
16795 19980109 6 234.16
75756 19971210 9 171.09
05792 19980816 2 166.30
54395 19970321 3 248.59
23317 19970209 3 29.45
63974 19971016 2 60.06
63637 19971229 5 95.22
89454 19980307 1 156.67
07082 19980801 9 24.60
04246 19970607 3 242.84
40683 19971023 6 159.00
61240 19970520 5 200.51
11535 19971013 9 114.06
04559 19971211 9 174.08
46612 19970811 6 133.49
60520 19971223 8 143.69
80540 19980508 8 93.64
08447 19970726 6 194.70
10118 19970812 3 122.27
17523 19980722 1 198.59
97601 19980702 8 216.77
75207 19971112 7 62.68
47642 19971031 8 170.48
55071 19971016 6 105.22
38855 19981030 9 211.58
84819 19970529 5 116.31
26995 19971201 4 231.32
96093 19971114 5 240.18
74381 19971217 7 114.53
23115 19970716 1 124.25
97718 19980726 2 26.43
14628 19980622 7 144.05
01824 19980326 5 64.03
14129 19970905 3 7.50
92543 19970712 2 136.79
95872 19980205 3 13.19
17765 19970410 4 78.89
51405 19971220 9 202.82
08776 19980516 8 153.12
35805 19970309 2 54.25
12610 19980312 9 111.53
86998 19981031 9 39.68
58772 19970715 8 192.57
43675 19970426 2 56.04
20056 19980703 1 192.17
90822 19970122 6 161.38
03093 19980219 7 163.87
57121 19980419 3 58.44
45727 19971020 3 141.20
61016 19970614 4 16.05
02600 19970927 3 12.32
30762 19970626 9 112.92
95349 19980306 9 98.23
78649 19981224 6 42.48
17788 19970602 8 150.62
74212 19970121 7 157.76
28734 19970516 7 125.87
67949 19981011 8 153.61
27623 19970417 7 112.70
28987 19980120 9 185.14
89174 19970514 3 35.39
11907 19980620 2 103.62
37926 19980622 2 156.97
22322 19981204 9 216.50
47830 19980912 6 55.30
16264 19970430 4 139.91
58628 19980103 6 44.41
03585 19970830 4 228.38
77541 19981128 9 58.61
30155 19970628 6 28.19
86252 19970211 2 243.87
04117 19980506 9 152.03
54479 19971225 4 211.41
80319 19980324 2 168.79
86377 19981002 8 48.27
51509 19981028 9 89.29
19815 19970102 8 130.60
83893 19970505 9 135.73
31001 19981001 4 101.01
69038 19980923 8 209.85
16678 19980806 2 72.96
90320 19980427 8 162.86
21515 19980324 3 230.46
88374 19980528 6 144.46
25776 19970717 3 249.10
36674 19971008 8 210.44
05536 19980403 2 22.18
08537 19970306 6 243.55
21795 19970617 2 226.41
69647 19970514 4 172.52
53933 19981006 3 176.10
13808 19971110 7 173.42
06268 19970627 4 134.70
42910 19980630 4 240.66
26242 19980830 6 64.27
08590 19980107 9 116.07
26818 19970601 2 201.76
62827 19970713 2 102.67
55553 19981117 7 102.84
09986 19971103 9 232.10
94351 19971005 5 30.26
81099 19980113 4 178.74
67182 19980627 8 112.07
53003 19971124 6 63.20
79615 19980615 5 58.45
10955 19981207 9 206.66
13989 19980719 2 128.64
90071 19970211 5 39.10
60656 19971129 8 169.33
13681 19981019 9 140.12
98843 19980116 9 244.56
64163 19980523 3 174.71
98033 19971204 9 134.72
11040 19980129 1 228.58
36234 19981008 7 35.35
40650 19981102 3 68.74
63574 19981003 5 172.42
61136 19980728 8 56.74
32406 19980101 9 46.21
59246 19970618 9 177.41
74026 19970918 3 88.68
22479 19971021 3 89.75
13658 19980227 9 244.68
67917 19980529 3 203.13
47949 19971015 5 203.56
08143 19970514 9 242.98
10878 19970518 6 8.13
82114 19970521 8 35.84
95030 19980903 6 78.30
16344 19970607 3 233.54
15791 19980604 9 236.37
51474 19980913 7 183.04
41975 19970318 9 200.45
37511 19980530 9 206.51
36180 19980218 6 116.68
03777 19981004 2 29.94
35560 19970109 1 96.44
77511 19970929 7 222.78
77408 19970205 7 200.98
43631 19980427 7 80.33
80031 19970807 8 249.40
29034 19980620 5 167.49
66266 19970515 8 42.36
38682 19970428 1 82.26
19069 19980117 9 229.85
77246 19980315 6 159.39
55225 19971013 5 85.15
64989 19980925 4 157.37
66645 19970802 4 239.36
90887 19980801 2 49.76
86606 19970723 2 242.53
04096 19970223 6 177.49
80535 19970915 7 90.98
18855 19980130 7 105.77
51260 19971218 4 153.81
81753 19971129 6 147.28
27339 19980319 9 137.90
04494 19970107 5 177.21
50021 19970531 2 150.54
39788 19981228 4 225.60
54659 19970605 9 160.04
82658 19971221 3 66.50
06589 19980428 7 48.12
64904 19980216 5 175.52
39541 19970525 7 217.05
48733 19971228 6 182.21
40126 19970424 3 240.53
42822 19971014 4 89.32
06887 19970616 1 142.96
14604 19970321 2 39.87
31924 19980920 8 157.78
19654 19971105 9 14.17
18482 19981231 5 48.61
55763 19981217 8 28.22
73867 19971203 4 48.91
79667 19980223 6 196.69
32804 19980623 4 5.52
30998 19970707 3 215.94
18545 19980224 3 63.33
62431 19970529 5 212.39
98932 19971223 3 196.29
67817 19980718 7 228.20
40902 19980523 9 127.84
93123 19970811 5 129.09
29503 19980925 5 211.84
25723 19970830 6 60.24
83023 19980903 8 216.81
14194 19970924 8 143.78
23552 19981120 6 93.64
34542 19970331 5 188.76
88191 19980227 2 23.89
81332 19980908 4 150.85
23671 19980506 9 201.10
88636 19981119 6 183.07
21200 19980220 5 34.11
19764 19970513 6 54.87
65439 19971109 5 24.38
70218 19980703 4 198.81
61200 19980716 7 139.56
45593 19980517 5 60.70
07287 19981115 2 242.21
02598 19971212 7 165.52
30623 19980827 9 52.06
11412 19970715 6 245.64
44744 19980205 1 85.61
31423 19981116 6 109.74
43931 19970619 1 53.25
38077 19981101 4 185.52
43913 19980816 3 21.73
16385 19981017 4 133.47
86553 19970701 2 23.01
55949 19980622 3 159.02
14057 19970814 2 230.45
61203 19981006 1 75.19
98482 19981015 7 50.56
54549 19981213 6 201.96
29428 19970117 8 17.55
20387 19980424 4 116.20
15448 19980127 1 139.51
29567 19980910 9 139.59
57090 19980610 8 28.10
13979 19981003 2 155.55
41101 19981217 5 24.60
05413 19980428 8 227.86
98612 19980328 5 110.56
06869 19980504 3 70.53
53756 19971028 3 118.94
04134 19981208 3 26.60
72724 19970912 6 33.79
21596 19981112 3 219.66
58855 19970222 8 231.13
93305 19971009 7 110.81
82581 19980716 3 31.26
74507 19980614 6 75.96
09796 19970605 7 208.91
01884 19980209 2 202.79
02805 19981211 7 11.08
77839 19971219 9 238.21
51919 19970817 6 217.97
27445 19971013 6 234.77
00894 19981020 5 242.08
98068 19970424 9 105.59
56890 19971116 9 84.37
14810 19970719 2 33.76
23301 19970310 2 112.98
32358 19980930 6 129.44
43189 19980211 8 106.16
54689 19980923 2 247.57
20019 19970929 9 157.96
25132 19970320 9 212.52
00360 19970529 3 100.81
04408 19970630 8 11.67
69476 19970810 4 62.27
08508 19980527 1 100.87
21964 19980501 2 201.17
77419 19981220 9 26.34
82432 19971213 7 229.23
95840 19981218 4 200.18
66848 19980407 4 128.41
14954 19970911 2 245.05
88368 19980525 2 171.25
28331 19980613 8 48.19
47479 19981001 6 11.72
73460 19980924 3 237.97
26064 19970612 7 37.55
89864 19970901 3 40.67
90891 19980303 9 181.87
35198 19981101 3 247.78
54062 19981203 2 82.00
96719 19970315 6 215.80
93640 19971224 7 84.72
18345 19980327 6 64.28
71225 19970119 6 52.60
25279 19970501 8 130.38
58397 19970509 6 16.03
79980 19980718 8 132.90
11411 19970622 8 160.81
22555 19980317 4 44.41
29236 19980104 3 52.19
77745 19970118 6 41.85
08937 19970630 2 44.94
75143 19970505 5 163.63
76822 19971113 9 17.17
18067 19970928 1 62.84
55349 19980211 8 153.61
54054 19980522 8 51.85
29143 19970328 1 194.85
62202 19980523 1 217.19
37805 19971228 1 42.74
45983 19980130 7 104.63
35042 19980404 8 14.81
59991 19981202 8 147.29
30593 19981003 8 237.82
82542 19980916 5 241.96
60089 19970623 2 48.41
13896 19980325 4 54.17
54187 19981017 1 241.64
27081 19980524 5 32.56
46742 19970212 5 35.00
97439 19980220 9 23.29
94792 19970924 4 17.47
65504 19980320 4 140.84
25209 19971107 4 82.07
27572 19970829 8 7.32
52966 19971020 9 26.60
17035 19980804 2 65.02
10851 19980128 5 197.63
90199 19970121 1 244.61
97895 19970615 9 45.12
72308 19980109 6 40.67
43106 19980723 9 231.43
63708 19970730 3 138.05
52405 19980926 6 97.62
70126 19980315 1 22.95
28030 19971114 9 243.21
56771 19970920 1 123.02
27723 19980120 1 237.55
57817 19970604 5 128.54
23461 19970728 3 105.55
34153 19970520 8 196.26
65624 19970930 7 221.11
39537 19980906 9 67.84
12371 19970221 5 78.85
61678 19980701 1 181.07
87452 19980424 1 132.72
53858 19980228 7 94.31
51518 19980826 3 94.02
99886 19970123 2 248.81
05345 19980215 8 112.17
86543 19970602 2 108.45
40936 19981016 2 68.65
87284 19970304 7 236.32
54767 19970212 4 32.73
34323 19971113 2 13.21
54769 19981207 5 89.42
34454 19970111 6 72.34
48243 19970608 1 156.80
28908 19970328 9 120.60
36885 19980315 2 29.34
25325 19970511 6 111.01
60664 19980129 1 221.85
82323 19971205 9 58.11
46766 19980428 8 150.00
86664 19980228 8 10.82
02012 19980927 5 192.64
94681 19981216 3 80.41
67583 19970208 2 175.22
30450 19981227 7 55.20
83221 19980710 3 192.36
92164 19980202 1 150.84
39815 19970224 2 182.82
38204 19980527 6 72.54
27607 19971115 6 221.48
22327 19970103 3 134.33
47039 19970607 5 86.62
37388 19980804 4 151.35
28291 19970126 1 142.94
26122 19980810 6 130.07
62930 19980607 7 48.48
76905 19970916 4 91.48
50076 19971210 6 176.93
36196 19970903 9 55.96
65957 19980627 9 179.54
85859 19970122 2 103.63
56288 19970204 4 66.77
13927 19970327 1 121.35
09223 19980619 1 74.09
44616 19970506 8 194.91
63988 19981216 9 52.41
15505 19971228 4 225.69
68844 19980807 1 153.21
95334 19980324 3 118.71
30238 19981029 4 222.48
92453 19980411 7 145.71
66443 19971105 5 178.09
43998 19980131 3 127.49
70343 19970218 2 13.01
94984 19980404 6 182.61
05860 19971101 2 116.83
31222 19970112 4 107.09
36157 19971022 7 84.58
12954 19980531 1 233.98
08317 19981001 2 188.59
92043 19970815 6 147.13
54627 19971005 4 170.91
98331 19970209 5 102.38
78525 19970520 7 150.07
25309 19980813 6 27.08
42756 19980215 1 98.18
92775 19980527 9 68.19
16556 19980406 1 113.89
39532 19971122 5 17.57
13081 19971018 2 83.78
41664 19970811 4 142.45
01418 19971217 6 68.26
78188 19971221 3 34.28
68295 19971203 5 243.35
07911 19970530 5 29.11
68708 19980521 9 229.68
93751 19980603 5 227.65
72942 19981020 2 216.29
96423 19980105 7 53.82
71861 19970902 4 214.22
07089 19981212 4 143.99
70277 19970413 3 186.59
02068 19971218 1 76.96
36862 19970201 4 25.44
62280 19980409 3 202.25
32969 19980704 9 162.24
01223 19970529 3 187.32
29889 19970609 3 142.86
86978 19970307 2 63.84
79599 19981029 9 171.94
68344 19981017 3 12.25
25007 19970624 5 138.73
83971 19980815 6 143.92
45668 19970613 8 137.06
24689 19980704 4 204.93
58654 19970628 3 44.63
40818 19981123 4 36.03
95415 19970824 4 81.45
28117 19970111 7 181.85
59677 19980420 1 44.72
92154 19980104 1 133.67
03601 19981114 1 243.27
12512 19980406 8 220.51
48788 19970206 9 112.04
44588 19970312 4 229.28
95872 19970406 2 156.74
73160 19980107 2 228.58
50768 19981118 7 245.10
91699 19980121 4 25.01
64913 19980421 5 106.83
97916 19970306 6 249.03
04234 19970317 7 19.52
35614 19980430 6 115.43
83473 19981202 1 219.36
83098 19970822 6 37.52
12396 19981222 5 216.58
69520 19970920 6 213.67
13314 19970929 2 5.11
44781 19970911 9 41.27
71810 19970709 5 174.85
38517 19970910 7 102.02
13957 19980401 5 85.49
78503 19980331 4 150.36
88969 19980805 6 32.99
11828 19970615 3 59.70
92417 19980201 8 12.38
10353 19980724 8 83.40
51536 19980212 7 162.73
28097 19981217 3 39.18
49584 19970422 4 207.38
20479 19970220 3 132.62
37963 19970312 8 169.68
87184 19970610 3 41.02
35431 19981227 7 40.75
47479 19970606 8 229.32
54612 19970504 4 89.68
09789 19970810 5 145.04
31908 19981018 8 39.63
13534 19981221 2 30.32
76547 19971016 3 98.39
31800 19980511 8 175.24
08882 19980706 8 117.30
59638 19981115 7 66.17
63789 19970422 1 196.15
31431 19980806 4 148.48
22485 19980303 1 95.39
44901 19981002 8 102.26
60533 19970612 4 115.27
10352 19980407 2 192.60
04843 19971002 8 74.05
44059 19980122 8 56.21
04292 19980618 9 88.74
26847 19970624 8 160.44
42106 19971116 2 163.75
17898 19970617 9 137.03
64216 19971130 5 136.88
78804 19970827 3 140.81
38255 19980409 4 157.80
30888 19980726 5 157.64
12287 19980223 8 25.48
11674 19970107 3 10.70
12248 19990101 7 90.04
38128 19971103 9 51.88
78512 19970119 1 145.70
27271 19970312 2 6.63
13361 19980714 8 16.53
72507 19970105 2 249.11
53243 19970112 5 143.69
32143 19970206 9 105.00
36742 19981230 3 207.45
87538 19971025 8 219.32
03608 19971128 7 88.46
20703 19971102 1 44.06
01309 19980805 4 151.16
97339 19970311 4 54.69
49533 19980322 5 64.32
98513 19981017 6 98.64
84192 19970810 4 95.97
77664 19970326 6 61.34
34865 19981122 5 238.10
59683 19970407 6 8.55
90628 19981027 7 156.24
73502 19980113 1 11.83
80708 19970821 4 171.18
76041 19970214 7 16.08
66923 19970201 4 90.46
77415 19971027 7 94.19
84502 19970616 9 171.02
07025 19971002 2 65.01
72073 19970909 5 222.69
97352 19981119 3 116.36
39917 19980926 6 240.84
52530 19981013 8 90.64
81732 19981208 2 43.66
45635 19970712 2 115.35
95867 19980615 4 134.69
61748 19980605 4 98.20
45635 19980405 2 244.89
71757 19970930 4 87.34
72877 19971228 6 147.39
83214 19970126 7 23.69
01363 19980429 3 147.08
05062 19980511 7 173.35
84998 19970928 5 65.14
99014 19980402 9 49.11
85712 19980905 8 146.01
62306 19980526 4 82.06
61700 19970502 7 22.64
81436 19981207 8 189.51
03757 19981006 1 223.93
13250 19980614 2 17.76
29349 19980620 6 209.71
17929 19980419 8 99.10
28267 19981007 3 186.17
71238 19970514 3 66.65
00208 19980701 1 112.16
32935 19980404 7 21.43
94632 19980523 7 221.21
84513 19980113 1 100.45
72647 19970701 7 35.54
70932 19970328 9 91.53
09541 19970508 6 128.46
33339 19980912 2 211.26
31475 19980211 7 39.24
73994 19970804 8 227.18
81361 19980314 5 59.97
95299 19980621 4 179.13
18697 19970106 9 77.05
34829 19970716 1 68.04
98072 19971223 3 94.69
25723 19980318 2 201.44
39986 19970805 1 103.50
16799 19971003 7 128.57
48843 19970512 6 178.44
94582 19980811 5 119.79
34524 19980928 2 196.49
89003 19980220 8 172.95
91146 19971122 4 46.98
41844 19970506 7 231.52
29372 19970916 6 100.14
97985 19970407 1 75.14
54060 19980711 5 111.61
36474 19970827 1 80.17
01214 19980924 8 120.53
60118 19970412 4 140.75
41626 19970313 6 18.70
17667 19980624 6 233.37
44757 19970924 5 185.64
86033 19981206 9 80.36
29058 19980516 7 203.36
47502 19980530 6 49.71
06193 19980906 7 247.81
61512 19980119 4 243.15
02225 19970125 2 173.73
59084 19980518 5 211.16
31655 19970909 3 242.50
52021 19970321 2 7.43
46636 19970620 6 234.98
08438 19980922 4 202.88
73469 19981022 5 6.46
83867 19970520 8 140.10
60902 19980929 5 169.02
79824 19981228 6 46.11
41410 19970223 3 163.26
21557 19970216 6 64.60
88092 19981228 8 136.81
55058 19970816 5 147.06
97097 19981116 2 82.19
43906 19970811 6 83.72
70305 19970209 8 61.23
29152 19980113 7 98.80
38332 19981209 9 170.81
10808 19970809 6 125.94
37917 19970201 2 41.75
68217 19980515 2 124.28
45998 19980611 9 102.60
25164 19981216 1 216.84
39702 19971111 1 24.98
28009 19981019 6 115.85
54944 19970307 7 205.09
49214 19981211 2 149.63
16570 19980331 9 217.77
05689 19970602 7 138.86
52183 19970417 8 151.83
36229 19970103 6 34.36
26705 19981021 4 220.53
11090 19980804 9 204.98
03569 19980831 9 168.44
95137 19980812 6 248.65
37180 19970719 6 110.85
56649 19980321 4 207.94
04235 19980216 3 21.13
68767 19970929 7 47.38
79133 19970611 4 45.65
82538 19980426 4 126.39
79818 19980117 3 13.44
19228 19981028 7 78.90
36806 19970126 5 239.86
25495 19980831 1 122.83
79269 19971113 1 55.54
67011 19980125 8 215.74
89954 19980614 7 92.85
54955 19971221 2 208.59
80157 19980601 6 35.72
59751 19980309 5 183.28
74909 19980130 1 66.30
34762 19980203 2 122.29
09392 19970312 3 138.41
62193 19981121 7 87.33
66325 19980921 2 142.42
43823 19970208 3 32.89
29436 19970822 8 227.49
58963 19971211 1 161.17
49915 19980123 4 48.84
73975 19980326 1 70.52
79028 19970511 5 119.03
82706 19971203 5 91.46
18155 19970706 5 129.47
28625 19970325 4 221.65
45799 19981226 8 59.47
50655 19971110 5 119.06
96231 19981217 5 248.34
70025 19971108 4 106.85
35683 19970903 5 235.31
84578 19970528 8 169.72
23965 19980820 3 76.89
90724 19981009 3 110.63
56921 19980909 2 51.59
41889 19981115 7 223.06
66096 19970310 7 78.26
88408 19981128 6 207.99
24980 19971212 9 238.79
03108 19970524 9 75.60
12908 19971128 6 183.23
29001 19970520 2 223.35
60543 19970210 2 59.60
76735 19980214 8 180.48
70936 19970411 8 199.36
35585 19980412 2 75.58
41107 19981023 9 144.17
05812 19980701 3 30.77
78637 19980408 1 107.47
91664 19970619 1 9.91
31241 19970325 3 18.90
24796 19971030 3 100.56
84995 19971219 2 224.15
29233 19970920 2 141.22
81288 19980327 5 176.98
90811 19981125 5 114.61
68308 19970218 3 185.30
34315 19981028 6 99.15
54328 19970614 1 176.31
73079 19970312 6 127.00
74252 19980609 7 137.22
77694 19980412 8 161.17
00056 19970707 2 199.73
25847 19981015 1 20.95
93054 19980320 9 164.15
49949 19981202 1 211.59
65822 19980125 3 209.20
28377 19971116 1 40.90
18759 19970607 9 180.38
66466 19971015 8 72.55
50934 19980228 3 229.14
11975 19980712 4 82.03
82449 19970523 5 247.16
59681 19970529 2 169.63
34076 19970919 6 168.68
63268 19970211 5 70.83
19308 19971123 1 101.43
47411 19980927 9 234.25
30074 19970924 7 186.17
52517 19970828 6 39.98
10249 19980328 1 63.76
48644 19980203 4 236.91
13932 19970720 4 195.20
96180 19980819 1 148.65
74857 19980112 9 25.68
24966 19981006 2 149.16
88309 19980811 4 171.63
42860 19970104 5 31.32
43758 19971012 7 144.38
70160 19980916 6 108.65
36770 19980220 4 108.06
85946 19980826 9 226.48
23324 19971209 5 188.62
11971 19971206 5 74.79
28814 19971012 1 94.94
56979 19971110 6 148.35
96265 19970615 3 108.70
14644 19980126 5 166.57
74462 19970430 6 213.96
97504 19980129 8 248.37
12354 19990101 8 30.21
84149 19970512 4 93.50
07306 19981101 3 50.63
68487 19980401 3 113.02
33430 19980929 9 26.75
29859 19980218 7 158.73
98866 19981103 5 21.98
85196 19980111 2 81.71
27927 19970724 6 150.13
00190 19970704 8 22.34
05176 19971108 7 112.55
31531 19981016 6 14.04
62032 19980326 4 43.15
80978 19980501 1 80.32
18745 19980611 8 125.32
01318 19981105 7 221.37
41586 19970817 7 29.48
49622 19980921 8 67.17
21975 19981106 8 199.59
00466 19970425 8 33.81
58779 19970104 1 231.10
41463 19970801 4 120.38
44657 19980124 3 120.04
07369 19980219 9 130.22
08649 19971113 4 245.67
03433 19980611 7 46.14
47860 19971024 3 247.09
33845 19980630 5 21.95
19156 19971222 3 83.93
56917 19970505 2 151.52
25340 19970701 2 119.58
77753 19970614 4 43.01
44698 19980630 4 189.27
06671 19980527 5 86.61
73688 19981015 4 30.64
68729 19980705 2 198.26
60050 19971004 2 100.30
22772 19981110 3 156.07
30400 19981029 3 202.56
63042 19980428 2 80.65
41570 19970314 8 245.85
71729 19980709 7 136.63
10395 19971012 3 154.65
23640 19980804 2 80.99
32820 19970704 9 121.79
87804 19990101 3 123.69
57714 19980816 7 150.89
59735 19970609 2 60.67
12482 19970707 9 90.46
92885 19980311 8 127.68
22399 19970118 2 232.49
78972 19971121 3 119.99
78521 19970127 6 60.37
75603 19981025 9 68.03
19663 19980924 3 20.01
46683 19971105 8 114.14
22853 19980114 1 247.02
98496 19970213 7 204.51
04851 19980901 6 46.14
56825 19981017 2 189.32
80463 19971202 9 230.14
15334 19970519 3 54.88
31175 19970126 4 217.92
39185 19970613 7 25.94
34769 19980601 9 49.04
95972 19971203 4 127.46
75198 19981225 4 158.63
26978 19971124 7 122.10
39198 19980217 8 46.24
74896 19970413 6 17.85
22370 19980327 8 40.94
83897 19980326 7 165.22
16313 19971231 7 140.16
30523 19970329 7 145.21
96542 19971004 6 15.95
60422 19980327 3 229.41
95851 19970611 2 12.25
17610 19980818 2 54.34
57425 19970426 9 167.67
97494 19971217 5 20.59
20559 19980518 4 164.91
76332 19970208 6 99.05
30496 19980425 6 186.51
50767 19971211 6 58.83
19544 19971030 5 118.30
72224 19980522 9 21.48
96326 19970711 9 40.74
68174 19970224 5 179.43
96991 19970327 3 75.65
21860 19970823 7 85.78
43293 19980610 5 58.11
87829 19980611 6 198.35
54773 19980108 2 179.27
79764 19971218 2 157.02
42336 19980914 4 51.42
49543 19970403 4 212.06
47755 19981227 9 113.01
62062 19970923 8 90.29
92208 19980816 7 164.34
50586 19971118 8 236.30
70919 19980122 5 203.29
12378 19970308 7 105.78
38199 19970615 5 109.27
99007 19970421 5 90.37
93313 19981202 4 150.07
88068 19970317 2 238.15
38538 19971030 4 55.82
70455 19971118 9 94.90
70503 19970331 4 223.34
82182 19970517 6 152.11
06850 19980827 3 34.83
11300 19980811 7 220.70
49886 19980617 2 134.66
75980 19980415 4 14.58
12367 19970131 2 64.40
69793 19970707 1 171.31
14767 19980307 4 47.47
20670 19980424 3 87.36
01117 19980512 9 160.32
68055 19970408 6 17.74
79966 19970908 2 140.99
94618 19980813 8 91.67
22826 19980820 8 49.16
19223 19980525 7 142.36
72425 19970528 6 57.04
64326 19970320 9 19.59
31962 19970312 7 15.66
88940 19971023 9 57.86
20923 19970429 6 71.73
26261 19970716 7 68.06
65610 19981008 7 100.66
11283 19980331 3 248.00
71940 19971230 6 172.18
97729 19980923 4 149.15
96264 19980810 8 27.97
28857 19970110 9 199.12
19290 19971230 7 158.16
84858 19970521 6 80.06
50839 19971028 2 139.41
70976 19981125 5 146.64
86437 19980907 8 138.10
38850 19980406 2 14.34
86330 19970826 7 70.81
80209 19970707 9 141.82
52101 19980226 8 176.59
38970 19981013 6 225.54
11726 19971105 4 60.24
25120 19970331 9 170.15
32374 19970127 4 39.22
67762 19970725 5 144.02
58822 19971213 4 92.70
06857 19981102 9 114.07
30017 19971027 6 34.10
70140 19981114 9 121.68
96256 19971004 5 75.97
15981 19980817 5 201.74
47252 19970118 1 61.73
67184 19970930 7 160.86
75866 19971228 7 47.40
58578 19970305 2 195.72
91485 19980715 8 54.79
73395 19980203 5 248.57
35559 19970402 1 142.53
38042 19980618 7 41.16
02839 19970304 9 6.71
10433 19971201 8 6.81
29960 19980811 2 108.06
36628 19970218 8 15.34
20329 19981221 7 190.49
76980 19970424 7 213.62
29545 19981102 4 90.47
93318 19970226 1 115.60
54119 19981214 3 74.57
09113 19971112 1 190.18
14388 19980521 2 228.33
42027 19980915 8 221.01
23745 19980720 5 117.86
14525 19981120 6 246.75
57699 19980918 1 123.14
31249 19970424 1 184.26
89304 19970311 2 130.89
09646 19980518 5 137.97
46552 19980418 2 41.39
23662 19970808 7 23.58
85986 19981223 4 213.29
27898 19971231 6 216.61
18620 19971206 4 187.08
83521 19970102 9 23.40
16535 19970801 9 174.86
32942 19980510 8 160.88
31409 19980727 9 65.61
50520 19980118 6 153.56
90920 19980204 7 41.61
26568 19980830 7 15.72
29820 19980228 7 136.47
55397 19981018 1 180.51
84077 19971114 1 29.85
53819 19980917 8 37.19
79043 19970129 8 204.37
13213 19981208 6 69.25
63572 19971217 3 31.86
35494 19980130 7 82.47
82051 19971128 9 249.15
22211 19971226 2 187.82
13365 19981208 5 104.87
58953 19971102 7 200.97
49250 19970222 1 110.34
67031 19970630 3 21.15
68675 19981227 8 146.76
09730 19981013 7 169.90
08027 19970328 7 82.04
57941 19980117 9 166.08
47876 19980815 6 214.48
90927 19980214 9 22.93
66636 19981027 8 153.00
56685 19971203 4 68.13
18203 19971101 9 208.08
28397 19970128 8 16.68
85335 19971223 9 227.55
26841 19980813 1 216.03
26100 19980713 6 129.31
20514 19970817 2 43.95
50328 19981013 3 12.36
13952 19980429 4 149.06
32323 19970901 1 230.23
32570 19980317 7 27.75
24432 19970218 4 38.39
53282 19981216 8 66.31
44086 19970110 3 110.74
18871 19970328 4 77.40
02190 19971101 1 186.80
80759 19970602 7 242.88
99888 19980618 6 27.90
56468 19970427 4 128.96
88528 19970121 2 107.72
05239 19970113 3 161.86
02779 19980729 1 175.56
57124 19981118 2 5.58
22327 19980425 1 150.41
06646 19970123 6 241.21
17660 19981028 1 24.04
45092 19980307 4 225.61
15661 19980825 1 40.84
48002 19970902 4 100.57
53781 19981210 2 245.93
83404 19970410 8 61.46
23999 19971008 7 245.14
57923 19981018 8 121.52
51184 19971006 4 198.89
94752 19971029 7 36.12
09779 19980701 9 71.27
49411 19970509 6 214.89
14377 19980226 2 186.62
30868 19971203 2 41.03
56647 19980204 3 210.72
69745 19981022 2 214.57
66698 19970728 4 199.54
47297 19971007 8 240.07
11804 19970129 7 180.22
12783 19970320 9 26.42
76708 19981029 8 177.39
19186 19971010 4 76.83
65700 19981221 2 143.25
34441 19970910 4 204.40
36112 19980227 1 15.22
84384 19971102 4 61.52
17143 19980924 8 61.40
82795 19970126 7 124.13
41067 19970930 6 97.41
16948 19971029 6 48.83
93230 19970629 7 89.55
38545 19980109 9 65.85
07777 19971106 8 92.83
66618 19980530 2 205.80
44509 19971117 5 55.37
94855 19971124 7 20.08
77892 19980531 8 99.84
14044 19980124 8 233.46
35179 19980707 2 118.18
31478 19970801 7 19.24
54163 19980218 6 185.31
79194 19970205 4 154.00
87767 19970614 7 234.69
60382 19981025 2 191.25
78657 19980816 8 118.76
70318 19970829 4 207.54
35192 19970626 9 246.56
98282 19971221 8 100.91
84022 19970724 4 246.17
84768 19970223 6 248.74
85739 19980630 1 133.74
56884 19970616 6 192.52
89018 19980527 3 211.81
23567 19980617 1 16.98
77574 19981226 8 214.72
34920 19980831 7 70.53
99304 19970222 5 121.67
61595 19980829 6 67.84
31298 19980728 6 110.65
02674 19981012 9 40.01
29060 19971017 5 189.13
92695 19970811 3 29.74
65413 19980108 1 173.76
79973 19980102 9 112.79
07104 19971205 4 80.15
41726 19970129 5 144.85
92418 19970721 6 164.52
37206 19980414 6 135.69
43346 19980407 7 125.25
09112 19971010 2 111.12
44435 19971229 5 129.78
72263 19970718 9 156.86
59324 19981224 3 165.27
73205 19970405 8 43.18
94697 19971231 5 206.82
45191 19970108 4 28.25
53422 19980623 9 108.55
04351 19980527 9 66.12
69576 19970909 6 64.58
55361 19980904 5 212.57
04889 19980906 7 232.18
99814 19970514 5 187.10
90819 19970525 7 116.74
35771 19980822 3 216.36
56629 19980904 5 33.77
75241 19970413 3 151.90
17424 19970313 8 74.05
32960 19981214 9 195.05
44759 19970429 1 203.92
34956 19970728 8 99.00
89308 19980820 3 108.39
12732 19980428 6 193.60
98227 19970413 1 148.82
71201 19970819 8 25.45
40321 19980304 6 236.66
30780 19980822 5 154.10
55246 19981016 5 25.63
28500 19980308 9 56.79
23295 19980423 8 160.63
35055 19971123 6 184.22
22634 19980402 6 72.97
30110 19970503 7 53.50
49056 19970320 2 199.47
94099 19980120 7 41.91
24276 19980721 8 202.64
99352 19970404 2 7.49
70923 19980424 7 118.19
30055 19970508 7 117.24
36636 19970928 3 44.38
48943 19971012 9 27.86
87329 19970116 5 43.97
63953 19970915 8 78.88
87868 19970817 7 229.69
77076 19970810 2 80.86
33344 19970207 6 122.97
86009 19971212 7 231.02
15139 19971028 6 223.75
41068 19980223 3 98.37
49825 19970517 3 227.33
47651 19970716 7 166.13
92373 19971018 1 112.79
41280 19970531 1 126.76
00042 19971124 5 42.84
41813 19971231 3 99.61
85858 19981101 8 245.70
49676 19980202 1 176.23
53578 19970420 5 137.55
37746 19980828 7 79.13
13936 19980729 6 196.49
40298 19970701 7 192.17
53274 19981111 4 245.58
18023 19980612 4 199.61
64537 19980120 2 110.34
24305 19980419 8 222.08
53820 19971010 7 119.83
17417 19970927 7 14.76
37213 19970826 9 130.33
98838 19970930 3 198.37
50309 19980404 3 223.45
52969 19970716 4 51.69
95911 19970831 9 36.08
27697 19970609 3 217.06
19497 19980311 9 207.69
80958 19971011 7 14.45
98586 19981029 5 54.78
10179 19970831 2 165.23
66828 19970930 5 53.85
10809 19970527 6 244.67
94478 19970322 7 12.31
76158 19980809 8 107.39
11374 19980415 7 28.26
30992 19980208 9 235.26
95738 19970111 3 115.86
42079 19980725 9 243.92
96637 19980519 9 11.47
76662 19970809 2 128.85
21119 19971121 2 70.45
61046 19980919 6 167.71
52056 19981106 9 177.99
07586 19980609 2 68.04
31628 19970904 4 96.73
32633 19980517 8 131.29
03010 19971029 9 179.77
03296 19970428 3 226.13
08107 19980905 1 236.12
59953 19970206 7 216.52
12636 19980313 1 208.99
52251 19980810 4 200.08
27234 19980517 1 214.47
43795 19981010 1 58.77
02217 19971123 3 122.30
42394 19981121 1 60.25
70381 19980708 1 195.23
57782 19981216 3 77.89
47026 19970622 3 147.99
47136 19970216 9 141.94
91090 19970509 5 75.44
57980 19980611 4 156.48
79829 19980504 3 184.67
48374 19970617 2 103.84
69426 19970621 2 130.86
75093 19980731 2 123.59
66541 19980127 8 131.29
12120 19970908 7 24.63
86919 19980804 9 14.14
71468 19970307 7 132.76
00487 19971119 1 128.28
24948 19971204 2 84.18
15879 19970816 7 188.48
02639 19980217 3 109.91
83259 19980509 6 52.75
26869 19970121 4 144.35
00168 19970711 3 113.05
18566 19980114 2 149.97
89052 19971230 4 31.94
16816 19970606 2 246.21
86294 19980802 9 59.75
51934 19981122 7 237.68
64904 19970801 5 9.69
77041 19971130 5 145.69
92859 19980613 2 248.23
75343 19970802 4 145.59
19516 19970106 1 68.72
46082 19970606 8 249.02
81985 19980105 6 187.96
39272 19980306 3 158.05
54742 19980202 9 242.68
80471 19981016 3 203.35
89883 19971224 2 237.59
20775 19980224 9 29.26
18055 19970717 5 225.43
10549 19971021 1 45.35
67142 19981106 4 52.61
16899 19980907 1 228.62
70651 19981009 9 194.99
29642 19970706 6 248.15
40299 19980420 5 173.71
40527 19970104 8 134.01
71607 19980813 7 145.34
67924 19980419 3 8.81
74396 19970531 4 234.23
24720 19981002 7 85.18
06577 19980504 9 74.24
39296 19970717 6 62.91
28156 19970217 5 65.86
98041 19970525 9 238.81
08267 19980429 9 58.49
23646 19970812 4 120.39
34684 19980116 7 164.18
93055 19970326 8 48.29
88355 19970906 7 50.33
72682 19970426 3 69.09
40198 19970317 8 65.81
76396 19971207 1 212.88
27586 19970717 5 115.66
58982 19980405 6 204.63
32246 19970130 9 241.79
39809 19980227 1 61.95
77126 19971109 8 13.53
37445 19971117 5 13.91
88178 19980628 1 24.74
41006 19980728 3 148.21
14547 19980323 4 188.21
67415 19970207 3 6.17
71891 19971021 5 128.17
24489 19970611 1 155.75
59106 19970421 9 57.18
95651 19970324 8 6.72
92835 19980609 6 106.06
12441 19971210 6 234.79
15001 19980727 3 225.46
61426 19981202 6 55.37
22949 19980710 8 117.86
90181 19981206 5 31.61
18978 19970212 9 114.51
46257 19970506 9 178.41
29788 19970516 7 240.58
48209 19980518 1 244.08
81745 19970617 3 133.42
85651 19970904 7 183.62
43697 19970526 1 160.40
15203 19971203 3 106.67
21076 19970306 4 169.22
20050 19981106 2 131.18
37180 19980109 5 239.80
51562 19980919 3 186.68
00552 19970325 8 245.13
89482 19970515 7 164.49
72613 19990101 6 135.19
70825 19971114 1 38.24
81362 19970720 5 220.73
28627 19980123 5 94.06
69353 19980206 5 23.99
84388 19970916 4 59.94
84600 19980514 9 208.15
41296 19980305 5 10.21
58956 19980728 7 164.76
46979 19970215 7 153.48
83210 19980611 8 8.37
90456 19980325 6 241.57
38567 19971026 1 10.60
75833 19970220 6 68.98
41802 19970603 9 11.20
70260 19970915 5 244.82
85958 19970827 7 116.43
59836 19980924 5 227.06
42962 19981208 9 195.46
46575 19980322 2 39.40
58749 19971115 3 228.42
96571 19980624 9 25.18
03770 19980521 7 172.04
26258 19981127 5 116.40
61759 19980703 3 12.47
86898 19980325 5 64.77
61968 19970712 9 132.56
56935 19980727 5 242.57
32078 19970307 2 59.82
13767 19970414 8 10.60
27858 19970124 7 153.29
76238 19981029 5 91.36
61230 19981127 3 119.89
08207 19980207 6 25.70
92292 19970124 1 86.01
07770 19980611 6 188.10
31392 19980415 2 148.01
23032 19980526 8 36.68
37964 19981018 2 237.45
96724 19980304 5 32.23
16743 19980724 9 27.78
04415 19980411 9 11.49
54372 19980107 2 39.15
23155 19980308 9 219.09
62017 19970520 6 108.45
46464 19981020 6 182.36
81020 19970430 7 128.51
24574 19980807 8 129.33
95827 19970804 2 90.12
88514 19980604 7 180.41
08550 19980429 8 32.86
26059 19980707 8 76.84
84977 19970923 4 215.33
74274 19980126 2 236.00
91547 19970529 5 234.51
46494 19970620 1 171.44
58444 19981031 9 8.95
77354 19971004 2 32.27
00281 19981002 7 77.68
16257 19981121 3 44.40
90102 19970731 8 75.35
71263 19980423 9 214.99
49822 19970728 6 108.15
04472 19981118 3 37.10
97093 19981217 5 63.93
83554 19981228 1 125.21
80000 19970323 6 155.11
38387 19980821 1 175.61
22736 19970207 3 182.87
03335 19970527 4 243.48
07104 19980525 9 140.49
39249 19980812 8 166.16
73950 19981218 5 30.20
58265 19980418 4 178.27
70983 19981209 5 143.16
04975 19970101 6 160.16
84527 19971222 4 40.14
64858 19970219 2 141.52
68308 19970813 6 161.76
03817 19971020 4 119.74
62611 19970726 5 116.98
84842 19980129 1 59.14
51724 19971111 8 200.66
66760 19970316 6 96.08
93217 19980506 6 249.73
56783 19980609 2 227.60
39798 19980111 9 68.78
25230 19970308 7 61.37
88106 19981016 1 148.25
49390 19970114 4 184.47
51560 19970105 5 22.66
31920 19970610 4 8.70
86551 19980515 5 234.34
01287 19980118 6 146.22
41968 19971204 3 164.89
52889 19980514 2 72.38
53227 19980219 5 242.73
55449 19980820 6 174.49
45557 19970324 5 39.95
66380 19981217 5 55.37
34177 19970714 7 82.47
43547 19980316 9 22.60
50445 19981212 7 72.42
71143 19970208 1 232.61
48217 19980712 1 44.28
98732 19971030 5 144.69
58541 19970309 4 33.84
82055 19980208 4 85.09
99560 19980921 9 186.56
70827 19980301 4 165.23
61968 19981001 6 66.80
83509 19970803 6 87.95
04090 19970806 7 154.97
74249 19980824 1 116.32
83076 19970417 4 120.27
01961 19981016 9 245.54
09933 19970609 6 91.26
26450 19980109 3 71.93
73651 19970407 2 231.11
38313 19980725 9 98.51
57924 19970917 1 208.13
21024 19980319 3 72.72
28892 19970815 1 142.15
95244 19970418 6 73.49
23288 19980228 1 9.18
18234 19970710 8 51.85
40431 19970605 5 80.21
78122 19970630 9 198.25
56556 19980526 4 186.86
25292 19980318 9 160.09
12854 19980325 7 137.95
56665 19980428 2 97.52
12331 19970620 6 131.33
18967 19970629 8 36.05
51962 19980825 4 159.53
31263 19980428 3 177.95
19398 19981127 2 177.65
89086 19970823 2 30.85
90996 19970914 8 123.67
21601 19970321 1 153.60
79218 19970505 5 218.59
25493 19981231 5 195.72
89345 19980401 3 226.97
35738 19981016 9 53.34
38225 19981007 5 196.80
26019 19981003 8 61.66
76173 19970721 2 113.04
55678 19981230 2 159.44
13068 19971108 5 133.18
99730 19970216 8 28.87
90880 19981030 7 107.89
84875 19980827 4 93.44
59780 19970125 9 103.44
93572 19981207 8 231.18
69796 19980330 7 143.53
41731 19980527 1 203.32
55521 19970825 3 87.57
99600 19971115 9 191.26
53375 19980118 2 212.89
08065 19971220 1 149.09
90732 19980131 5 188.17
08006 19981222 4 173.96
65561 19970108 9 223.20
71447 19980131 9 141.31
54727 19971226 7 162.53
48314 19971022 5 163.52
57163 19980328 7 51.25
62343 19980530 1 60.31
07420 19980922 2 84.90
76721 19980528 3 162.93
85616 19971227 6 92.18
98396 19980911 1 222.51
80803 19971006 8 124.44
81913 19970525 2 27.49
30097 19971028 6 80.88
43859 19971212 1 96.30
40079 19970901 9 33.39
35919 19970226 8 191.77
94007 19970218 5 112.87
08346 19981115 8 212.14
96200 19970518 6 27.43
31200 19970508 5 246.68
24043 19970615 8 44.96
53830 19971024 9 154.29
77134 19970209 8 39.04
86443 19980125 4 38.74
84125 19980701 6 31.10
32011 19980104 4 116.89
44800 19980309 3 122.35
96385 19970526 3 208.06
89154 19970209 6 218.36
46462 19981026 9 188.82
54490 19970219 7 61.16
34528 19980412 2 162.57
21965 19970428 4 31.16
24446 19970508 9 111.01
20250 19971103 8 229.99
42639 19980429 4 160.31
13503 19980712 4 89.67
31487 19980720 9 189.90
95890 19970122 8 28.77
79083 19970317 4 164.70
10987 19981130 5 166.25
96877 19981114 6 220.25
62192 19970112 5 84.39
56452 19971202 7 111.48
76288 19981216 7 51.95
91682 19980313 8 222.26
63721 19971016 7 61.71
85439 19980804 8 133.27
27491 19980306 9 93.14
01433 19971024 9 193.82
72605 19980618 3 127.48
68372 19970920 3 12.48
56473 19980428 5 116.67
57862 19981228 9 208.52
73980 19970206 5 133.49
46402 19980723 5 203.22
99034 19970510 2 179.02
08723 19980918 6 121.25
59460 19980315 4 40.84
91115 19981225 7 180.83
95365 19970919 5 231.90
43790 19971018 8 190.98
41019 19971223 7 132.34
50084 19980812 6 130.37
63157 19980915 1 204.06
11747 19970112 3 94.25
05172 19970121 9 245.96
27745 19970612 2 53.26
95522 19970711 6 234.51
14317 19981231 1 10.13
90370 19970912 7 190.94
38975 19970602 5 191.23
22293 19970628 3 87.07
09866 19981005 9 196.20
21464 19971126 4 112.28
84236 19980302 8 205.97
13598 19970211 3 145.54
81763 19970103 3 36.67
22087 19970111 2 61.68
11173 19971219 6 229.96
38836 19971225 3 163.40
77427 19970615 7 145.08
47020 19980617 8 57.33
23206 19980731 8 95.84
06424 19970927 4 107.91
95793 19980328 3 155.90
40823 19970520 3 175.11
41281 19971031 5 224.27
14519 19970819 8 245.77
07412 19980215 2 173.39
76577 19980513 4 220.94
87925 19980219 4 63.56
96605 19980320 5 61.35
95879 19980927 4 125.42
33913 19970810 2 118.04
22338 19970905 8 145.03
62833 19981016 2 122.91
18349 19970717 6 184.81
26232 19970902 8 135.13
15123 19981130 3 67.61
86156 19970722 4 134.00
46788 19971209 9 217.69
77790 19980910 2 127.58
56655 19980307 6 248.51
23437 19980520 6 90.74
05332 19980320 5 207.63
33005 19980428 4 97.81
27104 19980702 8 155.36
92600 19980414 2 125.28
42015 19970625 7 56.37
61553 19981014 9 176.26
50175 19980329 1 205.04
21804 19980418 1 123.23
31907 19970205 5 13.50
38953 19980802 6 211.71
20898 19980712 4 98.36
83882 19970917 3 117.30
84884 19980627 4 224.52
47048 19970315 2 26.19
70603 19980426 4 213.19
03242 19981128 6 201.26
69250 19970217 4 78.16
26303 19970125 2 216.48
71755 19970428 8 18.70
89587 19970307 9 108.45
55625 19980613 2 5.52
81874 19981002 6 185.28
84868 19980731 5 205.12
44332 19970517 5 116.35
92506 19970604 8 229.25
74779 19970901 6 39.50
70509 19971007 8 83.46
29644 19970911 4 102.57
40956 19980421 6 70.21
29474 19970827 1 94.88
67416 19980227 5 245.59
85978 19970329 4 210.14
44215 19971018 1 151.42
87845 19970310 4 248.25
96032 19981223 3 18.02
29625 19970717 3 175.80
20871 19981004 4 76.82
28911 19980616 8 208.50
24064 19970315 4 235.80
02410 19981225 8 100.74
86333 19980107 8 173.35
47518 19970311 5 153.46
50352 19980608 7 98.99
39856 19980928 5 25.76
07333 19970304 2 186.47
65770 19971224 1 34.56
60534 19980501 6 177.08
80293 19970511 7 223.64
52252 19970827 8 145.12
67926 19971019 5 107.10
40004 19980314 3 163.78
56231 19980608 3 240.77
21906 19970508 9 78.45
91978 19981105 6 148.68
47190 19980624 7 142.39
61144 19980912 8 109.25
17865 19980418 3 210.43
17952 19980311 7 194.99
79571 19981212 9 99.83
98467 19970425 8 52.74
56561 19980220 6 166.84
14849 19980429 3 216.42
59077 19970119 4 159.18
43405 19981010 1 122.95
74591 19970315 3 152.48
47407 19980621 2 106.18
58522 19970730 3 91.94
86694 19980527 2 220.90
88424 19980220 1 14.88
07688 19970518 1 228.91
80677 19981004 2 199.34
21475 19971201 4 237.71
67747 19971121 4 19.31
72092 19980107 2 90.49
04313 19981229 9 169.06
50574 19970913 5 211.43
14952 19980316 8 115.49
21514 19970809 5 50.84
34785 19970721 6 162.74
91203 19971217 6 157.11
57016 19980119 3 215.80
47386 19990101 1 220.92
40932 19980128 6 86.90
88701 19980412 3 183.61
97128 19970117 7 78.08
88969 19980605 4 224.53
19370 19980608 4 109.34
43699 19971015 7 98.69
37524 19970225 7 191.22
08313 19970518 6 105.58
09745 19970806 3 162.56
59507 19980821 2 13.62
41704 19971121 4 141.40
38901 19980817 5 157.55
95292 19980202 2 225.13
28269 19980702 6 31.30
00520 19980227 6 20.52
69529 19970204 8 148.19
04070 19970419 4 249.74
19638 19980129 1 81.14
22324 19980403 8 35.22
12689 19970202 2 136.66
47737 19980715 5 132.40
70605 19980126 9 99.28
29784 19970413 3 172.36
22704 19980913 1 236.65
30767 19971209 5 143.05
00635 19981126 6 223.92
78510 19980319 6 197.67
45957 19970906 4 40.03
33921 19980823 3 68.67
84001 19980808 2 63.79
42611 19970120 1 227.78
54144 19980629 6 130.07
43019 19970401 3 178.60
80021 19970127 3 15.10
94550 19970413 4 158.29
05557 19980829 9 171.83
39351 19980822 6 120.67
88880 19970712 1 234.50
00576 19971108 3 102.90
45369 19980420 7 233.76
01982 19980707 7 174.75
12381 19980727 2 76.12
54334 19980808 7 247.56
74672 19981025 4 11.96
21795 19980629 4 103.21
25495 19981010 4 72.82
70777 19970603 2 55.23
91879 19970322 2 115.03
44832 19970301 3 37.32
29450 19980801 5 110.28
34935 19970122 7 22.80
81652 19970430 4 105.43
93998 19980531 1 141.30
38225 19971103 3 16.30
87887 19970519 1 212.26
69482 19980906 1 27.08
91414 19980115 7 174.05
01719 19980608 7 140.35
76508 19981211 3 140.37
59572 19980807 5 73.47
07870 19980803 3 43.15
43677 19970515 2 48.38
61582 19970415 1 200.93
76663 19971021 7 173.80
51076 19970713 6 177.91
21144 19981102 1 123.47
18389 19970609 7 197.89
76062 19970724 6 86.86
16378 19971007 3 82.90
91153 19970605 7 238.69
00953 19971229 3 105.22
37399 19971124 4 230.26
22470 19971004 6 174.38
09320 19970502 4 41.64
62341 19980508 1 120.47
05336 19980928 8 171.91
49940 19970719 8 17.40
71283 19980616 2 215.65
28253 19981010 9 145.15
34605 19970605 6 183.40
74473 19980616 6 133.08
32294 19980708 1 216.92
55342 19981030 5 95.78
38414 19980109 6 195.09
37520 19981111 1 66.94
81894 19980428 6 168.29
65644 19971230 8 185.34
28557 19980405 9 181.88
22553 19980731 8 187.94
16044 19970802 8 208.29
74467 19971010 4 84.87
49355 19971223 9 231.73
02098 19980215 2 163.20
06619 19970325 2 111.12
39660 19980913 8 9.84
03160 19970207 8 190.69
68008 19970505 7 105.42
59535 19980327 1 171.23
92551 19970109 8 224.21
32430 19970725 5 179.00
01570 19971201 8 163.76
75029 19980330 1 225.48
38585 19971028 8 212.80
83952 19971122 6 40.22
20104 19970820 4 220.86
85262 19980207 8 216.05
82246 19971220 6 17.46
71437 19971026 4 99.34
22096 19970326 8 94.85
38043 19981005 3 85.64
76948 19970430 1 189.66
99154 19980314 6 161.01
85013 19970307 2 72.36
93033 19970821 2 45.06
79855 19970501 6 70.31
97435 19980413 8 161.72
09878 19980917 6 48.57
96925 19980123 9 225.62
20825 19980917 6 226.95
15382 19970121 6 19.41
44538 19970527 2 226.86
04410 19970128 1 7.29
31715 19980218 7 199.54
82387 19970902 1 97.29
51131 19970926 4 85.93
77085 19970705 9 185.66
21702 19980424 5 33.26
03035 19981124 2 76.97
79717 19970419 1 202.99
58345 19980614 9 242.19
86612 19970913 6 12.08
50805 19981022 8 106.49
19518 19971129 8 27.15
94130 19970713 5 180.97
07029 19980324 9 33.62
10947 19971221 1 77.48
66292 19970518 3 88.32
87073 19980319 6 207.73
81438 19980912 4 16.12
09076 19970108 3 61.50
07101 19970314 6 213.08
88974 19981210 3 242.93
17390 19970702 9 76.90
85985 19970425 1 111.12
18070 19970510 1 80.70
41858 19980723 9 95.33
79246 19980202 4 17.24
28315 19970623 5 128.33
02278 19980705 7 230.50
92226 19980311 3 38.39
49876 19970927 4 173.59
22281 19971129 3 212.00
94983 19980313 6 153.10
80261 19981107 9 57.79
51786 19970313 3 55.24
24791 19981121 7 42.56
70476 19970731 2 22.33
42366 19981213 8 179.06
58810 19980922 3 97.03
16105 19970824 6 243.82
43127 19980428 2 237.43
63976 19980915 2 53.36
98955 19981220 7 200.17
94546 19970418 2 104.83
52736 19970122 5 163.32
52976 19980620 2 64.28
02467 19971108 2 186.73
65316 19980506 9 144.71
04724 19981130 2 37.62
58614 19980921 7 236.41
22624 19971006 1 55.06
51080 19980213 4 86.11
64009 19980719 8 154.94
63942 19980818 9 43.48
37695 19970811 5 105.24
97009 19970324 1 127.44
59533 19970228 3 33.62
51333 19970724 8 170.97
85584 19980817 1 59.67
82150 19970131 6 41.04
13287 19970526 4 41.07
75886 19980713 7 94.61
53031 19981106 8 89.86
48576 19980902 2 115.57
92686 19980516 3 241.69
25745 19970811 6 60.36
25640 19970210 8 40.70
10993 19981215 9 95.37
82303 19980715 5 43.74
24882 19970617 2 25.65
69391 19970430 1 236.50
91179 19980803 2 8.41
04533 19970311 9 130.31
07131 19970718 9 171.66
83484 19980314 4 210.07
89451 19970607 4 75.20
13674 19970619 8 77.38
72654 19980503 7 244.90
18865 19970420 3 175.13
96623 19971128 6 157.28
13963 19970208 9 195.24
40674 19980118 2 179.19
11520 19970825 3 189.50
83065 19980721 9 140.31
72139 19971024 5 126.34
17992 19971009 4 58.47
42421 19970327 3 139.62
49849 19970523 1 209.73
10830 19970731 1 101.43
03007 19970823 7 218.87
67897 19970815 2 246.99
01965 19970108 2 244.49
76101 19971210 5 135.34
01102 19981026 2 180.39
35559 19981220 4 246.85
10399 19970103 6 154.39
14584 19980817 2 239.50
31855 19970404 6 217.19
98513 19980208 7 188.45
81432 19971127 1 170.62
05165 19970129 3 43.71
01838 19970724 3 45.02
73727 19980730 7 186.57
54830 19980711 9 248.54
81856 19970424 1 8.28
43858 19970102 2 223.76
71570 19980524 5 7.20
39287 19970528 2 115.83
41545 19981113 7 60.61
91123 19970220 1 103.35
86887 19971224 6 39.42
41737 19981021 3 13.75
63849 19970119 4 84.44
17619 19970508 1 163.39
44785 19970529 4 148.01
08635 19970626 3 134.95
01594 19970605 6 35.48
57006 19971001 8 163.58
49685 19970802 7 185.31
95445 19970409 5 125.97
39657 19981223 1 93.47
54176 19970622 8 140.50
66234 19970504 6 151.86
56934 19970528 2 146.60
12408 19980123 8 161.22
95538 19970731 9 52.63
30027 19970808 3 208.88
31840 19981021 8 60.86
23695 19990101 3 60.98
24204 19980419 7 38.78
96289 19970621 4 134.43
26071 19970914 4 216.68
83785 19970303 3 160.52
90227 19980712 2 188.03
20789 19981120 1 195.83
43739 19971201 1 122.10
22725 19981204 3 118.48
29970 19970819 4 248.84
79111 19980905 4 237.23
45699 19981108 7 223.86
46196 19970701 4 212.39
04437 19980905 9 96.09
33383 19981025 2 98.31
22699 19970915 6 246.48
66795 19970320 4 240.67
89616 19970222 7 85.80
42472 19970828 7 78.80
38464 19970423 6 156.14
66577 19981106 9 21.60
02721 19970623 7 159.94
12254 19970107 2 21.93
66426 19980610 3 120.46
12070 19970819 9 20.26
46317 19971103 9 167.56
58365 19980225 1 207.38
70219 19980504 6 149.33
14232 19980902 7 24.13
19846 19970801 9 176.16
14874 19971205 2 68.24
58892 19981117 4 113.42
38105 19970411 8 139.39
45197 19981225 8 5.23
40314 19980408 7 196.45
41455 19970725 6 158.45
62188 19970104 1 121.90
43784 19980321 2 170.19
49181 19981205 1 60.07
31237 19981126 2 124.91
12184 19970710 7 227.21
04333 19981216 4 54.90
54246 19980123 4 244.91
18758 19980822 5 228.69
47384 19980808 6 136.68
34845 19971005 1 196.73
09901 19970601 5 83.02
25967 19970724 6 113.29
62484 19981201 9 82.02
39854 19970829 5 176.67
78722 19971102 7 35.28
79637 19970403 9 32.55
10330 19971015 9 88.28
13224 19970410 3 57.57
98693 19980828 2 67.49
66002 19970127 1 112.96
94328 19981111 1 51.77
19506 19980319 5 180.36
82734 19980901 9 107.09
58536 19970426 5 88.39
83461 19980428 7 75.21
81989 19981204 4 41.39
20907 19980814 5 42.09
77325 19980308 2 243.72
51878 19970815 2 237.88
97416 19980103 4 195.93
39625 19980813 8 132.80
41656 19971119 8 126.35
45801 19980421 5 119.50
40621 19980209 5 195.96
65272 19980726 9 12.08
77755 19970401 2 221.73
63420 19970614 8 227.40
75337 19980610 8 44.75
96466 19980309 9 182.21
10184 19970708 1 175.61
90462 19970215 6 81.43
13391 19970413 6 8.52
49269 19970522 7 110.31
68406 19980212 2 79.82
85600 19971030 3 236.89
02104 19970526 7 34.26
90803 19980711 4 58.33
64953 19970808 9 129.55
47564 19970424 1 188.96
07597 19980723 9 144.13
05809 19981118 5 80.87
86779 19980426 1 229.02
62076 19970320 4 207.67
56255 19970622 6 43.68
92291 19970212 9 75.05
68002 19970926 5 92.40
75373 19980720 9 249.86
50899 19970308 9 37.17
98909 19981222 1 193.28
40440 19980823 9 11.64
15332 19970824 2 140.43
60054 19970303 8 118.98
53860 19970920 8 153.59
11831 19970101 9 27.89
21872 19971103 6 115.97
64659 19980916 4 49.71
29160 19980618 7 127.60
30758 19970529 3 10.24
76477 19970930 3 52.44
14707 19980305 7 95.57
57452 19971101 2 47.61
99962 19970115 7 195.61
32148 19980616 4 171.13
10386 19980309 5 30.87
32616 19980201 1 197.56
20433 19981014 4 243.90
43828 19980408 3 62.66
00663 19970606 9 67.46
32193 19971202 5 187.15
79567 19970607 4 245.67
56585 19970106 4 210.33
94629 19971019 7 159.25
79332 19980828 6 58.02
54446 19980525 7 87.86
55585 19970429 9 57.60
12320 19980805 1 179.42
00628 19970721 7 220.18
84024 19980726 6 171.30
85099 19970724 8 214.75
37455 19980207 4 156.30
77924 19970426 1 108.42
35983 19980903 2 173.26
57262 19970731 1 142.01
13869 19980203 6 246.63
07052 19981216 3 81.85
83629 19970728 8 78.79
55135 19981123 6 43.92
95604 19980112 7 203.45
88176 19970513 1 125.70
85954 19970126 5 126.92
77360 19980531 3 35.00
96018 19970204 6 84.93
87146 19970110 1 240.90
25702 19970403 1 53.79
04803 19971115 2 219.50
86984 19970827 1 68.33
44070 19980327 8 203.90
28701 19980303 5 7.01
98338 19971029 5 144.92
05197 19970715 6 94.56
90742 19970130 6 10.50
91182 19980923 2 23.73
86689 19980916 7 91.65
77539 19971105 2 231.06
58359 19970411 9 98.69
41012 19971223 9 20.34
71924 19980108 9 114.10
72683 19990101 8 199.67
09946 19970819 4 7.32
08621 19971116 5 35.84
24506 19970221 8 215.27
07312 19981130 5 106.64
41178 19980728 9 37.66
33211 19970907 5 157.97
03589 19971023 6 166.95
69901 19970326 8 78.56
02839 19970127 6 239.71
04005 19980918 7 125.60
68983 19970722 4 216.27
82989 19970308 3 134.19
40969 19980803 8 114.28
41085 19970329 1 17.56
47593 19970528 2 137.50
39380 19981016 3 216.09
40062 19970902 4 244.62
87413 19980201 1 220.35
61801 19970815 9 242.76
68063 19980206 8 74.13
22181 19971005 3 153.06
19411 19970325 7 35.98
33858 19970924 2 172.10
96863 19980111 8 204.49
42612 19980129 4 161.75
63804 19970319 3 63.03
78452 19971030 9 74.86
35740 19971014 9 82.26
92942 19980612 4 127.73
41192 19970930 8 193.08
11090 19980202 7 156.82
75603 19980801 7 165.38
29799 19980805 1 71.87
55493 19971210 1 223.49
33170 19981118 6 148.72
98191 19971115 1 215.88
43688 19980104 1 28.29
98222 19980610 3 94.47
70723 19971213 5 176.64
62266 19970325 4 216.16
64399 19970218 9 19.51
26385 19980518 8 49.72
08642 19971222 4 133.01
78678 19980122 9 192.22
64711 19971020 9 242.20
59854 19970101 3 122.72
11785 19970215 6 50.73
80345 19971115 7 18.33
06217 19970126 6 20.86
66289 19981210 2 74.79
54523 19970224 1 93.45
70002 19981227 2 149.53
14383 19980912 7 54.67
96360 19980226 7 206.74
31386 19970721 5 24.93
01932 19981030 4 204.23
23091 19970426 2 48.28
84238 19970824 4 223.26
94004 19970710 4 8.78
30139 19981021 4 61.96
48465 19971113 1 201.56
51703 19970201 8 237.14
87720 19980703 2 168.08
89658 19980124 4 31.14
80786 19971125 2 115.00
82725 19970312 6 100.83
90940 19970530 3 29.30
23095 19980605 7 103.59
24077 19970802 4 81.76
59151 19981224 4 234.74
32671 19980823 5 214.91
52689 19971010 9 132.96
13704 19970918 9 120.19
74760 19971219 7 110.70
73524 19980328 6 159.85
92655 19970724 4 224.28
48268 19980210 7 129.70
37284 19971107 1 201.37
62764 19980322 1 25.12
52678 19970325 6 82.68
24940 19981008 6 69.96
50794 19971222 3 157.92
39288 19980408 3 16.60
53981 19980108 1 66.41
36260 19980203 9 187.54
58148 19980727 7 234.50
44597 19980510 6 60.44
51904 19980511 3 131.08
12117 19970217 8 124.85
89642 19981030 1 163.83
51435 19980815 1 64.58
74414 19970418 7 199.41
47549 19980804 3 233.49
17669 19970323 3 231.52
96588 19980406 5 82.38
90086 19970622 8 190.57
44428 19980331 8 57.01
25335 19970827 3 239.25
22675 19980516 7 184.89
04810 19970516 7 77.97
08871 19971208 4 75.04
01823 19970227 8 86.22
81117 19990101 8 202.53
08801 19981028 9 193.32
08200 19971017 6 232.38
52334 19980812 2 183.51
33631 19971105 3 155.28
58554 19980905 3 216.42
24842 19980517 7 155.00
76215 19980312 7 147.07
38220 19981118 8 15.80
18190 19981114 4 81.14
39267 19970614 8 210.56
09094 19970702 9 52.85
00898 19970707 6 213.77
39155 19980210 3 219.09
49264 19970625 6 210.43
50312 19970916 4 238.92
39754 19970410 7 154.06
25454 19980702 8 52.75
64074 19980304 3 209.21
62413 19970923 1 171.94
37958 19970404 6 23.70
94215 19970529 6 65.09
84667 19970528 1 221.81
96907 19971230 7 7.55
70651 19970219 1 240.36
71347 19980611 4 222.58
62537 19970317 5 200.76
38106 19981002 4 15.41
91782 19980417 3 83.52
86529 19970523 5 185.90
79187 19980511 4 77.26
32284 19980417 4 240.18
92064 19980816 6 219.43
72955 19980422 1 166.25
04904 19971219 1 191.57
23410 19970822 2 174.13
42375 19980217 6 138.90
93259 19980522 5 120.60
18335 19980624 1 91.16
04620 19980606 5 192.42
58033 19970115 1 29.25
19878 19980922 2 226.48
76607 19980207 6 33.35
36339 19980315 5 140.37
22155 19970127 2 228.79
84980 19981002 5 237.85
31180 19971215 1 136.96
34499 19970510 3 204.37
54494 19980702 5 85.59
63800 19981104 3 84.25
88902 19980528 6 104.47
00658 19970818 3 188.55
44166 19970503 3 103.08
80983 19980419 8 81.50
36297 19970607 8 232.41
57572 19970825 3 178.12
23515 19971105 5 16.03
63987 19971221 5 99.35
33221 19980912 7 241.10
02125 19980225 8 74.34
09480 19980607 9 236.52
44103 19980228 7 44.53
06029 19980831 2 32.22
58183 19981122 4 143.14
93673 19970730 4 45.44
31379 19980418 9 96.15
82018 19980110 4 130.51
92869 19980929 5 164.77
93972 19980425 4 13.55
04328 19981002 4 35.89
31397 19981117 4 171.32
56642 19980618 7 60.85
97753 19970604 1 72.16
38343 19980817 6 113.79
99550 19970414 6 119.22
21813 19971006 4 101.06
21174 19971030 4 164.48
84135 19970223 1 39.44
83902 19971114 2 91.28
98760 19980208 9 139.79
73904 19980205 8 104.84
72638 19970721 3 222.81
34643 19980910 9 230.22
92200 19980910 8 87.47
90620 19980226 6 28.52
73566 19970726 9 53.03
18628 19981112 5 112.48
83350 19980522 8 45.78
35456 19970101 3 130.51
21445 19980209 2 63.61
66906 19980724 6 66.48
01756 19970403 3 19.43
50433 19970321 8 133.98
79484 19971104 2 197.91
03363 19981002 2 190.80
86820 19971126 5 167.19
70540 19980809 7 235.95
70984 19970818 6 142.87
93430 19980821 2 23.75
22406 19980220 7 233.37
75403 19971101 3 167.06
20958 19970120 3 102.92
75433 19980330 2 40.23
10384 19981203 9 72.74
92970 19970502 4 134.58
54979 19980926 7 179.76
21064 19971111 7 50.38
28045 19970112 5 146.00
07056 19970728 8 118.81
63587 19970918 8 50.82
04025 19980823 7 179.80
05539 19970727 4 60.49
78574 19970618 3 70.89
31388 19980818 1 35.33
89525 19980327 8 218.30
57303 19970327 9 79.66
02295 19980215 4 128.67
90386 19970217 9 161.14
05179 19970312 4 210.42
17778 19970505 1 184.26
25425 19980606 5 138.37
18650 19971116 9 84.88
71196 19970412 7 21.10
55598 19970827 5 101.33
16285 19970312 2 137.28
50262 19970212 5 20.69
57038 19980727 9 162.77
24764 19971104 3 82.44
18619 19970512 4 176.20
34238 19980112 2 225.72
61650 19980210 6 148.00
90328 19970511 3 35.39
96653 19981225 6 145.17
99337 19980208 4 180.34
60795 19980304 1 90.40
71079 19980622 9 195.91
36984 19980507 4 241.38
25824 19981107 6 101.03
20933 19970624 7 193.36
84590 19981202 1 146.55
39640 19970702 4 121.28
19095 19981231 1 212.35
33418 19971111 2 248.30
57114 19970322 5 184.75
19602 19980613 4 128.52
43089 19980222 7 185.27
37396 19980125 2 192.63
96748 19980120 3 225.09
32965 19980630 2 192.48
50134 19970922 5 34.72
17373 19970702 3 154.64
23790 19970111 8 82.62
06763 19981022 1 222.48
43122 19981031 4 188.46
30309 19981103 6 235.06
93535 19970714 4 108.70
37868 19981220 8 15.85
26686 19980520 6 143.98
85419 19980910 1 106.96
64698 19971123 7 135.61
46589 19970812 9 33.67
72654 19970924 9 109.04
69959 19970209 6 65.86
98119 19970306 7 227.81
58384 19981222 7 82.41
74627 19981228 2 213.88
23435 19970804 3 235.84
93326 19970610 8 233.63
54386 19970711 9 225.93
73193 19970322 7 97.30
40031 19980422 1 134.45
60725 19970801 4 39.53
45683 19980602 3 185.37
52043 19970410 6 201.56
23244 19980213 4 65.50
14228 19980227 8 144.67
80865 19980922 5 94.87
36004 19970804 3 29.04
01196 19980904 7 199.03
28530 19980807 2 84.61
49181 19980926 9 70.83
90681 19980705 7 103.64
70512 19980321 2 194.73
53754 19970815 1 58.63
23784 19970125 3 203.29
48746 19980203 9 132.83
93835 19970309 3 248.74
46058 19970803 2 70.03
31117 19981214 2 91.53
06040 19981118 7 68.72
35042 19981121 2 215.31
73900 19981221 6 216.56
23053 19980707 1 75.44
05243 19981127 4 211.24
79923 19980421 8 236.31
92149 19980604 3 48.47
34334 19980413 1 58.92
45557 19981120 2 192.09
28054 19980406 2 93.65
10145 19980116 7 87.65
48094 19970809 4 245.60
02711 19970727 3 102.67
35263 19970920 9 206.12
57498 19970709 5 206.51
05259 19971102 5 145.85
76501 19980725 2 62.68
67914 19980218 4 66.99
91614 19970107 4 214.81
34398 19971112 3 190.09
44679 19980105 4 51.92
03660 19980502 8 9.17
36418 19970508 4 125.57
58781 19980717 7 30.00
82818 19971103 2 10.32
48660 19971111 2 105.75
03551 19970430 7 116.86
06789 19981005 2 179.16
01732 19980802 8 19.70
02183 19970824 8 108.17
51001 19981118 2 113.27
17737 19971231 2 140.10
62799 19981020 1 142.72
88766 19980311 4 160.45
73159 19971027 9 197.25
14847 19970328 1 43.61
60483 19981124 3 124.01
04286 19970311 7 248.93
48936 19970626 1 208.89
04468 19971124 7 228.68
56953 19970110 7 109.54
62828 19970409 8 53.80
99435 19980427 7 169.26
30031 19981115 1 240.26
59378 19970513 7 176.59
19213 19970914 7 151.44
36133 19980801 7 26.46
06395 19980316 1 201.38
50674 19980130 4 202.04
22763 19970930 4 206.40
21326 19980906 8 121.11
84116 19980516 6 190.40
23411 19971229 6 248.53
69378 19970628 4 72.64
42584 19970219 1 174.27
18003 19980610 1 130.13
92171 19970817 6 12.11
11988 19981220 1 110.48
77736 19981001 3 190.42
30346 19970501 5 192.26
47906 19980317 5 244.60
11442 19970220 4 22.26
12548 19981010 9 128.18
74320 19980522 4 95.37
80367 19970621 5 110.31
95561 19970811 4 105.24
21282 19980605 1 181.18
72614 19971104 1 191.10
06023 19981026 6 203.40
88697 19980624 7 147.05
65702 19971004 9 53.36
80851 19980217 3 191.00
83177 19970706 7 65.99
39209 19970220 5 221.86
42069 19970911 4 50.55
01535 19970922 8 197.11
39785 19970224 8 214.98
99147 19981030 7 39.18
79859 19970703 3 175.56
51085 19980217 1 63.99
72033 19970325 3 29.91
24502 19981001 5 204.23
53647 19970614 6 233.16
27162 19980913 9 18.34
02960 19971210 7 161.63
26559 19980207 1 150.89
25008 19980706 2 66.10
19246 19970221 7 126.32
42927 19980220 2 182.67
51212 19970228 2 128.41
60599 19971129 9 54.32
28354 19970428 9 156.73
21122 19980812 2 187.73
24651 19970424 5 227.17
67975 19980117 9 181.88
21498 19971014 2 235.21
39823 19981028 1 248.07
70120 19980827 3 179.58
27798 19981123 4 56.19
51739 19970727 9 34.34
80878 19970122 8 201.56
86019 19980320 3 245.14
66585 19980328 8 6.09
17498 19980930 7 103.50
08464 19980913 3 146.14
48246 19980725 9 47.20
18498 19981222 1 78.17
94727 19980924 3 188.44
11001 19970402 6 195.14
38284 19981127 1 127.07
36656 19980919 8 128.79
96845 19971224 3 249.70
38083 19970113 9 189.84
83501 19981127 4 182.21
45147 19971204 2 95.94
53533 19970926 5 92.21
72825 19980325 2 140.61
71039 19970103 2 107.57
64017 19980926 1 189.79
62887 19970303 4 193.87
76513 19980918 1 213.11
75323 19970917 3 24.06
34833 19970711 1 233.82
56362 19970507 9 25.64
84848 19980307 2 158.83
75599 19980805 7 18.63
33011 19970409 2 70.55
45394 19980217 4 132.38
62892 19970801 4 142.90
42182 19980123 1 156.01
88338 19980813 6 241.33
52387 19971210 7 66.40
27167 19981023 3 231.93
93074 19970201 5 226.08
20359 19980328 9 190.46
87313 19970125 1 7.00
73114 19980121 3 22.80
66905 19980406 8 68.56
31570 19970725 9 77.84
91213 19980814 6 30.08
99770 19980208 8 126.99
70666 19971124 4 15.15
88813 19971027 8 32.97
61219 19980816 2 68.35
07794 19980905 1 246.67
74348 19981211 3 9.06
69643 19970721 7 114.11
60004 19980409 7 46.81
49333 19970109 2 62.09
02443 19981120 1 47.61
42561 19980306 9 189.29
47993 19980513 4 113.16
34069 19980225 7 58.73
54272 19970403 9 8.23
49148 19970428 6 230.17
54482 19971106 3 80.58
80994 19970801 9 219.26
84639 19980127 5 190.29
22110 19970705 7 133.78
56930 19981007 1 174.26
48471 19980127 6 14.65
93253 19981101 6 210.84
71077 19980609 4 83.46
62976 19971212 5 86.35
77141 19981204 6 31.31
46700 19981014 9 201.51
42836 19970421 3 10.08
42892 19970820 2 108.23
09817 19970306 3 164.94
66029 19970126 1 240.12
28885 19980725 5 122.98
10371 19970720 3 5.82
96926 19981030 7 230.11
31399 19981020 4 106.83
96846 19980517 3 175.33
67142 19980625 8 163.28
76829 19971129 8 177.88
70571 19980920 3 57.81
31236 19981113 2 240.52
85591 19970822 8 67.28
63417 19980619 1 211.25
11444 19981115 7 203.80
95617 19980822 9 115.00
67851 19970329 2 220.19
66064 19980816 1 224.56
52350 19970618 3 136.11
80855 19981229 1 97.95
86339 19980405 1 107.81
56565 19980823 3 66.34
94688 19980303 4 81.09
92007 19980715 2 87.68
30393 19971022 2 6.83
57817 19980216 3 174.71
47372 19970809 7 58.30
59548 19980525 8 47.38
65123 19980528 4 201.21
10149 19971207 8 204.22
20815 19970612 9 136.28
68306 19971007 9 86.43
86372 19980306 2 193.80
62892 19970326 8 174.42
94919 19980208 5 210.67
17058 19971227 9 69.71
05976 19980429 8 57.77
35807 19971229 6 92.80
01320 19980111 7 41.50
40052 19971103 7 7.84
35892 19970717 8 62.14
08084 19970628 9 51.34
90378 19981118 9 29.12
48454 19980205 8 139.38
96370 19980102 5 63.12
39590 19981217 1 149.93
78915 19970402 8 16.39
03291 19981228 2 49.02
08012 19971021 7 28.28
69859 19980801 3 28.52
25882 19971216 8 12.72
00177 19970108 5 86.39
16954 19980312 5 126.45
81989 19970306 2 249.77
64860 19971215 9 232.61
13680 19981231 5 26.73
75319 19970326 9 211.65
41824 19970818 1 135.04
60631 19980804 2 64.72
20083 19971201 1 227.84
86590 19980330 4 127.03
77781 19980329 5 188.17
92341 19980325 9 59.62
72193 19971106 2 238.00
48813 19970208 8 200.85
18170 19970819 1 40.23
74818 19980411 5 180.80
59008 19971031 7 82.80
71611 19980117 2 105.87
33666 19970216 9 121.17
96503 19970618 6 69.52
50001 19980408 5 77.84
73227 19980122 5 117.95
70050 19970828 7 216.91
32071 19970630 8 166.47
73982 19981002 4 80.46
42967 19970617 1 92.83
34825 19980325 9 20.49
11022 19970401 8 237.42
16859 19970427 5 143.73
64830 19980215 4 108.45
94459 19970105 7 52.75
71255 19970110 8 54.99
68307 19980103 8 56.27
57821 19981123 3 116.92
41717 19971111 1 123.14
21946 19980707 1 20.05
58706 19981031 4 86.51
52208 19971130 5 243.98
74728 19970415 7 241.62
91976 19970502 6 87.78
84269 19980830 1 176.39
40468 19980528 5 16.90
58185 19980317 5 35.79
31946 19981115 7 173.74
10472 19970825 1 114.31
32762 19980830 6 14.89
88811 19970826 8 58.99
83424 19980616 4 180.24
14515 19980215 4 138.40
26295 19971010 8 161.94
61571 19970713 1 203.16
86580 19980813 4 115.39
39702 19971217 3 30.59
81962 19981120 1 68.51
66890 19980521 5 24.12
49679 19980110 4 63.33
92485 19980306 2 235.23
99918 19970412 4 151.75
04530 19980930 2 159.20
56918 19980319 4 168.09
65088 19970322 2 92.76
80663 19970602 7 178.54
85473 19970314 4 42.92
13645 19980308 1 62.39
98118 19971022 3 112.99
40961 19971113 1 155.44
93505 19980205 5 98.72
19893 19971215 5 74.30
49120 19981217 3 127.40
09130 19980315 4 53.72
60939 19971005 4 25.75
61827 19980729 9 49.84
62136 19980910 2 199.53
80569 19980311 6 192.34
07201 19980607 4 220.94
25789 19980917 8 181.86
02444 19970303 2 137.67
97519 19980205 8 159.27
10114 19971212 5 19.62
85987 19970522 5 83.54
98128 19970413 8 232.86
55043 19970928 7 110.17
45484 19980219 9 50.26
34135 19970616 6 81.10
62417 19980310 8 132.05
30870 19980909 4 199.97
48872 19980306 2 214.40
61844 19970416 2 246.98
46135 19970830 2 224.51
30656 19970625 4 36.03
41236 19970807 8 230.63
96512 19970324 2 57.05
31336 19980506 1 133.15
42180 19980524 6 130.82
50173 19970622 7 230.33
28904 19970101 8 27.29
99417 19970919 8 207.76
08944 19980705 9 32.70
07890 19981009 7 155.65
69721 19980308 3 221.04
71553 19980809 1 134.24
09217 19980926 9 181.01
83553 19980801 3 109.75
43703 19970112 6 67.28
82770 19980606 2 153.51
82270 19980725 4 67.22
56334 19970615 9 36.24
35944 19970402 7 246.08
73226 19970313 6 162.23
79090 19980916 5 153.48
42195 19971012 5 93.51
96587 19981214 3 102.18
50173 19980209 1 205.12
37330 19980130 3 74.74
95247 19981021 5 200.45
76093 19981127 5 193.60
97324 19980524 7 133.66
90946 19981204 4 195.27
28184 19980211 3 237.77
34546 19980916 5 207.32
48891 19970717 6 76.56
89231 19980710 3 220.61
70884 19970725 2 124.11
21923 19970215 2 49.91
64851 19981221 5 210.43
91735 19980617 4 18.29
11022 19980210 1 25.97
67866 19971110 2 154.14
29828 19980119 3 103.52
54098 19971013 6 56.93
07677 19970930 4 222.57
21992 19980719 3 118.46
36423 19980218 4 21.20
92940 19970624 4 176.26
46487 19970609 4 98.36
64729 19980316 2 87.82
46422 19980526 8 173.79
31445 19971015 6 75.57
71374 19970429 5 153.60
98733 19980401 8 233.40
76711 19980519 7 117.28
33279 19970918 7 182.19
99482 19970601 9 190.26
61644 19970908 5 165.18
34290 19970730 9 63.52
79934 19970126 9 98.15
54406 19980429 3 87.02
89437 19981122 3 51.31
07146 19970725 4 221.02
71714 19980507 5 129.38
23896 19990101 1 211.63
19428 19970928 3 185.94
72717 19970713 1 184.51
25356 19970301 6 221.15
16734 19970827 6 235.30
10353 19980704 6 6.00
32899 19970414 3 8.20
02511 19971110 8 207.16
61814 19980516 2 54.38
11142 19970519 8 89.66
31397 19980722 3 200.79
68048 19981201 6 192.42
80243 19970104 5 181.54
53483 19971022 4 105.02
03099 19970324 7 202.84
76154 19980321 7 186.03
53889 19970321 4 159.23
93346 19970703 2 140.72
85128 19970312 1 100.97
46217 19970712 6 89.11
44146 19970718 5 195.02
25556 19970723 9 27.37
91753 19980212 5 209.45
19434 19980612 1 184.55
38923 19971025 2 44.17
15918 19981114 4 185.64
51018 19980427 6 81.27
93084 19970311 4 161.63
46425 19970718 8 61.09
28029 19981103 3 144.44
84317 19980821 1 96.58
07134 19970111 6 231.92
25404 19971019 3 127.70
89978 19970517 3 5.24
95149 19970207 6 105.67
81690 19970824 1 71.40
03054 19980110 2 98.42
16007 19980911 5 146.07
63825 19970502 1 208.08
73365 19980825 6 10.33
58589 19980824 9 71.03
76128 19970611 7 101.53
10527 19971024 6 9.40
27285 19970801 1 72.42
36908 19970914 1 15.24
38211 19980515 4 64.45
40248 19980208 1 235.35
96551 19981111 6 25.17
27149 19970420 1 127.69
45017 19981021 7 7.51
55437 19970907 5 161.61
36648 19970925 6 192.50
43896 19980121 4 109.87
44375 19980124 5 98.09
00071 19980202 1 141.19
51699 19980214 9 41.12
96563 19980318 5 195.72
05087 19980202 3 231.17
12755 19980605 4 165.28
36260 19980525 2 157.55
02999 19980226 6 223.97
14860 19980323 2 174.16
04854 19980515 9 240.02
83272 19980710 7 230.60
48417 19981221 9 149.01
60027 19970605 4 182.01
69664 19970507 1 31.50
80137 19971107 6 231.92
08951 19980728 3 64.60
48577 19980512 1 184.89
76934 19970403 6 149.27
41596 19971214 6 155.41
19238 19970219 1 124.82
55415 19980716 8 207.07
39348 19970112 7 72.95
23116 19981015 8 73.97
78592 19981020 1 235.57
50722 19971217 8 142.40
48702 19980824 8 82.81
89694 19970810 2 58.10
72823 19980301 7 5.34
56260 19981014 4 151.66
78205 19981118 8 77.38
18863 19980204 4 239.27
07115 19980423 6 31.14
59993 19981114 5 247.93
90064 19980202 6 161.49
92386 19970517 3 85.50
06976 19970110 4 197.50
32499 19970926 5 37.44
25066 19970708 7 75.82
58887 19970605 3 230.64
88857 19980429 4 67.42
20539 19970529 7 150.74
58121 19980617 6 229.20
56146 19980418 8 78.89
68435 19970426 5 86.24
25222 19981116 1 37.30
25918 19980710 5 200.56
23144 19970108 6 203.19
50632 19971014 6 7.85
13831 19970729 4 104.21
40957 19980811 7 76.89
53360 19981212 6 165.05
50992 19970212 5 39.35
40699 19981017 3 92.00
26626 19981210 2 228.10
21123 19970129 7 178.19
92492 19970804 2 50.71
97160 19981219 6 18.37
14776 19970914 3 145.08
22224 19981109 3 139.79
14745 19980603 9 60.96
84377 19971207 2 183.61
58298 19981231 9 119.86
91472 19980518 9 17.77
89257 19970116 9 85.37
11410 19971127 4 152.58
75059 19970515 6 64.19
99099 19981229 5 125.57
19529 19981003 5 162.22
32363 19971210 9 211.99
83963 19980125 7 248.61
97612 19980518 8 156.02
17630 19980416 4 77.03
63455 19980905 6 179.47
36544 19970430 7 145.01
22075 19980819 1 19.43
20341 19970130 9 41.90
55737 19970713 2 23.42
94628 19970123 9 18.77
43650 19970619 6 191.80
99140 19971020 7 30.77
58875 19981028 5 37.20
12452 19970516 7 221.30
30302 19980514 6 34.30
51583 19970110 1 222.23
60907 19980210 1 220.63
78868 19970218 5 85.47
18140 19970722 6 32.11
34860 19980403 9 82.57
82791 19970514 7 191.25
64835 19971005 7 109.78
72945 19970303 5 235.17
83502 19970923 3 77.35
13120 19970117 9 141.83
05787 19970616 7 74.58
68547 19980119 6 114.93
38283 19970228 9 19.67
76605 19970601 1 99.59
56566 19980123 7 100.84
49030 19970612 5 183.84
89418 19980508 9 83.48
81770 19981202 3 24.22
58909 19970305 8 125.72
34716 19970730 4 18.90
75739 19981215 4 7.15
25724 19981228 4 8.90
46277 19980604 7 136.02
44185 19981104 6 66.75
62407 19971211 7 74.22
52124 19970607 7 164.85
63338 19970726 1 41.94
38400 19980526 5 179.36
80938 19970605 8 14.78
67906 19970928 1 127.46
40346 19981122 7 180.90
40999 19970114 5 211.14
87744 19980605 3 164.48
79592 19970118 2 86.69
39588 19970107 3 119.12
27613 19970311 8 178.61
91956 19981214 9 151.77
23302 19981019 6 21.97
19272 19980102 7 64.48
40766 19980501 2 240.78
48543 19971007 9 41.47
38929 19980430 9 70.84
43236 19971017 4 177.56
90000 19970130 4 148.20
14440 19980214 2 57.12
99794 19970122 5 108.33
52124 19980313 4 70.29
49579 19971111 4 152.04
47853 19981023 8 42.12
36836 19980312 2 150.66
81071 19981116 9 5.57
35358 19970708 8 102.35
77801 19981003 3 69.12
61374 19970805 2 233.95
43547 19970808 3 131.32
12555 19970117 5 115.21
74311 19970214 3 63.73
16327 19980304 3 148.82
46935 19980308 6 45.97
47219 19970730 9 244.76
95511 19970825 1 131.31
32018 19970626 5 28.52
74860 19980303 7 235.74
97768 19970520 8 245.02
59453 19970504 1 43.60
95720 19980207 8 85.17
13901 19981210 2 21.69
04322 19981004 6 90.51
36414 19970922 5 40.62
57702 19981116 7 32.95
10878 19970907 1 32.79
44909 19970909 2 131.07
50485 19970809 3 229.13
23059 19981010 5 125.90
32449 19970425 9 204.98
95151 19970805 3 97.16
42625 19980930 8 224.52
44019 19970104 6 225.68
53586 19970110 7 15.98
28116 19980927 1 20.50
41994 19970804 7 213.28
99884 19981015 8 43.08
45514 19970204 3 8.20
53152 19970116 5 197.13
94400 19980104 7 183.15
27361 19970909 4 161.28
22342 19980303 5 83.64
64455 19980511 5 152.51
25614 19970723 7 163.45
47224 19980331 4 78.54
50223 19970412 1 67.56
35303 19980723 3 115.58
51878 19980208 3 27.05
23015 19981130 6 81.39
71804 19970624 1 94.15
76620 19971125 4 123.84
87023 19980426 1 128.67
64333 19970426 8 87.99
65546 19971111 6 39.74
76610 19970909 4 197.85
81850 19980928 8 153.55
57182 19971119 5 76.10
66172 19971201 9 83.14
03736 19981226 4 45.39
15128 19980709 8 76.96
58775 19980530 2 63.22
36701 19970703 5 47.40
16416 19970511 4 26.83
77057 19971002 3 168.74
34139 19970829 3 48.72
04263 19970507 8 13.35
98973 19970305 4 89.50
81558 19970212 9 101.51
69450 19970703 1 155.78
81973 19980709 4 64.41
30559 19981214 3 120.63
15519 19970317 8 246.33
93345 19980520 2 189.65
74726 19970604 5 248.07
07564 19980112 2 40.88
09685 19980218 5 118.44
09960 19970619 7 169.84
83039 19980819 6 189.00
31665 19981210 2 193.21
55760 19971024 9 45.52
18724 19980822 6 28.48
68576 19970407 7 96.38
85658 19980809 8 80.27
55518 19971015 3 98.93
58336 19970610 7 123.79
27377 19981220 2 39.78
02062 19970714 8 61.67
87100 19970123 5 74.14
67560 19980203 3 42.10
97708 19970909 7 177.06
00825 19980630 3 129.35
27009 19971016 9 183.43
01603 19970422 8 116.06
86818 19971127 1 38.92
22975 19980707 9 178.26
34759 19970911 3 81.98
13657 19970917 8 199.47
82971 19970913 8 246.83
18820 19971118 5 198.31
33313 19980616 8 108.15
36846 19970804 5 81.20
15908 19970726 9 28.43
36341 19980723 5 206.99
78436 19970630 3 140.89
00013 19980801 4 6.62
11061 19970806 4 94.14
46977 19980202 3 222.76
90838 19980829 7 69.36
40318 19980417 1 134.92
58506 19971127 8 241.69
69666 19980729 2 107.40
58993 19970310 4 204.06
99140 19970717 3 220.48
59392 19971223 4 19.05
62840 19980626 8 132.26
31946 19980407 7 241.11
89555 19980304 1 134.20
86607 19970922 7 131.23
73220 19970209 9 153.79
41280 19970104 1 132.71
65672 19980317 7 249.37
05997 19981217 1 167.15
24439 19970331 2 65.24
54140 19970529 2 60.15
73680 19970908 5 182.98
91376 19980725 1 49.89
62752 19980209 3 132.76
14069 19970702 3 44.54
91761 19971024 8 234.78
32605 19970609 2 65.56
20728 19970207 5 216.48
08017 19980712 5 50.99
50668 19971110 1 139.43
35828 19971124 4 193.48
64215 19970927 2 87.11
57366 19980910 4 16.61
44525 19980429 4 113.93
26263 19970906 9 208.20
85510 19970802 8 124.89
69255 19970714 2 92.91
06950 19970627 6 36.85
95012 19981224 1 96.46
55403 19980211 7 148.12
91712 19970111 1 7.54
52557 19971203 5 142.33
63205 19970801 9 92.24
90646 19980518 8 120.08
66763 19980331 4 205.53
77730 19981208 4 152.79
09695 19980828 5 48.86
21540 19970227 4 155.96
37405 19980715 6 168.35
96254 19970319 1 248.93
85137 19970525 7 38.16
44810 19971005 8 53.10
34685 19970906 8 237.86
79931 19970603 1 191.23
72251 19970611 8 94.89
94541 19980215 8 234.66
70739 19980325 8 125.94
90427 19980711 4 177.92
95228 19970524 4 59.00
33509 19980111 7 66.54
53902 19970315 5 202.67
28107 19970429 9 232.01
05693 19970718 8 106.69
30868 19981019 8 22.72
36856 19980808 7 135.13
22470 19980111 3 55.41
75380 19980729 1 159.91
37641 19980311 1 62.88
47949 19970227 7 150.91
75999 19980529 7 69.61
30158 19971031 9 59.79
55634 19980228 3 203.50
70913 19970307 8 246.40
64880 19970512 3 102.58
66960 19971004 2 77.31
59271 19971122 9 84.38
84825 19971225 7 111.63
98552 19980917 8 6.01
06081 19980420 2 166.65
54978 19970106 5 120.46
89698 19980727 4 28.10
66247 19980617 1 179.89
24483 19971025 7 165.70
76376 19981029 9 30.88
42569 19981216 8 98.69
12773 19980925 1 77.02
61311 19980505 1 97.52
98723 19970212 9 111.43
34753 19980124 8 182.75
85230 19980919 9 223.47
69197 19970828 7 27.41
68703 19970724 5 211.62
34449 19971006 1 59.27
54472 19971209 6 167.27
42343 19971229 4 87.02
01639 19970124 8 19.97
44229 19970607 2 189.56
92307 19970426 8 129.88
41216 19980404 6 70.94
12809 19981106 8 133.59
63469 19970814 7 228.02
19287 19981126 9 128.60
90684 19970207 5 98.53
47468 19980319 9 53.16
89935 19971112 7 48.78
74419 19980609 3 37.22
29363 19971225 2 74.15
39029 19981116 1 231.13
11901 19971209 8 240.78
21151 19981210 4 240.03
83671 19980802 9 68.33
14516 19970206 8 57.37
93024 19980412 3 166.52
55016 19980723 8 221.46
35164 19970205 7 168.35
12459 19970304 3 214.20
23274 19970420 5 157.60
28557 19981211 4 195.45
21784 19970614 3 240.30
93368 19981024 8 242.74
26276 19971009 3 191.30
26337 19980914 5 57.28
47914 19980104 1 100.13
09720 19970225 5 245.11
57093 19970908 9 150.52
03949 19981127 5 60.54
21712 19980515 5 50.19
88268 19981018 9 9.20
42046 19971217 6 115.61
23113 19971203 8 64.86
90130 19980513 9 162.68
31739 19971226 1 135.43
84403 19970814 8 190.33
94168 19971017 1 129.31
69387 19980426 6 68.66
33662 19980809 1 97.95
55727 19970611 1 178.64
89129 19970327 9 168.44
67171 19981226 8 24.20
86978 19980602 2 43.96
77017 19980608 2 67.93
77357 19980103 4 35.51
20045 19980420 2 55.40
60526 19981029 8 184.62
00516 19971008 5 209.10
05009 19980315 2 202.59
78959 19971228 5 222.32
04095 19981016 1 38.10
66277 19981121 2 6.16
20204 19970110 7 175.14
81438 19970829 9 119.50
83464 19970828 3 233.19
35991 19970530 5 109.61
79353 19980912 6 6.82
22731 19980519 6 206.36
49098 19971015 3 218.42
94068 19980220 1 107.21
58316 19970421 9 137.25
42693 19980315 3 103.56
42839 19980915 3 133.82
09139 19970109 1 111.66
01265 19971216 6 169.33
34673 19970608 5 113.55
58346 19970312 5 111.61
57172 19970309 1 220.58
77980 19970829 5 233.89
71761 19981226 7 192.60
11273 19980728 9 147.18
66112 19970314 5 213.40
97203 19980106 9 163.67
20461 19970105 8 247.25
97032 19981102 8 129.82
33737 19980216 2 37.08
34290 19981228 9 101.00
07818 19971226 8 50.50
74485 19970926 7 122.26
88062 19970722 3 70.60
49048 19970420 4 108.58
44157 19970119 9 212.77
98572 19970422 7 43.73
23767 19970914 9 85.59
28994 19981006 9 39.13
16121 19980331 2 235.74
72205 19970420 7 185.52
69947 19980110 8 71.77
52818 19970716 8 156.46
87865 19970309 4 122.73
29090 19980330 2 134.21
24057 19970523 4 191.37
14307 19970912 2 61.45
04330 19980129 7 126.55
34604 19981125 8 200.55
73345 19971118 2 64.53
47905 19971220 8 78.36
84815 19980321 3 166.52
54853 19970218 1 204.08
22501 19970730 9 181.24
49998 19980526 6 225.52
30384 19981016 4 245.16
37159 19970408 7 99.04
53248 19970504 8 35.47
66980 19980606 3 12.06
32263 19980528 3 21.01
41745 19970906 3 219.11
01322 19980509 3 208.58
88537 19980523 4 61.50
99462 19970624 8 161.29
16050 19971117 5 67.36
20659 19980806 7 219.36
93053 19970504 7 120.86
55402 19970211 1 206.69
50766 19981019 3 122.95
42869 19971212 3 238.40
73941 19971004 8 248.59
57663 19970330 6 86.95
73540 19971031 9 112.34
94522 19970924 4 222.49
33976 19980805 7 80.59
42730 19980702 1 225.66
49650 19970808 3 70.28
35557 19980530 5 74.80
63240 19981220 7 223.20
13624 19970107 3 205.79
26703 19970927 6 15.30
16138 19980812 5 92.05
39338 19971002 7 161.68
67546 19981117 1 154.76
05167 19970422 6 123.66
96549 19980803 4 204.75
52939 19971005 8 110.74
51909 19980919 5 58.83
90748 19980120 6 83.27
63058 19981020 9 35.62
15563 19971221 3 154.21
80504 19980330 4 189.88
70797 19980925 1 227.29
27344 19970223 2 47.66
88749 19980924 7 159.47
56935 19981201 3 114.67
86387 19971216 9 17.81
29221 19981025 7 113.03
99522 19981207 5 50.21
25143 19980617 6 50.54
81248 19970919 8 69.47
38596 19971121 5 12.93
04050 19970214 6 141.30
36387 19970720 1 231.97
65588 19980112 6 21.39
98684 19970108 1 174.83
35377 19970513 6 22.51
95342 19981025 7 25.72
89827 19970125 8 71.00
33904 19980909 7 178.24
00394 19980126 6 70.33
76653 19980531 1 187.64
62200 19970610 2 39.03
97694 19970323 6 18.33
71171 19980725 2 144.95
00880 19970321 3 98.04
46547 19980912 8 64.03
93815 19980422 4 180.57
22908 19971210 8 26.38
66257 19981117 4 92.94
10137 19970428 1 173.48
99260 19980225 9 78.99
16905 19980603 1 5.83
00294 19980307 6 65.89
23263 19970507 9 91.08
07207 19980708 5 111.14
39199 19980710 7 203.52
55444 19980309 2 105.82
66203 19980306 9 155.42
93352 19980705 9 124.76
21405 19970715 9 57.07
13619 19980216 4 51.39
70093 19970906 8 41.48
00016 19981025 5 89.58
93967 19980505 1 45.94
44478 19980521 1 206.13
54459 19981101 4 244.97
89123 19970324 9 224.10
57985 19981029 9 128.52
03155 19980118 2 207.84
02920 19981025 6 59.91
48919 19980909 8 71.37
01843 19980407 9 213.83
80691 19981123 1 97.42
05557 19970423 4 125.22
26424 19980509 2 28.24
73274 19981203 4 6.53
88787 19970930 6 22.36
98623 19980325 9 237.86
03871 19970815 8 65.23
76591 19980906 1 32.01
32228 19970625 4 202.68
19643 19981224 2 148.27
80877 19970530 6 159.63
04460 19980514 7 190.53
30263 19980804 4 179.16
98375 19980707 3 56.28
23297 19980403 8 87.62
76005 19971028 5 174.51
93061 19980413 6 235.83
68588 19980422 1 200.96
71744 19971108 1 162.70
16479 19970527 5 86.10
00839 19970509 5 171.66
17999 19971104 9 45.35
48835 19980713 6 229.38
23199 19971206 4 236.94
27823 19970622 1 120.48
78836 19980929 4 198.04
36597 19980731 2 158.79
24557 19970216 3 39.80
56674 19980403 9 194.85
70112 19970901 6 30.54
20467 19970731 3 182.09
40938 19970313 8 152.36
26015 19971215 2 142.08
68086 19970125 5 236.70
20919 19970602 7 100.28
51061 19980222 8 95.48
79239 19970310 4 169.14
94362 19980320 8 117.19
82195 19970115 3 7.46
38738 19980228 3 128.71
20170 19970814 6 225.18
29145 19970326 7 68.72
47083 19970208 8 91.05
08616 19971112 5 147.28
02612 19970508 1 248.54
65150 19970701 7 42.51
27750 19980917 6 183.21
46635 19970811 3 173.24
86570 19981119 5 199.45
91332 19980912 9 66.82
08827 19971130 5 142.58
87261 19980721 9 181.80
59022 19971015 3 108.02
94588 19970324 7 122.35
52487 19990101 2 10.08
77303 19980602 3 97.94
37241 19980921 3 201.76
42706 19980704 7 85.65
08957 19971011 9 160.23
52772 19970112 6 27.37
92395 19980920 9 118.99
16875 19980121 3 136.60
66662 19981116 5 119.55
10184 19981123 4 31.47
44495 19970912 8 41.38
29488 19980924 3 50.48
12542 19981231 8 90.71
29947 19971127 9 163.83
19673 19980914 1 212.89
08559 19970723 8 230.23
39389 19980101 1 60.97
46188 19970805 8 242.90
99372 19971211 2 36.85
63910 19971025 8 167.10
74741 19970730 2 97.65
30435 19981016 3 73.16
77972 19981203 3 27.35
27876 19981204 9 136.53
50553 19970404 8 184.66
48612 19980130 4 183.85
23705 19980311 6 19.26
17626 19981113 3 191.31
37166 19970406 5 220.35
96998 19971120 4 65.55
98179 19971003 8 104.25
20360 19971006 9 69.25
09516 19981202 3 53.30
63660 19970702 9 174.89
11567 19981207 5 119.01
61325 19980226 6 148.81
72302 19981009 8 131.03
07011 19980702 6 202.35
13182 19970208 2 88.11
11276 19981213 3 132.92
63196 19970323 2 90.57
95318 19971020 8 157.87
27260 19980205 8 65.93
79139 19980125 9 82.31
44330 19980514 3 249.67
75548 19970202 2 26.65
09392 19970615 8 16.31
00487 19970806 4 165.65
41059 19971223 8 208.27
83971 19970928 4 155.30
83196 19970412 1 39.93
49609 19970831 3 232.22
27953 19970618 2 86.10
78606 19980715 8 208.14
08648 19980128 8 118.90
03518 19970123 1 114.09
82491 19970515 2 95.75
14550 19981020 3 200.89
90461 19970913 7 107.19
01779 19971021 3 89.93
04568 19981108 2 217.35
75902 19970518 4 177.92
58627 19970627 9 166.22
12982 19980424 1 98.87
89438 19971221 7 79.89
94449 19980813 4 239.71
18275 19980222 2 22.58
49399 19970220 3 24.80
78351 19980827 3 227.92
03233 19970819 9 247.30
57388 19970206 8 246.18
28417 19970314 2 232.49
73389 19980614 4 101.77
75689 19971023 2 130.02
79120 19980709 7 113.36
36557 19980509 1 215.00
28466 19970304 6 190.32
30766 19981212 7 49.14
98116 19971114 9 12.73
06748 19970808 5 120.61
75963 19970702 4 14.41
45055 19980419 1 181.94
25727 19971008 4 241.95
74850 19970420 6 203.31
13279 19971120 4 27.93
10911 19970414 2 121.68
95839 19980115 1 113.32
69187 19981117 7 64.61
34626 19971129 8 152.64
85315 19980703 8 31.29
75323 19981216 4 12.66
35539 19971029 7 203.56
74576 19981020 1 93.13
05669 19980730 5 93.23
25759 19970507 1 25.36
87127 19970626 8 38.14
92332 19970707 5 76.66
76798 19981227 4 76.82
97977 19971218 3 240.17
18395 19980420 1 105.19
26160 19981216 1 228.02
95815 19980718 9 131.20
42719 19980430 6 233.04
49651 19981031 4 67.06
23590 19980811 6 79.15
17746 19970703 1 63.94
10319 19980901 5 220.83
26236 19980427 3 213.75
70189 19970805 2 9.61
34133 19980305 8 109.73
13309 19970309 4 147.28
08366 19970413 2 212.80
47300 19970328 5 72.79
52498 19970919 1 45.71
42440 19980202 3 223.95
93819 19970413 3 31.33
22310 19970127 3 140.70
77493 19970219 9 65.30
68557 19980427 2 164.39
28820 19971111 8 146.68
13410 19970709 6 209.46
27840 19980515 9 139.21
07852 19970502 4 213.14
31566 19970406 7 35.06
35583 19970802 6 108.60
55615 19980828 5 147.69
61809 19970801 3 184.92
88608 19970831 8 200.69
27156 19970703 6 82.98
32433 19980119 5 165.17
35750 19970820 1 53.70
40235 19970407 6 24.51
08328 19970225 8 118.95
52130 19970906 5 66.49
55284 19970821 9 38.48
24863 19970420 3 215.77
00584 19981029 6 218.07
58231 19970925 8 211.16
32296 19970112 2 194.54
25858 19971109 3 130.53
08198 19970702 4 28.07
24977 19970901 9 111.36
20891 19970512 4 227.92
38049 19970510 8 167.33
29845 19980608 9 196.23
50584 19981215 2 108.12
61224 19980327 9 121.49
84648 19981102 4 127.27
48987 19981125 3 248.15
19053 19980117 9 245.92
16491 19970302 8 185.70
11191 19970212 6 198.65
23753 19971130 2 106.94
48093 19970103 8 183.44
15728 19971116 6 174.26
17262 19980828 8 178.53
45295 19980810 6 131.58
46788 19981025 8 30.93
31788 19970713 8 159.88
86828 19981102 7 188.60
56976 19970918 7 186.09
07982 19970408 9 163.82
80901 19980621 7 30.28
93021 19981208 5 205.25
90744 19981219 2 191.41
17352 19981031 6 10.52
45771 19980928 9 208.97
43597 19970508 4 221.87
08409 19980222 6 135.01
87854 19970905 7 60.18
46503 19970529 6 217.04
18855 19970930 8 132.81
58988 19970814 1 221.62
48961 19980318 8 31.79
66756 19980126 2 7.43
80765 19970428 7 14.37
58406 19980906 7 113.68
64754 19980626 3 146.78
63447 19970915 4 58.56
04709 19970522 8 101.44
33079 19980725 7 91.65
22735 19970913 1 168.57
36170 19971025 9 87.55
97412 19980109 8 187.23
56561 19970902 9 7.39
62691 19971128 6 162.84
44552 19971116 7 132.95
39378 19970120 8 49.61
82297 19971117 6 144.22
09566 19980506 2 95.72
98653 19970130 2 40.23
23741 19980812 5 66.89
09577 19981016 6 96.56
08251 19970919 6 125.35
14262 19970413 3 74.09
88752 19981013 2 19.09
01576 19970604 1 28.34
89108 19980802 3 230.98
27835 19980208 9 91.80
68434 19970613 6 143.07
59977 19971222 3 178.71
43188 19980201 3 51.18
11578 19980305 8 37.20
55809 19970826 2 187.03
66772 19970518 5 176.48
68117 19970907 9 70.43
82320 19970808 6 52.35
70401 19970315 8 182.17
04857 19980515 6 238.21
96671 19970911 9 59.64
16830 19980526 7 48.66
82115 19980603 1 59.16
34753 19970115 2 164.73
90887 19970828 3 6.74
69384 19970913 5 148.85
34396 19971127 4 108.79
08721 19970205 1 149.71
87217 19980507 1 126.43
50572 19971014 1 248.78
64135 19980208 6 238.63
21824 19970721 3 9.67
71851 19971205 8 117.58
40075 19980511 4 40.32
55819 19980810 6 56.56
54231 19980611 6 75.08
96408 19980904 4 76.98
08673 19980513 8 77.29
54421 19970219 7 128.53
75305 19971015 6 219.35
54972 19970906 7 35.91
14098 19981212 3 136.46
55934 19980730 4 242.51
26749 19981219 7 20.61
91592 19970205 8 60.60
23212 19980507 1 68.70
46991 19970411 7 100.50
07219 19980628 5 192.17
27308 19970127 6 126.05
43199 19980923 5 46.73
20785 19981223 5 105.93
76186 19980307 9 89.27
81747 19971106 6 7.96
17614 19981129 2 179.22
39966 19980513 3 108.55
07567 19970226 4 91.71
16315 19980708 5 220.11
71687 19970822 8 101.17
02733 19970622 3 119.01
53958 19970508 5 161.11
49912 19970320 3 34.37
09530 19970910 9 230.04
09772 19981015 4 66.38
96234 19990101 3 112.21
32558 19981213 8 59.12
51789 19970628 6 108.31
15450 19970610 4 192.18
11729 19981103 2 237.69
02984 19980227 6 176.81
92737 19980917 6 147.69
73076 19980726 6 68.10
12665 19971230 3 138.64
89287 19981207 1 93.58
67557 19981123 8 198.50
89670 19971022 4 36.33
79943 19981213 9 70.30
56963 19970505 9 222.44
26587 19970330 4 97.32
21246 19981128 9 198.50
72535 19981220 3 182.32
49023 19970306 9 39.97
13200 19980515 1 124.57
49793 19971220 5 159.36
22063 19981013 2 144.96
41437 19971005 4 51.20
06851 19980711 7 5.17
55995 19970422 1 55.36
64388 19981018 6 145.03
95925 19970225 3 38.18
75439 19980625 1 226.53
62752 19971214 6 47.31
29712 19980505 7 179.52
38414 19980206 7 154.06
63700 19971102 3 188.12
88527 19970415 5 76.76
88611 19970627 6 83.45
60933 19981020 3 112.86
67673 19980612 9 201.50
39279 19980925 4 35.57
16079 19970211 9 99.19
57755 19980922 7 52.45
13689 19971006 5 178.83
57112 19980907 7 141.08
57212 19981029 8 43.34
96946 19980203 5 32.73
10347 19980105 4 171.34
36205 19980302 4 118.65
42624 19981212 2 229.41
44180 19970318 5 40.23
76986 19971107 3 101.37
50252 19971218 8 56.89
87855 19981011 2 15.22
09085 19980514 3 165.19
95649 19971011 7 122.74
41598 19971206 8 147.17
33077 19980529 5 229.70
84920 19980123 4 165.30
64602 19970604 1 171.11
54690 19970801 9 171.11
76799 19970116 9 228.81
62969 19980106 7 88.97
17487 19970928 7 204.43
28850 19981202 6 233.84
35031 19980831 1 80.30
35766 19970729 4 237.03
98756 19970630 6 125.30
92753 19980119 4 242.07
58696 19981104 4 33.39
36994 19970123 4 35.02
96018 19980312 4 145.09
44655 19971128 2 133.43
48015 19970311 6 178.87
81820 19970424 8 9.22
77054 19970120 8 156.31
60124 19980317 2 239.49
54143 19970402 2 211.01
59169 19980103 4 27.94
41082 19971009 3 226.58
41522 19970621 5 240.53
98185 19971201 2 224.29
07796 19970926 9 211.59
78405 19970130 9 223.94
20935 19971229 9 56.66
41975 19980502 5 197.56
45198 19970219 5 175.85
86274 19971003 5 163.44
80191 19971209 6 119.66
40865 19970722 7 57.09
51664 19980719 4 101.87
66962 19981125 8 108.69
62780 19980619 3 213.69
26897 19980915 6 213.82
35968 19970327 9 69.10
62362 19971115 7 11.46
16455 19980812 8 105.73
89230 19980612 3 24.30
24056 19970823 5 225.36
15237 19971220 4 58.58
97557 19981012 9 185.82
56523 19981222 5 39.86
80095 19970225 2 126.55
04466 19980528 7 22.38
28845 19970707 2 234.81
92889 19970114 5 25.22
74382 19970110 8 132.05
39923 19981018 7 210.79
96098 19970527 7 247.23
12205 19970113 8 11.79
30126 19980706 6 206.40
69205 19980305 4 44.40
18114 19970227 4 215.11
15690 19970602 3 21.83
00164 19971201 9 156.65
50943 19970926 2 137.36
10949 19980713 7 18.27
75285 19980223 2 247.29
71356 19970122 6 94.87
41800 19971105 4 66.72
05669 19971030 1 161.22
82174 19971121 7 214.29
22524 19970423 4 76.46
42516 19970703 3 181.83
84620 19980214 5 136.61
34937 19971229 2 97.25
54537 19970822 1 93.66
72396 19970706 1 112.09
67650 19970202 5 172.17
67635 19970918 8 89.44
31067 19981204 1 73.47
03179 19980623 2 6.85
64287 19980101 4 59.92
01565 19970823 6 235.09
50371 19970611 6 192.91
91327 19970606 1 188.11
41444 19970520 2 194.07
54746 19981009 8 75.36
64016 19970518 1 26.68
14328 19970207 7 14.20
31637 19981024 1 44.31
29006 19981016 1 55.45
18506 19970907 6 51.64
73813 19971203 1 230.28
27670 19981130 5 141.52
24230 19971227 8 17.96
39681 19970411 5 94.54
93141 19980707 4 120.04
26016 19981220 6 190.92
11334 19971129 7 246.51
29659 19981227 8 248.05
64414 19980825 9 19.82
03554 19970801 6 7.99
25771 19970218 9 12.50
69339 19971021 3 165.46
84169 19970620 8 197.20
53478 19980801 6 152.51
03458 19970727 7 73.74
65758 19970523 7 59.28
37356 19971019 5 39.33
96578 19970222 7 249.05
70190 19970819 9 190.69
98330 19980729 5 47.90
28947 19971020 1 90.22
74840 19981115 3 118.32
45737 19971127 4 213.37
08171 19970420 9 187.60
30252 19970718 8 36.17
42289 19980217 8 164.75
47579 19970810 6 21.01
83673 19980220 7 215.27
85631 19971103 9 197.59
48151 19970520 8 114.16
38402 19980523 5 97.93
15840 19980415 8 62.73
23171 19980923 3 67.87
60070 19980127 5 163.99
68862 19981205 3 113.65
34206 19970708 5 247.71
43313 19971102 6 95.80
36489 19980228 1 115.62
13783 19980503 6 22.44
58152 19980319 7 88.09
14105 19971215 5 84.42
35289 19970808 2 142.40
50991 19970304 6 49.58
57184 19970306 2 65.59
32216 19970903 7 212.48
14614 19980901 8 172.54
96926 19981031 3 188.95
84491 19981021 7 131.85
35372 19980504 6 16.68
33970 19970207 3 248.66
40763 19981224 5 184.74
07803 19980517 7 177.69
00429 19980718 8 112.50
41673 19971201 4 189.74
26095 19970426 3 99.65
97227 19981022 1 62.38
03680 19970426 7 85.50
46303 19971128 1 67.36
90549 19970705 5 6.97
06038 19981222 8 244.16
29570 19980907 8 16.94
06931 19981118 7 110.69
07567 19980626 2 61.27
41295 19970814 5 46.08
16187 19970411 7 37.77
63685 19970211 7 89.30
58230 19980101 5 142.78
26525 19970223 8 235.72
72437 19981128 5 27.13
54679 19980724 7 36.02
07920 19970510 1 133.23
62903 19981230 6 166.12
39149 19981216 6 206.87
18702 19970222 3 150.91
43337 19971213 7 80.21
16339 19981024 5 152.38
21865 19970926 7 138.59
78814 19981128 6 32.06
23976 19980918 3 40.32
34536 19971207 4 75.42
85595 19970105 5 30.80
53445 19971030 4 15.30
41349 19971010 9 177.89
60208 19981205 8 102.80
17021 19980529 5 225.92
39163 19970402 3 31.99
64200 19980513 7 54.63
70010 19970205 7 185.94
70418 19980725 8 152.22
99872 19980925 3 202.04
28587 19980616 2 54.73
29138 19981203 2 44.43
64908 19980401 5 84.48
55826 19980119 4 133.76
91330 19980719 4 218.87
93757 19980422 5 237.99
69015 19981203 2 36.55
22484 19970604 2 188.98
16285 19980513 2 99.41
75135 19970511 8 123.98
76710 19970527 8 219.27
79559 19980914 7 18.89
78214 19981226 5 50.23
41871 19980108 5 243.20
34241 19980131 5 98.88
80867 19980822 1 39.52
16341 19970809 1 39.73
23358 19980829 4 131.14
12786 19970419 3 138.94
27254 19980506 7 126.53
74178 19970329 8 196.49
83276 19971101 1 243.56
14102 19970630 4 211.89
15705 19970103 4 85.30
43854 19970427 5 69.59
14894 19970913 9 225.22
33422 19980507 2 66.38
22651 19971001 9 218.84
24925 19970828 1 113.54
10741 19971019 2 101.49
13664 19980208 1 109.98
50460 19980903 5 194.27
18455 19971114 5 89.42
14066 19970728 1 191.36
27780 19980308 2 188.58
25542 19970816 1 114.13
19550 19970109 9 55.86
48256 19980915 8 165.52
16380 19970531 4 76.64
74714 19970727 8 234.07
23631 19980808 4 231.14
26908 19980509 5 161.83
73756 19971026 7 247.57
78301 19980207 4 24.82
50987 19980125 2 247.27
17524 19971227 4 85.22
79388 19970606 3 11.64
57638 19970225 1 40.92
16201 19980830 2 194.04
07585 19970702 5 96.59
83982 19971127 6 81.73
98844 19970422 3 133.61
20320 19970630 6 7.10
18594 19970626 9 64.55
58537 19980609 8 186.86
06090 19980825 4 94.63
02682 19980323 9 59.16
82216 19970831 5 15.04
05926 19971220 3 53.05
17353 19980517 7 49.09
30251 19971128 5 167.24
38059 19970202 5 157.38
60315 19981006 8 41.42
63869 19971027 4 205.18
77764 19980217 4 55.63
79723 19980606 6 8.82
27344 19970830 1 24.50
48269 19971116 8 144.98
04972 19980514 4 159.87
89917 19971029 3 199.82
66235 19980217 7 35.13
49310 19981015 1 181.63
03041 19970107 4 22.85
73664 19970404 5 178.92
17995 19971223 1 158.20
39534 19981028 1 95.22
00115 19980308 2 90.90
40961 19970320 8 180.62
36960 19970729 6 57.67
51966 19970408 9 61.18
47280 19981029 1 183.01
27086 19970517 2 87.34
88795 19980827 5 72.67
19306 19970310 3 88.57
00080 19981018 9 96.16
66027 19971101 5 69.57
52624 19970924 6 102.65
97187 19981020 8 107.48
37930 19980414 7 16.93
66930 19981114 3 19.02
25700 19970730 1 238.90
92416 19970903 9 210.29
01144 19981128 8 102.98
18865 19970724 1 71.05
09337 19971009 2 110.65
05772 19980516 7 240.29
64727 19980720 4 214.92
09411 19970928 5 206.75
68203 19970807 6 24.31
14786 19971119 8 132.40
68698 19970422 8 31.85
34678 19970205 1 152.36
17224 19970508 8 139.52
61024 19970216 2 124.12
64746 19970209 9 172.36
65337 19970324 9 173.62
72346 19981210 9 117.59
64333 19981202 5 124.72
42049 19970105 4 221.52
56448 19981106 1 74.55
79328 19970731 7 151.03
74411 19980410 3 160.78
20171 19980808 1 115.19
85829 19980210 5 43.86
94654 19970628 6 224.61
26309 19980821 4 23.94
42929 19980809 2 94.00
47959 19971225 1 30.75
15203 19980304 1 43.37
80454 19970714 4 22.64
73045 19980320 3 185.64
05030 19981231 8 126.98
19901 19980628 1 59.66
24240 19980412 4 64.26
18222 19970904 9 121.92
80631 19981226 3 59.94
41661 19970228 4 207.70
48010 19970105 2 141.23
01025 19980203 9 94.73
65702 19980509 1 69.35
24714 19980313 7 95.39
18307 19980428 8 60.19
65686 19980314 1 77.12
59284 19981125 8 190.76
21219 19980208 7 24.03
37259 19970704 8 97.54
85695 19970802 5 232.14
10282 19970203 1 86.24
76441 19970414 3 239.56
21993 19981022 2 74.69
05197 19980904 8 69.18
97759 19980916 8 233.49
06532 19980525 6 221.57
27473 19980823 5 193.53
10940 19970623 2 181.26
55652 19980725 5 172.51
25503 19971219 9 210.78
86185 19970929 5 16.76
01068 19980116 2 94.82
46572 19970403 8 142.70
79291 19971108 3 130.32
17133 19970603 2 24.13
81394 19970316 1 198.78
92798 19980414 8 170.05
61469 19970119 6 140.34
94985 19970523 3 133.38
49206 19981221 7 117.75
36045 19970815 6 55.95
25699 19970723 5 153.32
64392 19971231 1 198.75
57512 19980408 4 85.08
98158 19980303 6 66.53
03667 19970202 6 27.70
45228 19970907 3 72.63
42025 19970626 9 247.99
13577 19980329 5 210.56
04170 19970423 2 80.00
38339 19970722 4 69.65
76482 19970712 9 14.96
11505 19981024 9 22.31
30486 19970207 3 123.31
89163 19970825 2 209.39
12415 19980331 9 212.38
53109 19980401 3 73.16
01109 19981101 1 163.89
23240 19970828 7 168.46
21849 19980319 7 162.82
30172 19970113 5 92.30
82008 19980803 1 70.61
62382 19970603 9 32.31
59979 19970107 3 247.27
73857 19980423 8 88.44
40897 19970309 1 78.50
16993 19980315 8 70.78
74940 19970721 5 126.59
65531 19980527 5 230.46
71872 19981107 9 40.16
92090 19970831 9 171.91
98995 19980206 4 163.18
09376 19981202 8 197.44
82272 19971028 5 127.39
55838 19980418 5 178.25
82709 19970505 5 55.78
94974 19970811 9 235.57
74896 19970118 2 129.54
29550 19971028 6 135.50
66468 19970128 6 170.38
56162 19970220 5 241.29
03880 19980805 8 107.09
78602 19970907 6 160.94
26857 19970707 9 134.48
42461 19980419 6 87.61
96417 19981004 2 98.38
58413 19981227 8 164.22
32849 19981201 8 162.96
93357 19970207 5 169.06
24901 19980331 5 200.23
26900 19980310 6 208.46
39861 19981206 7 245.96
80027 19970414 9 48.84
63315 19970822 1 229.00
96572 19970422 6 170.31
83690 19980218 6 119.57
26451 19980212 5 110.18
91021 19980621 6 204.90
35109 19980428 5 69.35
37917 19970214 9 108.51
15686 19970103 3 184.47
34711 19970819 1 200.79
30153 19971209 1 236.73
62580 19981122 2 227.48
74225 19980407 1 100.95
27645 19980930 4 154.87
66028 19980623 5 195.68
16688 19980309 3 165.45
37141 19980714 5 133.28
17142 19980613 2 61.73
73582 19981129 8 151.65
37434 19980129 4 27.38
26785 19980401 7 194.21
05965 19980320 9 36.00
10714 19980302 2 167.48
07109 19980926 9 140.64
85033 19971118 6 59.31
60447 19970702 3 197.54
99366 19970622 7 234.87
44658 19970327 3 65.95
44862 19980708 8 165.49
10877 19980107 6 68.47
63486 19981116 3 101.50
04722 19970906 7 97.45
67493 19971010 7 166.43
50781 19980913 4 161.62
11701 19980704 6 206.92
78754 19980615 2 95.22
96142 19981025 2 157.17
13340 19980228 4 88.80
74840 19970527 5 146.69
46903 19980501 7 50.67
08168 19970424 3 197.04
02848 19981210 9 169.98
31913 19970905 6 194.75
05192 19980212 7 70.10
32479 19970529 1 138.37
52921 19970621 5 58.65
99504 19970705 9 198.67
50252 19980814 1 128.82
48916 19970731 2 147.09
57955 19971123 5 69.36
23031 19971102 9 205.71
30102 19980611 8 151.91
85309 19970430 2 207.90
02177 19980905 4 34.06
30517 19970207 9 182.40
52500 19980305 4 176.36
96436 19971211 8 190.92
86833 19970103 3 247.63
98509 19970628 9 25.91
04443 19980620 6 218.69
86319 19970524 7 109.65
68754 19970606 3 34.02
10166 19970312 8 116.05
53475 19970214 9 232.99
52106 19981026 6 204.05
53114 19970424 9 83.51
84706 19980202 7 135.60
36339 19981203 8 200.24
41094 19980806 5 233.48
76417 19981119 6 142.23
10799 19980317 6 169.55
39591 19981119 3 109.95
90200 19970328 3 172.22
68407 19980221 6 187.12
99276 19970522 3 186.34
37635 19970905 3 114.32
37084 19980123 8 223.32
28092 19970719 3 191.71
17585 19981203 5 234.73
10371 19981020 2 163.61
72203 19970115 1 205.22
31013 19971220 7 87.42
81338 19990101 2 247.06
47793 19970118 8 199.81
09625 19970609 7 61.08
94077 19981201 2 79.31
69693 19971203 4 230.06
36183 19970521 6 11.13
62829 19971222 7 234.58
08140 19970412 1 212.77
76197 19970728 1 248.56
78597 19970903 6 63.64
18050 19970502 7 151.69
18694 19980509 4 78.41
20956 19970930 2 192.16
51910 19980616 4 121.83
56870 19981225 1 248.57
51377 19970504 5 53.38
33576 19980313 7 154.27
29496 19981202 8 98.42
98111 19970111 1 215.21
23723 19970902 9 127.62
92004 19970413 4 117.11
03415 19970828 7 152.70
16000 19971031 4 40.46
38043 19980307 2 112.90
91103 19981012 2 64.47
47155 19981221 5 166.04
32282 19980528 4 143.54
62609 19981126 8 133.38
78450 19980625 6 241.07
18078 19980712 9 197.21
80318 19970105 6 39.24
56042 19981224 9 129.64
16656 19980908 7 142.04
74643 19980522 3 113.82
10899 19981219 9 180.50
15852 19980509 2 172.68
52981 19981210 4 181.89
23570 19970204 2 188.43
80192 19970313 2 61.42
04328 19970308 8 181.46
05610 19970625 4 121.56
95100 19970122 2 124.49
16844 19970928 4 33.75
68737 19970316 7 167.86
47725 19980618 8 118.54
50128 19980602 5 99.31
58921 19970828 9 127.20
56461 19980511 1 174.13
05728 19971127 4 87.32
37126 19980606 9 239.86
65215 19970811 7 248.44
59816 19971213 7 104.62
70588 19971222 4 197.82
62252 19970202 1 17.82
57505 19970122 1 163.62
84161 19980913 8 76.18
09087 19970122 7 160.49
09567 19970906 8 19.15
55366 19980907 1 231.07
98457 19980712 9 198.04
18755 19980220 2 30.07
80059 19971126 6 35.63
35094 19970813 1 168.88
66270 19971004 6 131.23
66091 19971116 5 50.39
81115 19970225 8 116.19
38484 19980108 6 77.23
31181 19980526 9 204.33
60536 19970914 3 54.12
54237 19980925 4 215.88
06245 19971218 3 134.91
40863 19971202 7 140.29
42727 19971124 1 242.97
45017 19971221 7 104.79
15513 19970629 9 61.88
63890 19970919 9 102.63
52497 19970531 7 206.87
07298 19970919 9 26.93
91428 19980311 7 93.52
96673 19980626 6 124.60
32049 19980315 6 118.61
07220 19970721 7 167.96
55499 19980203 6 92.19
82335 19980305 8 14.25
24550 19980124 8 244.42
20021 19980715 2 163.71
60596 19971024 4 174.25
96607 19970822 9 57.56
05999 19980904 6 15.72
52645 19981208 2 205.28
66555 19971006 4 26.18
71619 19971008 5 85.29
72843 19971023 9 101.22
61655 19970331 5 8.47
86160 19971208 9 26.48
60789 19980402 4 112.43
14429 19980307 9 57.09
31857 19970824 3 223.02
28905 19981221 9 69.64
44111 19970126 3 131.51
08524 19981228 1 27.47
60776 19971226 3 100.09
70575 19971011 2 186.10
01879 19980110 9 131.71
13242 19980106 7 224.52
23729 19980221 5 86.06
71995 19970828 1 188.30
22242 19980108 9 13.76
86346 19970827 5 116.64
91113 19970112 8 237.35
51360 19980807 6 188.81
35622 19970630 8 98.06
97513 19981122 3 61.85
10322 19980211 8 149.44
01393 19970228 9 112.56
72894 19980416 6 64.80
82355 19980118 9 41.88
39299 19981126 8 8.17
45787 19980318 7 12.85
43829 19980715 7 160.28
54580 19970820 2 52.58
34669 19970928 8 59.46
02753 19980410 2 84.66
46338 19970111 6 42.18
84130 19970713 5 178.64
67548 19980103 3 56.23
55964 19981104 8 88.42
71427 19980516 7 26.53
19178 19981125 6 83.21
31608 19970214 2 236.70
50446 19970501 4 125.71
81811 19981021 8 76.95
85701 19970301 6 219.25
34100 19980624 9 241.99
78474 19980917 6 27.11
62449 19980514 2 224.43
81583 19980729 7 196.78
40988 19970423 7 177.90
80142 19970622 9 202.03
11779 19970613 8 189.72
09909 19970423 1 173.22
74102 19980224 6 108.92
89274 19970216 7 208.01
66917 19980110 4 242.06
70097 19981106 7 11.28
57101 19971026 1 76.26
76229 19970515 3 110.22
28456 19980720 5 169.24
97568 19970314 6 115.13
17987 19971208 5 93.14
27438 19980924 7 44.41
84130 19970226 3 149.31
40332 19980606 5 77.82
60700 19981101 9 124.17
77224 19980819 2 118.75
56766 19971111 6 149.54
10369 19970919 6 21.62
94041 19980209 4 40.13
45928 19971219 5 248.71
64681 19970716 6 169.57
10491 19970405 3 249.39
65206 19981009 7 117.21
16571 19971015 6 211.22
67187 19980203 1 219.17
36954 19970616 6 177.75
12626 19981213 7 96.29
08398 19970322 7 248.89
15634 19980308 4 40.81
19585 19980707 8 176.07
42709 19980427 4 208.23
41514 19971216 5 57.40
21089 19970104 3 176.38
93967 19981220 4 218.29
20705 19971010 3 33.87
77428 19980107 6 140.28
89734 19980314 8 64.95
69514 19970808 7 79.78
63085 19970109 3 44.59
78210 19970812 1 215.34
45242 19980714 3 51.67
51766 19970621 2 224.88
19186 19971030 4 166.23
09230 19980407 7 88.32
84935 19971122 8 7.62
01862 19981014 6 18.01
43220 19980117 9 107.59
24100 19980201 9 17.44
22173 19970801 7 145.51
83327 19981226 5 41.37
90324 19980816 4 35.33
18931 19971223 4 45.38
89602 19970324 2 66.47
48066 19980304 1 113.59
57511 19970218 5 152.49
74540 19981230 2 187.85
54537 19970603 6 249.26
17136 19970813 8 168.30
76067 19981117 7 45.93
42428 19980907 7 45.24
07213 19980826 5 143.10
61487 19980401 6 198.81
14054 19970324 5 102.68
14209 19980921 2 190.09
96339 19970328 3 117.35
67732 19981030 5 80.91
08871 19981217 8 204.80
23561 19980824 3 28.60
17221 19980928 9 58.89
99783 19970622 8 64.76
53437 19980622 7 204.44
03146 19981122 7 171.01
57382 19980402 8 129.37
21661 19971017 9 33.77
72960 19970128 3 154.50
92255 19980524 7 84.81
41943 19981230 3 186.52
00284 19970929 7 102.31
67282 19970327 1 89.68
84582 19981026 5 5.13
75646 19971008 7 10.79
89579 19981227 5 68.52
57799 19980919 1 189.99
15260 19980821 7 93.38
98818 19971004 8 122.74
13323 19980102 1 58.11
73586 19981008 1 68.03
74174 19981223 4 163.77
74317 19971111 8 57.66
86906 19980324 7 108.71
04774 19970623 2 230.93
52144 19970609 7 129.52
65642 19980616 2 237.52
34745 19980803 5 156.83
11596 19980125 6 20.86
10201 19970105 9 246.67
38847 19981108 4 203.32
31649 19980811 9 243.19
49364 19980818 9 194.14
08626 19980329 3 32.16
40272 19981209 1 76.43
94668 19970615 4 126.04
51029 19980319 2 46.74
07753 19970225 2 10.55
59924 19970930 8 116.69
77996 19980808 1 182.98
09373 19971130 8 173.89
23732 19980413 9 210.78
14618 19970625 6 101.89
83258 19970801 2 154.81
40154 19980214 7 223.98
63972 19980808 7 239.02
82029 19970325 8 89.07
24471 19970323 4 6.60
23898 19971019 7 229.50
46382 19970802 5 85.99
93847 19970910 4 195.60
14207 19980803 2 150.81
82022 19970409 4 139.91
29711 19980804 3 223.71
47337 19971113 1 53.70
80216 19971110 5 20.06
55596 19981209 6 185.16
26795 19970123 4 214.30
55750 19970319 4 48.34
02352 19971023 5 34.32
37510 19980110 1 57.88
01447 19980215 5 207.65
86728 19970429 8 214.68
31340 19980115 3 225.20
29015 19970304 5 54.49
73858 19980401 8 75.13
19239 19980903 8 43.61
25630 19980207 3 12.72
44340 19970923 6 47.12
48919 19980924 2 76.72
50111 19971008 3 220.47
26416 19980816 5 117.47
31090 19970725 5 187.00
22468 19970411 1 156.38
87799 19980902 1 51.44
11640 19970801 9 153.86
68759 19971222 9 10.12
91325 19970612 1 26.75
91005 19970118 2 17.65
82127 19980621 2 174.08
11878 19970724 3 167.02
42040 19980430 2 202.47
10908 19980812 1 236.86
90588 19970422 8 28.08
48285 19981215 8 39.64
24751 19980805 7 181.25
73355 19980822 7 146.07
00799 19980515 7 231.94
43446 19980717 4 226.22
33444 19981003 4 84.29
80536 19970515 2 150.27
85569 19980704 6 131.46
49353 19970326 3 78.18
67438 19981110 6 124.70
04992 19980926 9 143.94
80634 19970114 1 110.39
76178 19970409 6 62.02
17121 19970601 5 194.15
71253 19971007 4 141.93
46759 19970426 6 148.82
23092 19980726 3 30.11
82914 19970908 1 59.53
41748 19980503 2 144.09
56115 19981217 3 92.36
92597 19970206 9 181.61
57619 19971122 7 129.19
09466 19970610 2 53.01
37796 19970722 1 31.87
84154 19980328 3 10.58
96812 19980527 5 165.87
92461 19980818 5 9.37
34146 19971110 8 92.95
02181 19971207 3 117.15
65526 19980329 4 42.82
96655 19970301 3 111.25
97340 19981207 9 81.91
66129 19981222 9 159.15
25560 19980816 2 249.48
92282 19970619 2 163.54
52475 19980627 2 20.22
07306 19970424 5 158.49
96912 19980101 9 100.94
26606 19980915 3 35.08
65024 19971228 5 226.74
44119 19980911 6 27.75
66631 19971101 2 116.84
54492 19980116 7 59.20
09553 19980309 5 50.65
63349 19970306 5 81.09
23975 19970119 1 72.27
28121 19981025 1 118.91
59522 19971010 1 90.52
76191 19980704 9 86.97
32037 19970101 3 37.89
10971 19980503 4 23.28
64593 19971101 6 235.53
33276 19970813 4 195.58
08948 19970826 4 21.40
47148 19980820 4 241.33
66539 19970913 1 132.53
98507 19970113 9 174.37
64120 19971208 3 173.37
86799 19980522 8 154.60
83638 19980702 9 107.18
15704 19971009 5 6.47
28840 19980719 4 102.74
86279 19970829 3 64.18
79472 19970624 4 194.10
76883 19970526 6 36.65
98013 19980923 2 240.72
85161 19970122 3 104.82
30452 19980804 2 78.70
12064 19980803 4 189.02
74817 19980319 5 17.30
44780 19980122 8 233.50
32598 19971204 4 212.70
58731 19980822 4 95.81
88911 19970713 5 140.71
61600 19970815 5 60.24
36137 19981208 5 23.84
46202 19970602 6 43.13
46709 19980126 6 191.25
32254 19980517 8 139.27
83194 19970310 5 22.95
28859 19970108 5 218.24
29965 19970206 2 28.58
02309 19971008 7 121.08
28181 19980609 4 53.68
97878 19980125 8 239.83
23883 19970915 2 24.13
38186 19970225 8 179.72
96630 19970915 8 168.87
52214 19970723 8 167.87
61169 19970226 8 52.30
55668 19970512 7 102.49
12173 19981206 6 159.96
48819 19970316 7 111.19
82211 19970929 9 228.93
98799 19981129 8 215.56
69003 19970612 6 154.10
39545 19980421 1 215.17
69887 19970702 3 78.39
32356 19980907 1 26.86
36439 19970610 9 96.73
59492 19980207 1 90.46
90315 19980221 7 15.43
58484 19980308 7 90.08
85303 19970513 7 65.45
58310 19970723 9 53.79
63125 19970724 4 227.15
20429 19980419 4 246.51
14769 19970203 9 139.81
57280 19980702 5 199.94
25491 19970328 4 22.05
38286 19981003 2 7.44
76064 19981002 4 10.58
94271 19971007 7 73.33
56964 19970620 2 14.35
17642 19980309 5 143.21
63093 19980822 5 35.34
14513 19970510 1 99.79
34351 19970911 2 225.65
20544 19980725 8 239.07
07181 19980907 1 41.94
19787 19980505 7 5.39
23857 19970813 9 60.91
98088 19971110 2 121.46
99026 19980516 7 163.87
37639 19980228 9 235.72
49279 19970704 9 160.63
40453 19970407 8 207.45
20755 19980403 5 212.23
54051 19970714 3 183.53
01618 19981228 8 248.75
28530 19981001 6 42.06
43609 19971216 8 143.12
40605 19970314 4 180.72
33744 19980824 4 6.25
80904 19981003 8 140.54
15655 19970925 4 101.49
49476 19981111 9 122.48
82677 19970517 5 135.23
35346 19980929 6 109.59
58045 19970901 9 195.93
05233 19970917 9 218.64
83433 19980617 9 135.27
61377 19980628 1 214.74
02415 19970817 1 125.49
08587 19971208 4 5.05
23201 19981019 9 246.37
63875 19980424 6 121.35
25599 19970727 3 197.77
14432 19971128 4 229.61
24306 19970211 9 160.05
55656 19971115 1 24.30
05720 19970914 3 206.03
77251 19970120 7 91.83
81400 19970123 2 203.29
03145 19980413 3 132.65
47175 19970102 8 149.77
16672 19971119 2 33.60
26699 19981203 1 195.80
23688 19970303 9 197.37
07939 19970601 1 113.67
16668 19970215 8 106.20
07910 19970520 6 133.38
34371 19980212 1 175.29
26590 19980203 4 234.24
60298 19981119 6 215.56
15512 19971001 6 210.84
62202 19981115 8 107.68
75142 19981221 8 123.84
85987 19970317 2 39.16
99393 19980408 8 36.59
30723 19980919 4 160.94
01015 19971024 8 219.51
70780 19980526 2 215.02
76360 19970328 1 190.19
19296 19970612 6 164.28
36836 19981211 7 132.78
87865 19970422 8 243.89
68150 19971227 5 245.37
56152 19970710 9 145.72
29144 19980922 5 241.23
87035 19980130 4 245.96
18704 19970104 4 14.55
25751 19980619 9 134.34
11703 19970315 2 218.94
73142 19970118 9 64.45
86971 19971117 5 166.80
41342 19980101 4 183.23
92663 19970415 1 184.57
64602 19970413 1 146.01
97382 19970912 6 138.28
18063 19980604 6 48.08
76487 19980601 3 12.31
62915 19970823 7 222.86
41967 19981207 7 54.94
49636 19981130 1 92.66
02799 19971108 3 120.26
81896 19981123 7 96.10
83547 19971216 8 63.83
66290 19971108 5 64.06
14631 19980623 1 173.43
82981 19971008 8 146.99
67061 19971118 5 146.40
73328 19970311 6 130.31
61741 19970820 2 126.49
00433 19980113 8 44.85
20937 19970113 9 27.87
60118 19970630 7 195.09
50006 19970209 2 101.03
05424 19971016 5 71.46
71645 19971107 1 201.47
11985 19970203 4 190.87
44768 19970731 2 34.38
66201 19980928 2 153.91
63689 19970929 7 50.99
30570 19980916 5 89.68
62978 19980322 5 21.98
22410 19970326 7 229.51
08270 19980713 6 95.85
96774 19980524 2 148.35
45073 19971207 4 15.80
34991 19970729 6 50.04
41666 19971118 1 129.56
82041 19980221 3 168.51
20781 19970326 9 56.66
63617 19980226 8 143.69
48934 19970627 2 179.25
55148 19970515 6 143.09
64288 19970911 8 147.57
08187 19980708 9 244.07
77838 19981022 6 148.01
57583 19970406 5 112.50
24725 19980911 1 142.88
86194 19980511 8 243.87
26815 19981120 8 238.35
53027 19970625 2 203.49
69325 19981003 8 43.15
05290 19980721 9 27.43
35211 19971010 7 137.39
74078 19970114 5 44.48
13922 19981204 1 112.76
25024 19970711 6 237.95
22156 19970607 3 162.13
43703 19981029 7 102.33
70639 19970726 8 109.58
08293 19981224 1 96.08
77247 19970312 3 78.26
15848 19980716 5 15.90
68772 19970815 6 49.82
91641 19980127 6 55.39
33577 19970514 3 59.58
24029 19970101 5 227.91
32591 19981206 2 20.46
34099 19980529 3 144.59
56555 19980404 2 221.61
81035 19970916 9 223.41
28328 19980507 5 235.91
80644 19971219 5 75.27
82143 19970506 4 93.38
42140 19981215 4 130.79
05879 19971216 2 235.89
33954 19970226 6 82.66
21687 19980107 2 32.53
57506 19970412 3 19.72
85772 19970119 4 84.00
96509 19971009 5 190.09
45443 19971111 4 209.82
02991 19971023 4 224.75
92777 19980924 3 44.18
83726 19970423 5 197.81
86474 19980602 6 219.37
18868 19970627 7 196.43
72303 19980717 1 105.88
53483 19970909 7 87.55
44909 19970119 9 178.57
64085 19970610 6 28.03
46744 19980814 6 14.12
41322 19981028 9 119.46
94324 19980909 3 193.62
35511 19980313 8 228.80
34244 19970209 5 164.58
10778 19981213 8 111.90
65589 19970728 4 63.88
92308 19980128 8 32.27
63110 19980310 1 54.37
55039 19980717 3 39.41
27563 19980123 9 17.58
51327 19980124 9 124.06
35626 19981226 4 92.25
03959 19980429 8 102.42
24211 19980403 2 113.20
85193 19980501 8 30.00
49343 19970226 4 93.29
83702 19981010 7 213.54
59020 19980502 9 167.06
15930 19980508 9 229.75
89489 19980206 9 149.75
68514 19980413 3 23.86
90954 19970207 9 26.54
46423 19970409 8 160.07
62191 19970820 9 41.50
48253 19970711 6 149.47
46045 19980425 1 79.33
79475 19970510 5 120.41
35048 19970121 6 109.87
55028 19981108 9 201.98
76144 19970418 3 171.12
09549 19980128 6 68.72
05776 19981029 9 241.42
46556 19971215 7 172.12
34459 19970705 5 191.98
84013 19970803 9 140.71
59420 19970206 5 105.23
10509 19971014 8 173.99
82335 19970331 6 110.49
65311 19970415 8 175.79
90555 19981019 8 138.54
97258 19981006 2 153.00
35821 19980421 4 228.83
38936 19980128 1 194.33
97822 19980120 5 33.64
39129 19970413 2 213.94
77712 19970222 4 19.71
57235 19980128 5 142.95
98594 19980630 6 204.20
33988 19980822 4 27.63
29820 19981117 3 59.30
55895 19981221 6 39.00
94892 19971013 5 68.24
37921 19980418 1 223.74
33634 19971219 3 212.32
41576 19970421 8 7.75
24847 19981127 9 112.74
72839 19980905 5 64.49
54618 19980223 7 122.14
35919 19970516 2 83.49
35207 19970802 8 91.71
96256 19970909 8 6.73
29359 19981219 8 223.22
94696 19980124 7 74.30
41430 19980419 3 189.92
77170 19981225 9 13.60
61844 19970123 6 85.20
78107 19980614 5 141.79
98388 19980605 9 20.66
55910 19980408 2 126.14
09773 19970712 9 7.60
26554 19980511 6 67.21
33529 19971101 9 202.51
62772 19980716 2 238.82
36872 19970522 6 109.63
25757 19980411 2 169.57
08675 19970910 3 149.66
58110 19980219 4 86.92
97197 19970721 1 189.33
20783 19970703 2 42.23
90081 19980621 5 12.27
41940 19970401 7 115.40
69678 19971201 7 38.08
16440 19980218 9 226.03
75227 19980714 4 51.16
13746 19980324 1 11.16
34456 19980826 6 209.78
76985 19980719 4 122.25
44708 19980310 2 24.16
41143 19970413 1 97.66
24452 19970625 2 228.28
63040 19980123 1 153.13
82809 19980131 8 170.80
24543 19980112 6 35.67
77972 19980428 8 79.95
88992 19981005 1 28.42
33359 19980521 9 191.08
18641 19970902 6 100.41
76801 19970627 1 83.23
18939 19970413 1 224.03
29861 19980121 9 208.66
94063 19980527 8 79.12
64580 19970303 7 19.00
38835 19980705 8 36.87
73364 19980912 3 134.99
53877 19981028 7 52.65
40182 19980218 5 30.90
62871 19980511 2 134.85
27045 19970213 5 62.11
28714 19970828 7 234.86
48521 19970723 4 154.46
14513 19970302 5 170.68
05372 19970809 7 180.87
85695 19970317 1 120.95
82280 19970430 8 37.34
58783 19971226 9 173.75
44112 19971114 7 222.70
15037 19980526 6 93.04
52217 19971123 4 42.84
89059 19981113 7 100.56
68927 19970505 9 58.49
10015 19971210 3 88.83
52857 19970914 8 215.29
59637 19970714 8 163.72
46056 19971219 2 32.49
13287 19970419 2 97.58
34175 19970216 8 209.73
54313 19980717 3 243.30
87443 19970609 3 183.83
04424 19980625 7 84.70
48775 19970902 7 238.37
52955 19981130 1 237.02
83009 19980408 1 5.53
95553 19970731 2 193.16
22971 19980404 9 85.58
34658 19980626 8 94.38
57307 19970221 7 46.03
05581 19980902 2 91.78
17090 19971225 3 151.68
23538 19980425 3 52.49
94682 19970423 9 127.27
64396 19980118 8 232.52
65055 19970526 8 153.22
65366 19981124 4 206.05
24957 19980210 1 114.69
75099 19970114 3 128.56
06637 19980916 6 131.60
12161 19980813 2 116.14
96038 19980207 8 144.39
62867 19970612 1 159.04
95823 19970502 3 132.88
94656 19981017 8 182.10
85126 19970503 8 100.91
69692 19980410 3 62.42
64978 19980312 3 8.71
51208 19981023 6 220.25
46008 19980118 2 68.88
05913 19980312 9 225.04
74865 19980312 5 5.97
26690 19970506 1 234.69
20730 19971024 3 189.55
91784 19970127 8 74.83
47814 19981215 4 210.87
24714 19970530 6 37.50
26364 19970403 3 42.09
01469 19970408 7 170.09
46264 19970624 9 214.11
95160 19980713 2 241.34
39107 19980220 5 150.61
73200 19970608 9 35.19
45820 19980208 9 74.80
67536 19970315 3 192.18
49083 19970404 8 194.77
44828 19970909 1 62.27
58714 19971013 4 122.67
90228 19980324 6 7.48
48424 19980310 9 110.73
22498 19981201 5 149.92
91590 19971023 4 200.61
86147 19970124 6 163.90
61996 19971213 3 165.15
02990 19980330 7 15.36
87768 19971123 2 106.73
72909 19970824 4 154.70
32089 19971017 9 154.68
18785 19970225 1 194.01
64298 19970806 9 57.95
82915 19980515 3 238.12
86659 19970512 4 141.47
39710 19970707 9 90.59
70235 19970118 3 232.34
69162 19980120 8 188.86
10317 19970127 6 150.65
88141 19971222 8 151.45
84762 19970421 5 194.71
53690 19971014 6 140.63
41822 19980728 9 199.72
49051 19980316 1 131.91
87371 19980509 8 211.21
77985 19980622 9 183.27
84558 19970822 6 144.04
90287 19970117 4 11.26
57804 19981229 4 87.67
15125 19970516 2 114.95
13468 19970913 1 234.64
06642 19981107 5 89.77
88156 19981118 1 90.53
94813 19980927 9 121.08
23336 19981211 5 112.45
89330 19980710 7 171.68
21905 19980722 2 130.32
34670 19970621 3 17.49
86009 19980402 4 66.72
52196 19970710 6 12.19
50150 19970509 6 195.47
74214 19970128 3 146.38
54595 19981004 3 76.48
73030 19971111 9 43.99
16467 19970406 4 193.31
12793 19980116 6 36.07
29087 19980311 6 154.06
47883 19980131 9 160.44
21180 19971107 4 204.37
84889 19971227 3 101.27
39580 19980411 3 108.86
49607 19970308 2 33.47
09500 19981004 9 123.75
90016 19980629 6 103.24
95008 19970224 3 191.49
00925 19970105 7 240.24
73374 19970512 7 96.18
53165 19981203 4 60.81
30360 19970308 4 52.16
23653 19980113 1 58.54
85068 19980508 3 210.23
52722 19970326 2 47.97
03577 19980330 9 110.93
34487 19980107 4 127.63
76795 19980504 1 244.73
82207 19970701 1 236.05
37422 19970125 8 135.67
24110 19970507 8 94.44
85964 19970404 4 136.61
09300 19970816 6 48.20
99093 19970820 5 16.39
50852 19971209 7 156.91
58860 19970614 8 183.03
69556 19970722 5 206.09
00908 19970809 9 145.67
44039 19970528 3 21.04
91983 19980403 5 83.13
75847 19971129 7 166.38
06785 19981215 1 42.27
60026 19970109 4 171.99
21212 19980103 6 32.51
70498 19971229 3 219.93
28215 19980521 2 7.64
31062 19980219 2 149.78
47932 19980109 6 48.04
77711 19980531 5 204.50
54874 19980105 5 229.37
44171 19980218 8 19.93
09939 19971115 3 155.56
44570 19970301 7 83.25
26737 19971028 5 168.42
84114 19970829 8 120.37
26498 19971213 5 97.64
90222 19970129 9 39.66
40266 19980123 7 224.80
13395 19970824 5 22.20
55188 19980626 1 101.61
05973 19970401 5 245.53
84523 19980115 4 8.04
60795 19971001 4 110.88
36729 19970916 4 134.06
35177 19970130 5 196.00
92752 19980619 6 78.62
06031 19970723 1 46.93
75960 19970717 3 39.11
78818 19971210 4 205.61
38215 19980810 5 163.79
04492 19971215 4 167.79
90171 19970317 5 137.80
23822 19980222 4 91.05
51452 19980411 2 145.80
36682 19970906 8 55.13
46797 19980716 9 120.15
72203 19980113 5 34.41
68657 19970924 5 13.93
01965 19970816 7 232.64
10912 19981101 5 99.55
74322 19980928 3 95.57
03764 19970221 4 69.49
30753 19981111 6 234.07
30721 19981207 8 164.98
37688 19980829 2 182.33
55548 19980109 1 146.73
77787 19981204 7 154.00
08478 19981007 9 160.84
25786 19970203 1 98.72
68346 19981022 7 51.65
13876 19971129 6 106.66
68974 19981002 7 78.80
32451 19980426 3 86.87
45601 19970113 8 94.76
72296 19980602 5 185.83
87118 19980831 7 112.59
87066 19970606 2 74.96
46503 19970704 6 61.69
86199 19980301 4 248.46
30987 19970228 7 248.91
60883 19970807 4 52.19
00178 19970601 6 42.28
41065 19970428 6 182.34
00609 19970924 7 64.96
53298 19980227 1 229.46
06337 19970418 9 186.33
64950 19971023 4 69.30
28290 19980111 6 67.23
82417 19980630 6 219.69
20218 19970520 8 152.83
63493 19981110 9 166.96
55285 19981216 8 188.21
89159 19970224 1 119.39
28419 19970609 5 90.92
78467 19980213 2 226.71
54410 19980622 8 246.13
72413 19970421 9 59.10
35258 19970320 4 85.41
34670 19981119 1 148.20
46323 19980530 1 86.10
23099 19970809 7 103.61
17468 19981002 5 194.83
60979 19980601 2 153.17
46570 19980928 2 168.34
88783 19970628 7 122.69
56916 19970319 8 31.13
71522 19980823 2 31.08
27007 19970702 7 212.55
30030 19981031 5 181.18
92113 19980602 2 198.75
39626 19971204 8 85.75
56259 19980217 6 148.71
41918 19980901 2 169.61
05447 19970217 3 184.27
83815 19970131 6 168.15
71467 19971005 1 146.43
74864 19980927 5 173.70
99910 19970701 4 219.51
07700 19970110 5 209.25
25801 19971007 4 99.19
85682 19980227 8 54.49
43532 19970414 1 245.16
29074 19980228 7 149.40
12215 19971023 2 33.82
41700 19981111 9 54.16
83921 19980124 8 241.32
00928 19981112 4 223.63
18424 19970416 3 83.05
01714 19981109 3 224.63
81710 19981212 1 147.89
78158 19970713 6 208.56
47863 19981025 4 62.18
64990 19970822 3 80.04
85395 19981108 1 151.92
66843 19970826 4 51.68
99728 19980923 6 60.76
52174 19971113 7 223.16
30930 19970809 7 248.98
54435 19971204 8 86.38
97649 19970216 7 141.84
88433 19981217 8 247.10
92426 19971007 9 156.05
56964 19980204 1 84.48
99664 19980525 2 198.51
84444 19970223 1 100.70
65637 19970911 6 182.70
11031 19970421 5 9.04
04049 19970210 2 188.63
89041 19981113 5 126.01
84171 19980923 8 108.71
12193 19970831 7 175.98
79579 19971211 1 195.06
07794 19981213 2 178.22
05630 19981215 8 137.03
04873 19971119 2 209.53
25493 19971202 1 83.61
38480 19970322 5 112.12
35618 19980809 1 56.00
07771 19980922 2 130.01
81922 19981021 7 120.78
99757 19971127 8 104.10
36061 19980328 5 127.28
18256 19970726 6 120.84
30589 19970709 3 178.93
40770 19971004 5 227.09
23417 19980301 9 185.96
43461 19970610 1 82.00
59066 19980809 9 125.27
83859 19980801 7 26.79
47260 19970119 1 34.12
69557 19970131 1 114.27
99522 19971008 6 234.80
44130 19970321 4 205.79
39290 19970203 1 57.46
92278 19970111 1 128.74
25212 19980323 9 122.33
45433 19981129 7 200.90
36204 19971020 6 242.88
84408 19980331 4 123.74
67715 19970716 2 217.37
85872 19981013 3 223.23
06215 19971211 3 49.39
17534 19971004 2 62.49
93098 19980527 4 13.08
78406 19980826 5 228.22
70339 19970416 2 154.31
50208 19970212 4 218.14
17046 19970410 4 50.15
62331 19980210 8 219.46
74481 19981006 6 223.24
87010 19980408 6 88.69
30644 19970619 1 144.54
75928 19981109 1 239.25
07709 19981210 4 224.84
62948 19970907 4 170.20
01620 19980601 8 232.91
03301 19970623 2 77.78
16640 19970714 6 182.49
76036 19980629 4 166.21
21351 19980418 4 214.04
02191 19971014 8 117.79
51021 19970114 5 31.90
00820 19980520 8 56.40
45301 19980721 9 200.16
58421 19981008 9 164.57
38955 19981011 3 89.47
54209 19981124 6 18.86
82925 19980306 1 171.30
95422 19980210 2 100.14
56810 19970614 4 177.45
60464 19980925 6 13.96
63481 19970316 7 9.93
56888 19980125 4 219.29
09331 19980422 5 149.71
33440 19980602 6 78.25
84587 19981126 4 226.03
65830 19970312 4 230.19
56680 19970406 9 160.69
77429 19970506 2 72.65
71390 19970531 7 243.05
07588 19980928 2 58.53
06190 19980920 6 72.51
42658 19981202 1 26.84
37239 19980819 9 174.63
58013 19980801 6 136.91
46296 19970112 4 59.32
36389 19970208 1 180.91
74578 19980808 4 236.40
66627 19970421 8 226.53
21816 19980507 8 73.88
85354 19970207 4 156.39
45351 19970726 5 206.56
94700 19981111 8 209.09
02530 19981205 3 138.47
89422 19981116 8 35.40
27068 19981222 9 212.16
96827 19980530 1 109.75
36302 19980313 6 62.04
59652 19980530 9 34.26
46381 19970812 1 187.81
92798 19970331 1 35.57
78383 19970720 9 95.31
54921 19980629 4 246.49
71946 19970612 8 236.94
49164 19981210 7 131.30
44850 19981208 4 146.79
17797 19980612 9 80.90
43464 19970409 6 104.07
44663 19970524 9 213.66
85534 19970716 5 191.76
12688 19970116 3 11.94
54797 19980819 9 227.63
74083 19971207 9 40.32
87052 19970818 6 24.25
80635 19970417 6 154.56
86018 19980407 1 75.44
93286 19980720 2 90.54
10850 19970310 8 56.50
11972 19980529 9 194.19
38615 19980722 7 117.97
88571 19980521 4 53.36
55147 19980121 8 105.00
60007 19970910 1 231.19
01460 19970219 2 84.36
39188 19980621 7 243.50
60384 19980218 1 197.64
00991 19970718 4 205.52
09885 19980421 4 233.49
26064 19980820 5 237.37
60164 19981027 5 182.46
05335 19970125 3 186.89
44952 19980412 9 225.37
06531 19970120 7 116.47
04429 19980513 5 106.39
73084 19970324 6 245.42
99294 19980418 6 40.13
10042 19980703 8 229.21
59470 19980523 1 41.69
20776 19980611 8 154.22
83754 19980402 9 220.31
42305 19981110 5 19.85
54932 19971011 5 13.70
65928 19980307 7 67.58
41372 19970118 1 55.23
06380 19970516 3 185.30
47945 19971224 5 93.95
76600 19981125 9 207.29
45832 19980319 4 76.88
19077 19971129 2 240.59
50938 19980218 3 68.97
27033 19971231 6 152.00
12847 19980315 2 224.39
47159 19980204 8 52.60
54833 19971106 3 204.23
68773 19980721 3 67.07
97932 19980722 8 205.74
11473 19980809 7 219.34
58435 19971118 2 222.99
04200 19980622 9 9.31
84398 19970106 1 130.18
92648 19981101 1 48.77
06616 19980423 1 30.92
44832 19980428 8 73.49
87636 19980530 2 230.88
39103 19970103 3 160.40
20009 19970815 3 105.64
16973 19970926 1 29.93
86503 19970214 7 9.20
53265 19971005 7 72.78
34059 19980731 7 187.26
65500 19980505 7 248.75
82868 19980419 8 116.56
56241 19981004 6 54.32
67178 19980527 6 202.11
57112 19981109 7 66.58
20707 19980202 3 122.36
60963 19980805 6 101.32
07394 19980901 7 79.54
20804 19970319 7 132.61
33274 19980629 7 218.51
84094 19971124 7 147.64
84721 19970813 4 102.88
53806 19980718 4 172.06
74720 19970724 1 84.77
93286 19970416 4 39.68
03207 19980606 5 91.80
42965 19980506 9 133.44
39463 19970525 4 52.64
10581 19970623 9 50.64
87461 19970316 7 139.69
36145 19980414 7 133.77
39660 19970607 1 158.37
65221 19980607 2 125.54
91130 19981021 1 10.01
08073 19970908 3 178.54
42013 19970719 3 165.97
44701 19971102 6 231.49
38553 19970722 5 176.95
43167 19970914 7 109.75
11344 19971022 2 81.79
04975 19981211 1 89.33
26606 19980505 1 194.71
10070 19970124 4 18.73
25625 19970722 5 176.72
27878 19970812 2 110.59
10255 19970507 4 244.10
40524 19980324 9 249.48
84127 19980315 2 233.51
03578 19971220 8 34.75
62889 19980326 9 141.51
68192 19971020 9 156.01
63878 19971206 8 248.39
67160 19980720 4 48.92
93045 19980330 4 47.54
39078 19980202 8 229.23
98863 19981010 7 59.30
50061 19980913 4 6.80
11304 19981116 2 71.56
83742 19970804 1 137.19
82169 19980422 2 61.17
35051 19971025 8 77.96
02978 19981220 1 103.36
40579 19970713 6 87.03
10432 19970813 7 98.12
74984 19970726 6 19.45
16725 19980415 5 85.72
82971 19980509 7 16.46
71290 19980820 7 179.36
44027 19970110 8 167.83
01764 19980413 4 170.32
70571 19980410 2 219.99
48152 19970130 6 113.43
84124 19981125 5 184.45
77814 19971122 6 229.95
06667 19970201 8 217.65
58961 19971120 3 109.85
07164 19970623 9 224.19
06928 19980218 6 55.15
15047 19980405 4 52.34
93061 19971218 2 167.92
40875 19981114 3 29.19
60545 19980925 6 114.40
86238 19980408 9 132.44
22572 19971006 9 87.92
58383 19971030 2 51.31
47343 19970807 2 216.77
82784 19980813 2 55.91
77293 19971206 2 28.61
92799 19970108 6 122.57
20728 19970925 2 180.20
27069 19970702 8 171.29
21007 19980821 6 183.12
00120 19971202 1 22.29
80046 19970820 9 24.41
22088 19980320 6 139.04
70927 19980331 9 192.74
65799 19970526 1 26.05
70379 19980216 5 109.84
71056 19981227 3 237.74
44116 19980522 8 227.49
93949 19971112 1 125.61
44524 19980109 5 48.80
15987 19980907 6 146.76
69213 19981130 5 221.07
21916 19970128 7 116.13
19282 19981223 2 33.06
65921 19971225 5 74.67
11688 19970509 4 147.62
41048 19980905 1 221.70
31728 19981019 9 94.36
65621 19980307 4 79.79
00231 19970409 7 28.08
82639 19970702 6 131.14
16720 19970816 5 109.13
86798 19971012 2 30.63
97775 19980811 3 112.14
62232 19971220 6 215.63
33362 19970714 9 152.04
64368 19970426 3 33.11
36296 19970607 3 24.88
00382 19980905 9 213.58
42384 19970709 2 176.86
25344 19980207 1 197.34
26815 19981031 2 42.29
78226 19971124 1 249.32
06526 19970508 8 38.76
44612 19980131 8 52.08
73901 19990101 1 152.51
13200 19971024 9 56.03
65515 19980327 1 178.37
80613 19970112 2 178.01
10330 19980904 5 30.52
21416 19970526 9 176.41
98747 19980829 4 11.84
56991 19980817 1 170.67
39716 19970317 5 85.43
85951 19970718 3 88.05
32857 19981022 4 112.31
49512 19970420 2 69.67
43955 19980512 4 149.87
66446 19971007 6 239.72
56003 19980821 2 165.29
42869 19980817 3 193.67
43427 19970101 1 132.13
81939 19980325 4 195.59
93648 19970828 2 235.99
01517 19980224 2 49.09
70971 19970602 6 41.41
79338 19971021 1 160.06
80966 19970802 2 188.70
93659 19970626 8 70.58
38635 19971228 8 41.79
54677 19981110 2 230.45
19486 19970227 6 104.08
37178 19971127 6 204.28
61515 19970710 8 180.59
35769 19980312 2 42.42
50350 19971102 5 200.63
62910 19980415 8 24.79
65322 19971024 3 82.53
83255 19970111 7 100.09
20722 19971225 5 150.62
58581 19980129 3 144.86
23594 19971219 6 202.97
89867 19970419 1 231.77
62168 19970508 4 12.87
38391 19970516 6 147.76
70807 19970930 3 230.22
91374 19980327 8 141.97
65320 19970219 9 95.11
57897 19970603 3 21.06
81151 19971031 4 99.08
19951 19980722 9 231.52
16947 19980709 7 15.37
78394 19970319 4 141.00
84695 19971008 3 231.28
72376 19971113 6 212.01
42760 19980915 7 195.95
59012 19970401 1 161.89
12894 19970318 3 130.14
63754 19980806 5 85.78
71265 19981124 3 23.34
19871 19980811 7 223.66
69520 19980616 6 155.00
97893 19980906 5 64.49
40200 19970411 1 172.68
80728 19971224 3 99.82
72718 19970903 9 244.03
74319 19981008 1 113.85
30706 19970823 9 240.18
15365 19980121 8 226.08
38874 19980612 1 216.55
84873 19970702 6 66.49
82782 19970408 1 241.29
65738 19970518 9 114.82
89404 19980317 5 44.56
16133 19980131 7 96.68
39148 19980109 6 203.35
36979 19970724 2 148.42
96363 19980411 5 75.22
58973 19980130 8 249.05
22594 19980122 2 78.22
33025 19970211 6 222.26
62293 19970418 6 122.84
71847 19970126 7 28.13
18537 19970908 4 125.21
62523 19971128 1 113.54
09967 19970816 9 201.91
24369 19970702 3 57.38
54647 19970206 7 29.26
74516 19981111 7 230.16
64516 19980803 7 238.13
15085 19970218 2 224.24
86835 19970720 3 37.58
22701 19981014 2 94.44
56144 19970227 7 76.94
49550 19981226 6 66.88
89062 19980425 7 44.76
74479 19970714 8 27.09
82400 19980924 7 234.33
90543 19980817 9 36.62
10527 19981022 3 74.11
13541 19971028 2 23.25
04899 19970904 7 222.99
83318 19980102 9 21.33
44779 19970405 6 116.52
77497 19981004 3 162.30
41801 19980313 1 121.47
98721 19970314 7 134.53
36756 19971025 5 49.67
50126 19971120 9 133.17
28465 19980814 1 240.18
04707 19971126 5 244.31
87858 19971220 4 92.13
30471 19971123 9 235.58
58343 19980707 5 237.49
49996 19981210 6 222.18
61242 19970126 9 61.33
49261 19970626 2 148.27
30765 19980210 4 135.44
71738 19980812 4 196.38
49970 19970410 7 183.51
34371 19981102 4 199.74
02144 19980519 1 246.69
35895 19980522 2 57.41
57723 19980718 2 127.37
02413 19971119 4 140.04
53886 19970629 9 152.09
04102 19971218 4 136.21
89388 19971117 4 74.64
70977 19970203 8 218.17
71944 19971006 4 28.83
05748 19980828 2 30.76
24405 19970124 3 110.28
99390 19981001 7 28.10
69914 19971031 4 102.29
30846 19980910 2 71.48
29357 19980507 1 248.53
78452 19981203 8 168.01
62135 19970209 2 61.01
18041 19980206 3 243.23
65596 19971019 6 95.77
20776 19980108 5 109.10
53823 19980509 3 13.12
06106 19980817 5 99.05
76110 19981110 6 159.52
48815 19970911 5 224.00
75060 19970509 1 97.11
56165 19970902 7 178.28
96608 19981211 9 73.35
47804 19980102 3 63.78
49106 19980516 7 211.80
62619 19981208 8 202.38
29703 19970512 3 65.26
06756 19981218 9 166.22
12402 19981208 3 156.16
31587 19970603 6 197.12
20208 19980720 3 155.16
11667 19970222 4 191.01
46029 19970508 7 127.24
68453 19980419 3 108.36
33734 19970630 2 171.97
16810 19980217 6 117.39
13913 19980327 3 14.78
77408 19970313 2 163.28
35247 19970319 1 137.05
93571 19980628 3 151.56
10572 19981130 6 53.82
60379 19970813 3 160.17
86505 19970221 2 241.15
79975 19981211 9 180.76
15184 19971202 3 178.49
47596 19980627 1 187.92
56939 19980603 7 149.15
80912 19980420 3 183.74
80580 19980620 4 180.64
15104 19980821 5 167.79
50755 19970921 6 164.55
97334 19970914 3 67.73
76727 19981222 6 233.53
61682 19971125 5 212.70
57796 19970324 4 38.66
58366 19980402 6 219.80
35002 19980921 9 96.55
60265 19970602 4 148.54
25103 19970507 9 112.65
95308 19970820 1 228.30
65254 19970416 4 147.07
65454 19981203 5 243.09
87323 19970602 8 129.11
53120 19980317 4 231.60
12956 19981009 6 54.50
01819 19990101 9 131.98
82802 19971115 7 117.85
24395 19970511 8 219.53
53337 19980717 8 23.95
91116 19980429 1 52.95
57842 19970316 7 186.05
33368 19981207 5 179.07
51488 19970915 5 23.32
35259 19971106 3 162.80
12402 19980509 6 214.11
30264 19970518 7 75.19
89470 19980704 1 157.92
36609 19970618 5 241.10
79334 19970919 2 24.36
95827 19970518 4 28.71
29194 19980131 6 60.80
06242 19980507 4 220.22
42298 19980805 9 222.67
78818 19970823 8 19.35
91996 19971226 3 164.83
72640 19980601 6 232.49
22637 19980119 6 52.28
69139 19981101 2 154.38
90568 19970204 4 124.72
66624 19981114 5 216.49
37371 19970327 3 234.00
52558 19980423 1 153.99
99562 19981109 3 51.40
57607 19981206 6 78.25
48544 19970722 2 197.53
75358 19970215 6 240.80
05335 19980520 8 52.75
51610 19971218 9 58.36
63185 19970802 1 197.33
71669 19980528 2 77.89
55394 19980908 1 147.10
53274 19980716 7 14.93
08015 19980416 3 241.88
18192 19981212 8 9.49
17475 19970507 8 101.38
00853 19970720 2 141.97
43349 19970722 2 105.30
39326 19980713 8 244.67
03317 19980323 3 111.97
21350 19980430 6 219.52
65970 19970512 6 44.97
93397 19980325 5 235.79
20675 19980705 3 40.53
59089 19970901 6 222.26
16999 19970124 1 53.08
93021 19980529 6 170.64
56901 19980829 6 206.66
51728 19980625 8 231.47
76853 19980622 5 184.98
89532 19981211 1 77.08
06860 19970124 6 140.97
84781 19980510 1 8.77
83958 19970222 5 187.26
31624 19971027 9 122.23
99122 19980929 7 79.66
28742 19980914 2 195.98
33038 19971031 1 216.40
85115 19980104 6 163.82
22162 19981115 5 21.97
70429 19970213 3 192.64
49532 19971211 3 116.06
94453 19980929 4 241.03
23461 19970419 2 177.21
98193 19970611 3 141.90
95810 19971202 7 40.89
62030 19980620 7 45.08
03400 19981218 5 24.23
37841 19981031 2 173.18
02030 19970220 5 27.04
72474 19970420 5 81.39
03191 19970623 1 93.78
66838 19970617 4 133.38
28281 19970310 6 63.60
14915 19971125 6 205.65
60432 19980513 2 192.45
22877 19980130 4 59.90
25869 19970201 1 92.84
20800 19971112 8 76.00
32091 19970109 3 33.91
49990 19971008 1 188.74
09451 19970104 9 173.71
90934 19980807 9 184.12
80220 19980209 7 173.15
25543 19970627 8 11.60
05412 19970704 6 83.30
01941 19970320 6 28.96
99350 19970606 8 151.89
67551 19970410 6 143.43
56343 19981215 5 133.80
00808 19971204 7 8.94
93364 19970513 6 88.30
70008 19970404 5 122.40
76679 19970520 8 123.80
64655 19970516 2 248.63
07131 19970509 7 218.56
37039 19980827 7 131.61
76457 19970613 7 56.86
13377 19981212 9 237.00
21491 19970104 9 101.45
64948 19970415 5 195.44
66758 19971202 5 8.15
93607 19970302 8 121.26
91308 19970125 4 67.11
44472 19980512 9 21.61
19864 19971220 6 129.83
19787 19980829 7 237.73
67998 19970927 2 235.50
64064 19971206 7 165.23
25472 19980726 8 29.69
23767 19980708 7 225.48
78875 19980923 4 26.86
86198 19970422 3 14.46
61235 19980706 1 220.11
06915 19970430 1 233.11
63681 19981031 2 98.55
14375 19980209 5 70.95
10269 19981105 9 247.48
95396 19980928 3 70.14
86218 19980208 6 121.38
77605 19970323 9 183.92
45846 19980409 1 205.65
81987 19980918 2 148.74
15067 19980402 1 40.54
76737 19970718 4 145.11
19677 19980624 9 99.61
65535 19970616 6 42.93
09900 19980504 5 47.15
43858 19980902 3 191.19
01232 19980523 6 131.81
14830 19970513 2 156.52
02055 19970701 4 134.66
38700 19981113 2 62.69
86497 19980718 6 127.17
95527 19980910 7 157.35
45947 19980927 9 170.69
84909 19980908 1 32.56
51853 19970825 1 134.00
17581 19970606 6 57.93
53637 19980602 4 180.31
22112 19970729 2 31.99
64997 19980517 2 42.00
77386 19980917 7 118.88
49798 19980312 5 92.44
76280 19981124 1 244.49
38351 19981214 8 35.54
34727 19970426 9 75.87
47786 19980205 5 210.52
55483 19981212 3 183.02
93445 19970628 1 209.64
53517 19971219 5 11.40
88560 19980707 9 187.81
66546 19970829 6 200.89
33882 19981019 7 45.74
72571 19970417 2 195.58
28597 19971207 8 39.06
84580 19981003 9 244.06
41273 19970504 4 185.97
95122 19970914 2 25.15
59870 19980820 1 130.98
08544 19971210 3 216.74
05309 19970602 1 219.88
91928 19970328 6 110.90
70536 19970912 2 27.53
24395 19971006 1 120.40
69776 19981110 4 97.77
48076 19981014 8 39.11
51886 19970224 4 186.25
15382 19980401 2 83.97
05147 19981201 3 107.00
16168 19980528 9 242.33
45870 19980115 4 65.61
50304 19970306 2 167.86
77443 19980622 2 186.24
29542 19980423 6 150.89
93896 19970213 9 228.13
41443 19970404 2 43.93
00047 19980508 1 165.53
51495 19980513 8 83.76
26084 19980221 4 154.49
67589 19980404 8 73.76
59869 19980825 8 117.43
00374 19980720 9 21.37
20135 19981109 6 69.91
92953 19970208 4 114.42
39557 19980326 2 175.10
09238 19980320 3 175.96
59482 19970214 7 200.75
81618 19971105 6 10.15
83890 19970906 7 115.80
60605 19981113 2 118.84
28569 19980725 7 72.32
10578 19980413 4 130.89
33272 19971006 9 242.22
33503 19970321 6 18.64
02095 19980412 8 22.43
68695 19981001 3 146.30
97212 19980216 4 179.92
42192 19980126 8 215.90
95882 19980406 8 161.00
00099 19981012 6 33.27
21251 19970505 4 152.03
85931 19981222 8 88.32
71343 19970302 3 191.25
35877 19970906 8 25.61
45108 19970306 5 129.96
39889 19981006 8 200.63
52080 19980208 6 216.86
74271 19980820 6 45.02
03210 19970530 6 244.23
48674 19980614 6 73.38
50471 19980804 1 186.21
44217 19970106 4 7.63
51345 19970404 4 217.46
84808 19980204 4 218.03
67837 19970321 6 175.94
75018 19981203 9 179.21
50580 19980622 4 225.07
26303 19980607 9 247.66
95654 19980326 8 244.73
99237 19970203 5 68.42
87685 19970727 9 189.71
47498 19981127 8 17.17
05084 19970417 3 216.82
48189 19981019 3 107.96
86773 19971212 6 120.12
45322 19980718 2 37.54
02713 19970507 7 211.57
49129 19970123 7 39.85
93573 19980219 8 244.41
29101 19971208 1 19.01
47328 19980623 5 30.64
63019 19980522 6 76.14
44355 19970222 9 38.78
97912 19981011 5 90.36
20461 19970313 2 24.67
05567 19970101 8 7.01
32651 19970118 8 178.23
25076 19980212 6 92.76
04722 19970305 8 151.44
49581 19980424 9 120.22
44738 19970606 6 223.80
65629 19970421 4 15.14
13680 19970723 3 14.21
28018 19980601 2 46.36
61634 19971229 2 101.09
78442 19980213 2 218.96
92197 19970805 6 171.52
48007 19980208 1 190.25
21244 19980219 3 10.75
60464 19990101 3 152.08
50092 19980312 7 56.18
36446 19980527 6 18.42
08194 19970922 3 181.41
12851 19970407 5 75.44
30984 19970902 8 170.43
65255 19971227 5 213.14
76190 19971023 7 39.47
49579 19970703 4 151.57
36050 19970906 6 92.63
95728 19970708 7 45.04
51251 19980327 6 111.58
73453 19970331 1 156.19
30987 19971031 5 108.27
25668 19981114 1 79.30
92613 19970211 9 177.03
21468 19971208 6 142.85
41753 19970605 3 116.67
17068 19981029 1 200.25
65536 19980507 2 62.36
56911 19980209 5 123.94
67502 19980803 4 93.34
91957 19980106 2 106.73
15913 19970219 4 157.23
04325 19971204 4 215.83
77649 19980126 8 145.51
89796 19970424 7 39.60
46566 19980221 1 186.63
75784 19980221 8 76.17
72867 19970130 4 57.57
51056 19980518 6 66.94
36940 19971122 7 211.67
09162 19970413 6 177.37
81570 19980926 8 51.18
75582 19970309 3 57.19
76215 19970803 7 210.38
90588 19981026 8 170.07
14204 19970825 5 65.97
69153 19980923 8 44.85
79472 19981228 5 148.15
22939 19970424 8 230.91
96119 19970908 8 101.57
43674 19970721 1 235.09
66580 19971115 1 79.65
21497 19980802 2 165.77
18105 19980609 3 74.20
87260 19970509 2 241.06
60814 19971008 8 242.08
08849 19970512 9 146.43
11023 19980114 8 121.45
96295 19981116 9 181.51
57759 19970302 3 145.16
79233 19970603 9 219.21
64449 19981008 6 116.76
47111 19980528 4 156.16
25544 19980929 3 118.64
48821 19971109 9 150.04
10881 19981220 6 238.24
81457 19980408 1 99.68
34098 19980702 4 118.83
96059 19970115 4 70.09
95999 19980518 2 238.49
08871 19970328 8 177.05
58952 19971210 6 185.41
96159 19971116 3 200.38
62196 19970705 5 38.05
71476 19970403 1 134.48
58252 19970518 3 242.85
05030 19970705 3 225.53
94338 19980212 2 171.75
50666 19970730 1 51.90
03090 19980613 1 72.28
94575 19981128 6 146.56
81516 19981023 3 117.22
20587 19970921 9 246.97
17775 19970313 6 104.85
84936 19981117 2 194.79
97145 19980630 8 78.72
32960 19980219 1 23.25
56191 19980627 6 242.74
94459 19971105 4 241.03
20280 19980928 7 132.09
95898 19970323 4 248.47
82974 19980307 5 34.29
17719 19980722 4 79.33
53540 19980226 5 13.59
03524 19980321 2 92.03
83198 19970726 3 124.72
35545 19971028 9 234.47
29610 19981108 6 75.86
34945 19970621 7 173.65
76189 19970115 8 143.95
03410 19981219 6 120.05
95716 19980506 7 163.38
17004 19970415 4 60.96
12162 19980107 2 242.74
22860 19980725 9 103.33
80309 19970316 9 205.28
50217 19980407 7 147.68
29692 19981227 2 44.46
51668 19980106 7 163.63
35195 19970107 5 79.17
59248 19980801 8 63.61
22855 19971015 5 152.13
39079 19980120 3 85.51
78110 19971215 3 176.66
48188 19970825 2 209.33
30927 19970208 2 99.72
04280 19981028 6 41.48
10854 19980803 3 184.88
99730 19981121 7 192.11
15825 19970314 3 172.29
23812 19970929 8 224.80
60232 19970124 2 219.24
64343 19980323 6 177.15
48753 19970716 3 211.72
42295 19971208 5 152.89
91051 19970629 5 19.78
45568 19980509 9 73.80
99349 19970116 9 225.05
83795 19970815 4 183.89
04343 19980220 6 145.18
13046 19981026 6 154.55
19155 19980819 9 182.20
35682 19980408 7 37.77
86333 19980713 7 249.65
70233 19970327 5 238.77
88914 19980415 9 234.83
80525 19970408 1 194.74
17765 19970712 9 108.39
26408 19970722 6 54.83
19987 19970909 9 187.69
20315 19970820 6 118.13
64502 19970410 3 187.18
13486 19981003 4 244.99
25232 19970308 4 5.26
79131 19981224 9 174.15
95927 19980723 2 208.14
49832 19980721 6 54.32
09893 19980613 8 206.06
52872 19980623 1 110.93
02382 19971226 4 46.24
90942 19970403 4 154.40
18380 19980921 3 11.22
57349 19970624 4 240.86
34767 19971212 2 141.23
85662 19980306 5 144.95
61320 19970201 2 13.88
72945 19970203 5 175.46
37283 19980602 3 119.60
53680 19980519 9 123.28
34611 19971225 3 102.72
08680 19980130 2 189.17
86456 19970907 4 8.92
46886 19980618 2 76.23
77532 19980216 8 156.97
38390 19970316 9 100.90
84987 19970129 7 163.54
10832 19980720 2 156.27
93071 19981007 1 62.19
18309 19970813 8 165.34
17152 19970112 8 69.90
45635 19981117 3 79.19
86576 19980524 3 18.19
10067 19971231 6 206.91
15514 19980116 2 19.19
68500 19981102 4 170.14
68569 19971114 1 33.60
39054 19970614 4 27.27
97255 19980228 8 172.33
39500 19971204 7 54.85
31628 19980113 7 5.08
91261 19970403 8 173.21
86329 19970429 4 181.31
62942 19970505 2 172.69
62996 19970425 3 207.78
59211 19980327 5 71.85
10129 19980327 7 134.39
72083 19971122 7 191.25
99869 19970210 6 205.97
89863 19980214 4 60.17
87610 19970604 3 61.12
57875 19981011 7 218.02
99056 19980802 3 24.77
29307 19970925 9 51.92
42882 19970820 5 246.47
73539 19971029 9 205.80
99404 19970429 4 164.18
50264 19980704 9 31.84
15488 19971005 2 163.39
77914 19970415 1 172.66
68014 19980712 2 210.70
53150 19980103 2 16.44
82652 19970922 3 99.94
81651 19980424 1 179.99
38114 19971206 9 201.35
43346 19981223 8 211.20
51662 19980224 4 46.89
21814 19971205 7 100.29
54703 19980413 2 82.56
94170 19980304 4 210.92
83709 19980430 3 241.27
27888 19970913 1 77.42
04667 19980908 6 127.34
81817 19970302 6 99.79
20365 19980421 9 63.50
30715 19980225 4 184.77
11744 19980224 8 93.57
40721 19980619 2 61.64
01930 19980829 4 171.06
03887 19980312 2 111.00
49832 19971011 5 12.39
52702 19980825 2 12.81
38894 19970812 9 102.71
12460 19981209 4 131.76
40792 19980301 7 107.27
09138 19981020 9 232.51
14349 19981128 1 103.17
70334 19970903 6 69.16
27635 19980609 1 52.31
37104 19970805 1 81.48
84496 19980211 6 68.91
85310 19980611 3 29.08
60064 19970503 6 112.72
75898 19970615 4 102.90
27290 19970709 5 185.48
22306 19970503 6 81.76
05911 19970923 2 161.35
53790 19970713 3 54.90
61394 19970916 6 231.28
98580 19971102 2 153.42
75739 19980419 8 42.75
11235 19981023 6 31.71
98459 19970821 8 129.64
37828 19971110 7 148.63
27920 19970906 8 183.07
14465 19971216 3 22.96
68862 19970731 9 113.53
10894 19981130 9 169.64
24541 19970712 3 222.84
06005 19980508 5 135.60
86061 19981020 7 95.87
06036 19980704 8 193.54
67638 19981023 9 237.31
18604 19970118 2 121.51
83299 19980908 1 137.05
55860 19980826 1 221.72
95403 19980913 7 8.95
70828 19970606 5 217.14
98097 19971014 4 218.23
54120 19980904 3 118.08
00441 19980117 3 82.70
60260 19980714 3 93.08
26926 19980427 8 117.83
88352 19970327 6 148.19
17876 19980309 9 151.46
73063 19970318 5 135.36
37995 19971223 2 162.80
70185 19970216 4 142.99
52085 19980210 7 211.84
70393 19970619 2 108.46
71059 19970429 8 220.22
48674 19970208 8 179.75
10953 19970622 4 73.94
28071 19971013 3 119.28
98364 19970702 9 138.83
74559 19980218 6 101.76
74640 19980709 6 68.78
72130 19970925 4 201.04
65536 19981004 3 230.58
60941 19971229 7 107.21
58104 19980226 3 36.90
66604 19980527 7 40.52
93087 19980308 6 194.82
68322 19971030 2 119.87
84890 19980119 5 248.76
71257 19970531 8 162.80
09226 19981125 1 129.56
13528 19980103 5 14.26
76828 19980307 6 160.32
16172 19970712 2 194.13
11821 19980901 9 27.61
62958 19971026 8 231.96
52672 19970115 2 110.23
30753 19981115 2 163.35
14638 19981229 1 243.71
43219 19980329 6 165.13
82888 19980811 8 59.10
75882 19970115 7 6.02
14801 19980908 5 165.59
02491 19980521 4 199.10
86954 19970825 4 172.03
53257 19970715 7 7.56
48568 19970630 5 23.46
34579 19980113 5 247.23
11157 19980512 6 150.68
94406 19970326 5 74.12
00072 19980316 3 16.10
84114 19971230 8 227.82
83184 19970307 6 169.84
08610 19970319 5 49.92
75241 19980621 3 182.10
55970 19980310 2 182.35
88555 19980718 4 74.91
07901 19981202 7 161.42
41699 19970404 5 129.56
23226 19970814 1 129.94
39489 19980830 3 239.33
08265 19971007 5 102.51
09859 19980920 1 248.81
20929 19980521 3 234.38
18542 19981108 3 81.46
11420 19980730 1 104.94
76390 19980928 1 145.63
17156 19981223 2 59.62
65594 19980417 4 220.28
22278 19970728 8 130.95
70734 19980514 2 11.52
64052 19981211 3 60.90
49599 19970206 6 187.47
16560 19981213 9 36.24
95591 19980824 1 24.19
90482 19980529 4 196.74
17668 19980503 9 199.80
84056 19970823 7 7.76
55691 19980527 8 20.35
46938 19980324 9 15.70
02285 19980927 2 100.63
41123 19971021 4 9.49
92361 19971009 5 41.55
05604 19971110 1 5.54
74505 19970906 1 52.97
97182 19980218 4 50.87
88874 19980101 7 133.88
90659 19970130 3 140.69
77664 19971224 6 189.36
96168 19980619 3 29.42
01630 19970227 9 176.14
92520 19970705 2 163.43
60777 19970224 5 164.77
86073 19970404 1 8.09
75121 19971030 6 123.84
87239 19970513 6 87.28
62252 19980714 2 248.60
25594 19970207 5 130.04
90324 19971130 9 148.56
60144 19970115 2 49.89
35840 19980624 1 78.76
94880 19970109 3 19.35
27955 19980525 3 240.57
80473 19980801 1 66.94
71384 19970505 3 238.02
07670 19980109 4 70.49
00196 19970122 9 206.19
41451 19970105 2 111.07
52750 19980416 1 110.88
57078 19980426 4 177.10
72025 19981020 3 41.80
40750 19971006 1 157.55
77740 19980602 4 208.97
60413 19971101 3 224.07
57876 19971224 6 91.02
34701 19980922 4 70.84
98557 19970913 5 116.97
52019 19970704 7 201.52
48139 19980625 2 117.48
47914 19970225 3 247.18
78719 19980430 5 71.73
53111 19970813 8 159.18
98852 19970905 2 69.18
46021 19981120 7 145.59
90599 19970802 6 159.35
74116 19970204 7 246.20
50386 19980113 7 126.02
93141 19970101 1 206.54
92820 19970530 7 125.11
70706 19970307 4 138.46
29176 19970424 4 168.58
85303 19970309 9 158.39
68388 19980508 5 165.93
38434 19980330 8 14.23
79333 19981004 9 178.22
85487 19980223 1 115.34
09667 19971003 1 33.23
65846 19971227 8 201.13
73849 19980216 1 143.28
18785 19970525 8 219.00
61566 19971224 7 188.28
19377 19970511 1 37.90
32443 19981024 6 27.12
90452 19980302 8 203.56
60371 19980617 1 157.01
56794 19980925 4 198.41
70091 19980318 4 228.42
03298 19971120 5 24.44
32178 19970304 8 38.71
90798 19970813 7 91.30
76842 19970417 7 204.70
64914 19980906 9 7.79
66363 19980918 9 54.49
35674 19980527 5 76.67
54662 19970209 8 244.66
32338 19970126 8 246.20
02468 19971124 1 24.07
09240 19971123 7 157.66
28409 19980304 4 130.56
18243 19980427 7 31.68
48122 19970607 2 128.85
30127 19970201 2 201.33
85008 19971224 6 28.62
66851 19970227 5 232.42
36386 19970111 4 182.55
10939 19970428 3 15.99
93364 19980513 4 95.98
02767 19970105 2 201.27
43295 19980602 7 31.27
94789 19970107 1 11.75
06994 19980404 3 17.79
81746 19981022 3 14.52
91728 19980903 3 96.67
56632 19981027 6 85.63
87714 19980228 8 45.16
82651 19980621 4 249.95
40439 19981114 2 93.03
20711 19980329 6 64.36
20435 19970324 6 91.42
71496 19971223 2 51.16
91720 19971128 8 88.47
38988 19971217 2 49.31
77113 19980201 2 42.06
79058 19981114 3 63.29
24409 19970221 1 221.67
43947 19980605 5 129.64
04361 19971010 8 43.55
31554 19980110 3 201.48
57240 19970425 2 16.42
63212 19980406 9 225.98
20778 19980116 4 197.97
53713 19980403 8 196.85
58626 19980527 5 46.73
88251 19981205 9 142.69
06989 19981129 9 79.80
79841 19971207 1 19.66
73223 19971009 3 93.53
33233 19981207 2 22.31
89053 19980303 7 83.53
66987 19970724 4 37.08
29285 19980517 1 45.43
91577 19970617 1 223.52
05087 19971201 7 14.06
85585 19981211 8 235.71
41761 19971204 4 130.77
49733 19981014 5 124.54
27048 19980107 8 119.98
66961 19971223 8 104.20
14027 19970208 9 132.36
85611 19971003 9 70.05
27202 19971129 3 211.10
11303 19971110 9 105.46
04103 19980222 2 99.39
79903 19970212 6 59.59
10910 19970314 1 6.47
01017 19980127 7 221.68
10298 19970928 7 12.99
25000 19970123 3 220.08
86192 19980216 2 216.44
68105 19970104 1 103.89
61070 19981221 1 22.43
64116 19970918 1 6.27
96280 19970719 7 233.33
22368 19971003 9 191.26
72748 19981004 8 194.73
86592 19970601 3 78.40
65435 19971116 5 145.70
03896 19980202 1 129.50
42323 19980222 6 185.17
53122 19981023 5 191.28
24781 19980318 8 14.05
20469 19980508 4 21.76
30501 19971002 1 201.68
43198 19971214 3 245.94
51540 19980104 6 117.32
33062 19970331 7 97.45
68268 19980322 9 170.07
82215 19981010 5 190.33
69591 19980321 3 238.30
67040 19971025 8 162.56
13256 19981211 5 49.76
32132 19980513 7 76.33
97276 19981024 1 182.29
13771 19980401 8 235.43
87182 19970819 8 30.41
05032 19971206 5 163.77
67620 19970114 1 116.33
58977 19970214 1 234.27
88648 19980204 6 192.84
17232 19980731 3 189.15
64407 19970105 2 49.79
56671 19970126 9 214.42
19461 19970322 1 32.90
26126 19970412 5 32.56
51304 19970703 4 128.75
47533 19970728 2 129.09
40038 19980824 5 190.39
15175 19970529 1 102.47
11500 19980929 2 144.52
87415 19981115 3 167.05
57014 19970114 9 90.83
77709 19970610 5 91.63
41398 19970201 4 13.73
46485 19980321 9 83.57
79282 19980430 6 119.39
21823 19970622 2 162.40
87147 19971104 9 232.90
80790 19970518 4 35.54
53604 19980422 7 223.26
21294 19970128 5 176.67
38332 19970615 8 238.06
16427 19980523 5 44.61
02637 19980626 2 87.99
10163 19980420 6 10.47
87455 19981024 2 227.03
03453 19980704 4 77.00
94513 19971220 9 132.26
78683 19981118 4 18.89
39723 19980117 1 204.21
74230 19970623 3 58.67
29762 19970403 8 184.77
38702 19980216 1 7.49
32750 19980207 8 111.85
91709 19980207 5 137.08
48511 19981211 4 109.76
08678 19970812 1 71.20
13858 19980319 3 87.90
88590 19970119 6 32.57
63563 19970320 9 230.47
72343 19980218 4 181.69
23740 19980126 3 134.64
07788 19980416 4 201.57
07136 19981215 8 220.31
79231 19980612 3 10.59
31929 19970514 1 137.60
54937 19970712 4 234.95
34607 19971128 9 129.25
60506 19970129 2 126.66
62704 19970424 2 170.26
11640 19970815 3 214.63
51480 19970325 8 166.12
62826 19980306 7 65.07
35238 19981104 4 18.55
87237 19980307 3 124.00
25759 19970627 1 147.34
79783 19980828 5 139.11
99795 19971031 4 127.88
37064 19970221 2 149.93
23252 19980204 4 198.36
63707 19980907 2 50.86
88705 19970120 2 109.87
12268 19980919 4 131.11
74908 19980531 1 205.91
13421 19970415 9 100.87
62223 19970715 3 236.58
74719 19980402 1 95.02
60631 19980622 7 209.47
83265 19970210 1 18.01
75780 19971118 1 180.54
19611 19970405 3 236.78
90653 19970822 6 249.23
81873 19981224 4 201.30
77523 19980918 4 44.40
02218 19970807 2 102.57
05837 19971109 4 194.39
68426 19980322 4 7.04
06607 19970520 7 46.92
65858 19980525 5 31.09
15668 19970830 4 60.87
80092 19970326 6 12.09
74568 19971216 9 144.89
08806 19970421 9 80.11
31263 19971117 7 177.32
85184 19980914 5 171.90
24048 19970428 4 112.66
13103 19970608 6 79.87
01833 19970427 7 171.02
32468 19970406 2 44.69
27184 19970510 1 169.82
76905 19981007 2 244.27
66692 19970720 9 170.28
89333 19980815 3 235.90
06145 19970726 6 107.47
88942 19980403 6 171.27
04570 19970817 2 246.86
84868 19971201 8 167.27
32209 19990101 5 172.02
38382 19980811 2 195.02
60631 19970815 9 12.54
88407 19970620 9 5.94
87831 19981027 3 245.21
75758 19970508 5 54.95
41670 19971001 8 199.73
76136 19970123 9 205.23
01737 19971113 2 204.04
39421 19971119 6 235.62
37370 19981231 5 189.54
99025 19970715 3 53.47
53500 19980826 3 153.80
73910 19980827 2 46.20
58772 19980118 7 150.98
79235 19970901 4 53.86
17030 19980729 1 99.45
87285 19980802 5 191.83
88800 19970615 7 132.69
10368 19980219 8 227.68
50730 19970224 9 204.07
31829 19980421 4 9.79
74543 19980722 1 70.84
84498 19971124 1 236.27
85557 19971113 9 142.61
33232 19970402 1 154.57
95880 19970702 2 155.79
45689 19970103 8 172.30
63355 19970302 9 155.46
59827 19980821 5 230.91
17239 19970211 9 109.27
73195 19970207 3 21.87
04660 19970726 6 79.90
93243 19980315 8 50.38
53784 19970701 2 222.10
43135 19971229 4 16.06
89036 19980503 6 34.70
15879 19970215 8 34.56
77679 19971214 3 197.57
85323 19970701 2 180.59
06150 19980517 5 221.63
51428 19970327 9 125.86
15094 19980903 3 218.42
42681 19971117 7 197.66
64932 19970917 2 24.05
32298 19981124 8 82.70
47923 19970218 5 59.84
38463 19980216 9 153.41
34977 19970717 4 243.17
66502 19970504 1 34.78
39737 19980611 2 35.87
51812 19970518 2 98.02
21817 19981009 7 217.19
21376 19980228 1 24.12
10078 19981023 5 249.20
55346 19970307 5 109.03
25363 19980305 1 62.52
94812 19980311 4 230.93
32923 19981229 7 44.10
13315 19981024 3 249.63
02816 19970307 1 233.17
37599 19980209 1 17.44
62408 19980831 6 8.91
79030 19970520 1 124.99
02805 19980925 3 65.21
94220 19970413 8 209.70
92129 19980717 1 176.41
78824 19981126 1 104.89
38290 19971015 8 234.21
24602 19980423 8 226.98
54393 19980210 8 157.81
50283 19970502 3 46.52
78323 19980619 8 198.67
70580 19970726 9 159.29
05141 19970819 4 88.21
06480 19970113 5 53.68
80895 19980928 5 71.41
13212 19980718 4 232.78
55581 19980626 5 140.03
33397 19980203 5 10.03
38428 19980415 3 102.26
44326 19971007 7 213.99
92118 19980822 3 35.09
98527 19971223 5 27.73
48423 19970302 5 223.45
34216 19970917 4 15.08
63947 19971231 8 199.45
56505 19980222 7 128.04
54475 19970514 1 129.77
01346 19971202 5 196.65
34299 19980213 1 8.06
60343 19970123 5 241.53
65615 19981210 9 18.17
53629 19980108 9 158.11
25653 19981018 6 163.74
75656 19980202 6 86.29
73411 19980923 1 97.40
47205 19981022 2 191.84
77299 19981101 4 157.56
85874 19971209 3 210.94
89523 19980427 6 69.28
82521 19980302 4 231.98
02069 19971204 1 44.77
99226 19980623 8 161.01
71651 19970610 7 221.21
76112 19980208 2 203.25
78006 19980617 7 201.64
67730 19980516 3 30.60
06164 19970721 5 98.46
30323 19980601 1 73.64
44341 19970915 1 215.51
57542 19980208 1 40.96
12733 19981119 8 5.05
96800 19970107 3 136.26
89984 19970922 1 77.90
06283 19980220 1 64.92
20587 19970613 9 76.46
72817 19970721 1 143.38
57925 19971119 3 122.52
96593 19981018 4 50.59
70477 19981109 7 131.72
20199 19981110 1 111.11
92187 19970505 9 208.51
53075 19970429 9 159.50
50677 19970409 6 95.85
37464 19980602 7 99.09
38359 19980906 6 216.43
63324 19971216 4 22.02
59641 19970928 2 17.28
27167 19980428 5 226.24
31944 19980717 4 233.38
66824 19980330 7 131.85
61170 19980208 5 222.48
07915 19981207 4 80.54
52625 19981013 9 114.28
34453 19970929 4 79.65
81760 19980928 6 154.64
24532 19980214 4 242.09
64358 19971118 4 49.26
17853 19981011 2 214.55
92758 19980809 5 205.36
08241 19970619 2 155.89
89736 19980818 1 15.30
93535 19970124 5 102.51
14238 19980810 4 201.86
48618 19970214 3 240.02
03017 19970316 8 188.08
33518 19981226 6 167.68
02473 19970111 7 141.85
22078 19971217 2 99.64
60821 19970521 3 15.94
15687 19981009 7 232.72
21462 19980621 8 114.37
37421 19970731 3 183.17
95478 19970603 1 180.95
41894 19980113 3 63.97
93862 19981022 9 175.51
07318 19980729 7 118.87
99896 19970228 2 14.86
23623 19970427 1 31.80
66350 19980408 4 50.53
90386 19980425 1 190.37
81224 19980411 4 208.15
36853 19981231 6 84.28
56388 19980629 7 103.11
76228 19980322 7 156.52
05956 19970408 9 36.74
19827 19980128 9 235.07
63155 19980831 5 95.74
70523 19981115 1 54.58
07223 19980902 1 193.67
64499 19970607 1 24.27
53002 19970311 4 111.18
77255 19970505 4 19.71
95871 19980804 4 212.70
14629 19980919 8 106.42
24270 19980828 3 227.32
63393 19970710 4 81.85
33520 19971029 5 182.16
87100 19970618 2 199.25
20411 19980329 6 152.67
69072 19970526 3 33.17
53671 19970220 4 127.39
72521 19971222 5 164.84
65611 19980107 7 126.66
09805 19970107 9 38.98
87334 19980223 1 221.90
76499 19980805 9 132.63
65476 19970222 7 211.06
47897 19970227 1 245.82
16982 19970825 2 217.37
07697 19970916 1 175.36
16152 19970525 7 246.88
60488 19980514 4 34.55
75321 19980524 3 100.52
49304 19981227 8 220.87
60456 19980520 9 179.42
56643 19980606 7 142.52
26981 19980907 5 22.15
70544 19980127 1 18.91
91009 19971208 5 171.93
70192 19980706 4 239.91
43383 19981217 8 198.93
77491 19980623 5 200.89
65990 19980202 8 226.22
03806 19971021 6 156.41
88020 19980607 9 141.30
06761 19971219 5 19.10
88568 19980807 5 38.47
25007 19980702 4 110.34
08773 19970114 2 76.21
27430 19980528 3 140.43
66644 19981119 6 104.31
55644 19970501 5 204.43
27213 19980219 3 34.99
67551 19970703 5 47.61
83851 19970324 4 20.26
94860 19971107 3 147.67
87981 19971003 2 177.12
64918 19970427 6 54.94
61101 19970804 2 154.91
11660 19980805 1 25.81
99518 19980609 8 180.62
03737 19970801 8 71.06
86229 19971023 2 188.92
60461 19980321 5 136.28
65636 19970617 4 214.20
11867 19970914 6 179.55
70898 19970806 2 183.27
74955 19970506 6 67.59
85407 19971028 1 134.12
85954 19970105 7 6.84
53629 19981121 1 139.02
53932 19981125 7 176.76
39824 19970322 3 219.08
95666 19980310 5 14.22
16925 19971210 6 232.56
08817 19970605 5 160.65
96395 19970502 7 101.62
25407 19980109 7 219.15
24482 19981027 2 35.42
71788 19970115 2 101.88
11550 19980321 6 18.86
65284 19981114 8 143.11
41225 19970601 5 188.05
57398 19971020 1 112.90
48283 19981130 7 137.79
75491 19980922 2 125.46
67900 19970929 5 76.34
68184 19980131 2 81.23
02520 19970117 1 89.68
30452 19981228 1 215.57
49173 19980904 2 144.57
88368 19970601 4 182.89
07999 19980614 1 16.93
52022 19970903 3 129.00
23115 19980819 7 242.16
83627 19971216 2 235.41
38386 19980318 7 34.05
15620 19970727 1 125.26
28723 19980910 5 22.94
24051 19980420 6 96.14
76938 19970503 5 18.05
98377 19971013 4 76.86
70674 19971206 1 182.70
99703 19980430 2 97.07
92337 19971103 7 121.88
48734 19980713 5 144.19
10247 19970403 8 216.52
48448 19970621 7 23.08
02823 19970517 9 222.89
26483 19970928 8 196.99
12974 19970101 9 35.27
66487 19971212 3 215.75
87337 19980417 4 143.31
14437 19980516 2 95.83
61067 19981209 4 33.96
18291 19971114 4 39.38
93914 19970324 6 223.80
54513 19980505 4 24.56
76146 19970721 3 110.03
87260 19980526 3 192.22
58577 19971024 6 244.64
31393 19970407 1 240.04
57377 19980416 7 128.54
05900 19971205 7 216.61
97475 19970601 7 80.17
57802 19981005 5 51.76
39436 19970512 8 78.74
51027 19980708 3 180.17
88098 19970713 5 178.61
17532 19970703 7 25.93
03281 19971020 3 42.53
96588 19970915 6 221.87
67125 19970408 6 179.60
34095 19980510 5 160.84
76213 19980519 6 230.53
31195 19970901 4 123.89
35473 19981029 8 15.84
88404 19981024 2 222.29
62989 19981105 1 121.78
98221 19980708 9 36.19
84284 19980426 3 244.36
47380 19970310 1 238.64
92115 19970422 4 28.65
86380 19971027 7 62.29
89929 19970224 3 166.87
44286 19970504 5 182.93
88806 19970827 6 49.77
96271 19980725 9 125.77
20064 19970419 8 119.29
43468 19971102 7 109.19
37001 19981110 2 236.94
99528 19970126 8 194.93
70612 19970920 2 223.12
91501 19981121 7 37.16
88607 19970312 8 213.54
49823 19970701 5 173.52
70714 19980807 8 123.46
92590 19980421 5 8.16
58966 19970118 7 31.02
08816 19970419 3 156.27
98413 19980721 2 32.55
52773 19980408 9 224.12
34941 19970131 9 79.52
49940 19981014 8 225.19
47449 19971019 4 7.05
55344 19970303 5 162.65
62121 19970815 3 192.35
84849 19980823 8 56.41
59155 19970914 2 79.50
50250 19980910 1 121.44
58286 19980705 5 9.91
93670 19980916 5 65.67
31631 19980105 8 144.85
17240 19980805 9 145.71
72539 19970901 8 15.75
52239 19971215 8 133.49
54221 19970323 9 43.81
31111 19981217 6 127.28
10934 19980324 7 190.30
70444 19970519 1 206.32
52816 19980703 9 69.08
91922 19980403 6 185.94
02524 19970315 2 194.45
91246 19970416 3 184.39
43189 19980509 7 181.04
40623 19970121 6 54.51
20569 19970204 3 23.48
37224 19981129 6 234.48
21979 19971212 1 21.17
14022 19980821 1 229.18
46985 19980329 4 206.09
95697 19980525 7 81.90
23356 19971028 6 97.67
22725 19980224 8 5.04
22783 19970615 4 235.72
54360 19980105 6 137.99
28165 19980119 3 113.07
55584 19980306 1 37.54
69520 19980810 4 197.08
07806 19981220 7 26.92
14576 19981126 6 143.30
46529 19981117 9 218.28
47154 19980602 5 222.53
17918 19980529 2 119.02
80607 19970325 6 96.98
64989 19970503 2 65.34
91070 19970702 5 178.69
93446 19980410 6 23.52
51810 19980308 8 38.31
66298 19971224 7 33.82
05815 19981004 5 36.85
68177 19980625 7 153.07
70289 19980928 1 45.81
87172 19980606 7 249.33
83190 19981112 7 115.49
81428 19980917 8 62.92
33741 19970930 6 54.84
79583 19980720 9 6.88
22887 19971204 7 147.26
50544 19981124 9 41.50
65490 19980319 9 147.23
83263 19971121 5 167.02
85137 19980320 1 100.94
91326 19970207 6 8.72
91528 19971202 9 31.07
33075 19970416 7 69.98
78211 19980424 3 152.77
76762 19980306 6 212.62
82899 19970812 3 224.46
33375 19980503 9 49.11
70212 19970623 3 242.48
01099 19970527 9 118.43
97136 19970116 5 19.58
58878 19980112 5 212.77
48838 19970502 2 247.56
91794 19981106 7 155.81
61639 19970425 4 153.69
03179 19970906 2 14.26
39420 19981120 2 91.48
30583 19970114 9 215.25
64994 19981227 9 91.48
73102 19970227 5 77.03
33714 19970427 6 134.15
75808 19970328 4 149.06
80645 19971117 8 221.36
69093 19970612 2 64.43
46775 19970920 5 90.40
22550 19980305 7 145.17
48469 19971012 8 245.20
46800 19970626 1 59.41
74134 19980118 5 136.06
56742 19970425 6 152.22
81443 19971010 3 238.00
61318 19970721 8 163.53
12134 19980228 5 82.44
41909 19970107 7 208.59
79954 19980308 2 23.27
05604 19970302 5 176.64
56455 19981224 3 189.97
61520 19981027 9 128.95
88891 19971005 7 218.90
85738 19980224 5 22.07
47917 19970525 6 184.27
59183 19980808 6 124.25
61497 19980103 8 131.17
01549 19971203 8 36.95
45958 19970726 7 140.65
51166 19970612 2 110.01
42936 19971117 9 109.68
36484 19970120 2 138.16
89569 19980601 4 44.98
95094 19980827 9 242.02
95069 19970904 8 9.93
77355 19980730 2 19.07
74609 19970304 3 28.09
15164 19980202 8 218.15
79004 19980109 8 131.18
90320 19970830 7 226.64
39114 19980322 2 173.12
15375 19971008 4 16.99
50972 19970705 9 135.34
41701 19981024 8 221.26
61759 19971223 6 172.75
06877 19970207 3 5.63
30719 19970714 8 120.79
97107 19970918 6 115.62
42058 19980806 8 141.50
92212 19980930 1 75.98
18157 19981222 7 188.24
52809 19980403 5 27.01
20179 19970625 4 210.33
76904 19970623 2 27.00
70219 19980629 1 152.35
43872 19980228 8 124.58
70124 19970926 1 93.99
66050 19981030 9 186.83
52924 19970723 6 34.80
43238 19971013 2 130.29
88068 19971101 3 42.96
48511 19971201 8 52.06
83702 19980221 1 44.91
20550 19970618 1 228.85
53321 19980723 2 212.83
05506 19980302 2 50.14
09348 19970318 4 185.66
69625 19971022 3 229.50
76439 19970104 5 221.06
31353 19980823 7 194.52
55250 19970923 8 55.02
98528 19980914 7 172.25
43727 19970818 6 154.03
47048 19970614 6 45.50
72625 19980803 4 208.59
59633 19980916 5 233.19
22420 19970311 9 177.11
99149 19981006 3 149.84
66201 19980117 7 171.16
91340 19970410 9 99.22
35615 19970502 3 5.06
21278 19980526 1 128.39
16991 19981221 6 166.93
32636 19970718 7 73.71
79397 19970210 4 30.41
95586 19980603 5 144.58
47186 19980702 1 40.24
19761 19970620 4 94.42
73291 19980120 1 177.07
56482 19971104 8 114.73
71655 19980225 5 108.87
34977 19980115 1 135.77
41315 19980907 7 229.05
58524 19971013 1 141.97
31418 19980509 4 247.70
05760 19971105 4 201.15
30532 19980511 3 57.48
69125 19980620 5 45.37
58563 19971207 7 189.11
85787 19970215 3 46.00
47687 19980804 1 41.53
95470 19971005 8 153.72
96822 19980423 7 193.75
66178 19980325 3 11.95
18847 19981215 3 179.81
84666 19980221 9 149.64
75447 19970319 6 30.05
61358 19981130 9 39.08
97602 19970612 8 14.17
71704 19970429 8 84.45
60197 19970206 3 64.92
88925 19970927 2 217.66
47712 19981206 4 244.48
67342 19981226 2 153.84
17647 19980302 8 70.35
37239 19980918 9 26.46
46941 19980505 8 38.76
97096 19970829 3 219.61
43303 19970919 6 9.88
70252 19980410 3 129.10
95450 19980701 7 247.37
64314 19981006 4 47.72
01753 19980119 9 123.01
17061 19971206 4 33.05
38812 19970308 3 72.98
36065 19970119 4 94.98
73823 19980806 4 142.40
37370 19971012 5 95.86
27644 19980724 9 188.23
93884 19970707 1 189.84
34429 19970505 9 213.19
38270 19970731 6 9.41
17402 19970214 1 38.03
45387 19980602 7 59.58
96794 19981024 1 67.91
07646 19970404 9 109.15
33082 19971126 8 108.30
28991 19970607 5 150.92
19447 19971008 7 169.64
43468 19970113 2 93.46
39805 19970814 6 100.36
41221 19970830 2 243.26
67746 19970621 2 16.77
47463 19980115 5 204.41
50626 19970525 7 153.15
55245 19970224 8 62.53
16212 19970725 2 99.23
54624 19981124 5 118.97
29975 19971215 9 242.67
19623 19980919 7 115.89
68199 19980607 5 36.54
20112 19980919 9 57.29
74352 19971017 8 117.86
44093 19971202 9 234.48
23376 19980501 1 224.20
37206 19981218 6 176.61
98335 19970930 9 216.76
34420 19971108 1 209.81
93327 19980110 5 16.74
11147 19980522 4 38.24
00572 19981009 9 189.56
72534 19981027 6 94.75
89940 19970808 6 69.51
94746 19980818 2 45.47
69866 19971121 3 197.68
22773 19980629 3 25.83
68114 19981119 1 57.94
24525 19970409 1 249.28
27080 19980721 4 191.33
10051 19970202 7 175.08
45495 19981212 3 118.26
95292 19970303 7 34.93
85834 19980627 9 51.31
50000 19970508 2 237.06
60402 19970915 2 194.95
98502 19980718 7 94.94
66781 19980508 7 57.00
48901 19970502 9 83.62
04206 19980827 8 164.04
82842 19980301 8 125.41
91989 19980427 7 182.29
29632 19980917 6 101.95
73469 19970510 3 95.68
28134 19970601 9 8.80
11122 19970226 4 53.92
90992 19970524 9 39.41
46649 19980807 9 33.20
11413 19981022 7 73.99
44142 19970717 5 166.00
69875 19971030 6 187.32
91396 19981124 2 155.40
52737 19970629 7 73.32
49614 19981115 8 210.07
54448 19980302 9 201.48
87070 19970721 9 125.88
97355 19980423 1 216.07
58455 19980311 1 35.38
41500 19980625 9 54.48
02196 19980725 6 221.58
69924 19970702 6 87.00
68993 19980809 7 7.59
90699 19980216 3 222.67
75606 19970418 3 99.78
14370 19970617 2 20.27
64006 19971024 7 72.90
05267 19980318 4 95.97
35613 19970717 2 11.92
95960 19970531 6 52.76
08840 19981010 6 35.46
55180 19980131 6 9.89
46133 19980902 9 177.21
87746 19980516 2 217.27
12953 19980911 9 240.08
87489 19980210 2 156.74
28799 19971016 9 43.57
16032 19980929 1 245.22
36664 19980428 5 34.94
05081 19970618 1 239.16
52735 19980124 1 159.94
78464 19970909 5 17.29
81250 19970104 7 141.72
49051 19971217 2 94.17
74961 19980428 2 84.11
47814 19971109 5 183.08
43043 19980117 8 78.69
21741 19980716 4 237.78
24952 19981009 6 77.50
59280 19971005 7 5.72
54901 19970701 4 175.69
55618 19980603 6 99.19
72608 19980218 2 99.08
72552 19981104 7 132.33
50052 19980713 6 239.52
44005 19970615 2 137.21
77200 19970225 8 129.88
16395 19980102 9 50.90
28581 19970415 4 122.60
43103 19981227 3 104.72
82533 19980410 8 54.34
97461 19970511 7 245.38
53155 19970831 5 6.48
31519 19970321 9 62.49
36558 19981005 1 143.10
48769 19970501 4 147.28
51517 19970612 1 183.00
55761 19980731 3 58.38
72491 19970901 8 138.40
25426 19980508 1 167.65
53579 19970114 3 101.59
00040 19971128 4 244.12
20248 19971011 8 210.70
22818 19981214 6 50.58
82440 19970207 2 190.29
33723 19970920 8 228.13
73106 19971004 5 27.29
74461 19970614 5 191.13
71812 19980506 6 45.01
49908 19980301 6 215.03
17837 19970331 9 94.95
20588 19980506 1 34.81
24331 19971008 6 99.95
71653 19980320 8 183.14
42764 19970210 1 191.17
11543 19970424 1 21.39
36639 19980517 8 92.97
59147 19980708 9 241.46
98473 19970610 5 73.40
22449 19970417 5 59.02
21561 19981120 9 120.22
79956 19980926 6 235.55
94304 19980124 7 182.75
96304 19980115 8 174.31
23663 19970114 1 177.77
71322 19980204 4 193.95
19527 19980615 1 200.13
59863 19970922 3 28.53
86806 19970923 4 138.39
62597 19970204 1 119.98
20069 19971212 2 39.15
33805 19981203 8 110.25
35172 19970110 5 194.19
68208 19970421 4 175.58
09125 19980804 8 234.71
57163 19970628 7 112.12
41015 19971106 4 37.27
23589 19970121 9 225.58
10560 19970218 8 172.25
44723 19970314 1 96.51
98776 19980606 1 239.25
39606 19971214 6 30.86
69123 19980316 3 109.04
06097 19980321 9 217.61
00699 19980829 3 72.85
75530 19980204 2 152.53
64066 19971120 7 100.22
49983 19970214 8 248.64
31438 19980321 5 214.16
07721 19980112 1 95.77
39586 19970516 7 79.01
44594 19970211 4 131.82
46042 19971206 6 232.47
72734 19971024 8 16.24
62948 19980220 4 50.04
91373 19970122 5 185.46
60181 19981225 4 40.86
29546 19980211 9 58.13
32203 19980208 9 212.64
41126 19980509 1 220.02
31241 19980514 6 73.72
54745 19971224 3 189.59
96809 19981114 1 192.22
06122 19970122 7 230.18
87552 19970919 9 122.01
62084 19981209 1 237.07
25937 19970727 8 27.72
11921 19980515 8 139.14
11272 19980122 2 120.98
27829 19970731 3 114.66
08890 19980521 9 58.48
95291 19980516 3 56.11
89607 19980819 7 61.23
41689 19970928 8 11.87
35280 19971218 9 169.52
25105 19970731 9 61.39
86638 19971117 5 221.68
51848 19981007 7 171.31
60687 19980723 4 193.12
10620 19980809 6 131.61
68442 19970628 4 223.09
50996 19970114 8 247.03
17175 19970801 4 46.32
73314 19970806 9 118.95
56116 19980216 1 128.50
50398 19970709 1 198.21
19781 19970610 1 214.24
01187 19981113 5 116.92
56996 19980406 3 236.93
77661 19970226 6 223.10
95081 19970503 3 238.40
26361 19980203 9 166.41
75164 19970701 6 155.32
15102 19980916 7 34.18
97779 19980228 5 66.98
84431 19980110 3 23.00
49246 19970321 7 69.54
30942 19981225 4 128.57
60175 19970330 1 30.16
33114 19980927 1 153.34
30491 19970509 3 109.85
74806 19970407 5 227.72
42376 19981217 6 134.68
38724 19970329 3 190.92
78129 19970208 9 177.37
23601 19980824 3 59.05
93087 19970208 1 147.82
11116 19980706 6 68.08
31446 19970602 9 128.85
05168 19980922 8 190.64
24570 19980505 6 147.57
73977 19970419 7 157.22
56030 19980507 3 90.58
13958 19970406 3 143.06
72907 19971127 7 135.69
02468 19980319 8 105.38
19627 19981002 7 33.30
08661 19981226 5 150.48
27068 19980901 3 247.41
65091 19981118 6 68.75
88784 19980720 4 63.55
45178 19970223 8 178.65
30716 19970404 7 229.64
96646 19981023 8 130.30
83916 19980308 3 210.45
55818 19970420 1 7.19
19129 19970713 2 37.18
27180 19970904 5 236.66
79141 19981221 1 178.48
14067 19980323 9 234.24
83170 19980919 8 166.88
27248 19970625 1 152.60
72237 19971028 3 188.25
32755 19980927 4 243.89
22048 19980413 7 184.29
98561 19970809 5 81.27
14922 19970812 6 19.32
24619 19981110 9 139.52
60372 19981230 2 6.04
01506 19980509 2 99.54
65803 19970804 5 97.01
69210 19980402 9 217.56
73275 19981008 3 25.39
68095 19970608 4 64.09
96327 19970410 6 180.62
28920 19970130 7 118.11
27014 19980123 6 137.07
74705 19981004 9 245.53
71261 19980428 4 237.03
48557 19971029 5 109.68
37262 19970629 6 42.51
52711 19970505 6 131.83
71310 19971006 9 192.31
30020 19981206 3 193.48
44650 19980211 1 191.30
13757 19970705 9 107.72
84499 19970817 3 222.90
75803 19980725 8 209.23
09212 19970808 8 155.82
13930 19970921 6 212.33
97221 19970113 3 166.37
59480 19980923 5 18.21
51471 19970412 7 161.74
08148 19971014 9 197.31
95267 19980404 3 105.13
42779 19981225 4 246.60
12308 19981115 5 88.35
75912 19981023 5 184.70
06427 19980205 4 12.82
89013 19970209 7 83.70
59729 19980710 8 61.44
84929 19980201 3 82.37
25467 19970930 4 147.86
32646 19970913 4 25.13
93910 19981209 2 243.07
31877 19981217 1 12.20
00395 19981228 6 54.50
35735 19970830 6 35.12
15060 19970408 3 198.58
31381 19980812 4 163.95
46495 19970527 7 200.53
58238 19980927 1 52.32
14683 19980308 8 90.28
15422 19971225 1 155.61
88077 19971203 1 57.13
55854 19970708 7 32.84
33339 19971110 2 52.85
41125 19980427 5 60.67
97150 19970320 4 228.64
71043 19970909 4 145.68
88666 19980727 4 38.50
14222 19980411 5 66.88
50145 19980617 3 228.85
85716 19971119 9 85.42
57774 19980809 4 223.47
33040 19971125 1 121.96
92642 19970501 1 212.74
89021 19981114 5 167.98
93078 19971217 2 191.15
37959 19970924 2 79.43
63695 19981211 2 219.27
64978 19981110 6 168.59
64645 19980518 6 229.54
70188 19970817 1 179.92
80555 19981014 6 112.81
20872 19970819 5 172.64
56831 19971130 5 76.42
85493 19980922 8 241.13
14834 19970430 8 118.70
13602 19970224 7 32.00
81402 19970714 3 34.38
41550 19970313 7 44.38
34003 19980424 9 142.76
41784 19981112 4 130.65
05665 19970531 3 98.99
67559 19981222 1 60.83
10768 19970630 8 60.82
45158 19981029 2 240.27
32661 19970227 2 150.10